SOC,Temperature,Grid_Load,Cloud_Cover,Decision,Current
43.6,37.64,82.0,55,START_CHARGING,32
42.16,37.064,82.0,55,START_CHARGING,32
42.16,37.064,82.0,55,START_CHARGING,32
42.16,37.064,82.0,55,START_CHARGING,32
42.16,37.064,82.0,55,START_CHARGING,32
42.0,37.0,89.0,55,WAIT,0
49.16,37.064,44.0,55,START_CHARGING,32
42.8,37.32,82.0,98,START_CHARGING,16
57.8,37.32,82.0,55,START_CHARGING,16
43.6,37.64,68.37,100,START_CHARGING,32
45.2,38.28,68.37,100,START_CHARGING,32
46.8,38.92,68.37,100,START_CHARGING,32
48.4,39.56,68.37,100,START_CHARGING,32
50.0,40.2,68.37,100,START_CHARGING,32
51.6,40.84,68.37,100,START_CHARGING,32
53.2,41.48,68.37,100,START_CHARGING,32
54.8,42.12,68.37,100,START_CHARGING,32
55.6,42.44,68.37,100,START_CHARGING,16
56.4,42.76,68.37,100,START_CHARGING,16
57.2,43.08,68.37,100,START_CHARGING,16
58.0,43.4,68.37,100,START_CHARGING,16
58.8,43.72,68.37,100,START_CHARGING,16
59.6,44.04,68.37,100,START_CHARGING,16
60.4,44.36,68.37,100,START_CHARGING,16
61.2,44.68,68.37,100,START_CHARGING,16
62.0,45.0,68.37,100,START_CHARGING,16
62.8,45.32,68.37,100,START_CHARGING,16
63.6,45.64,68.37,100,START_CHARGING,16
64.4,45.96,68.37,100,START_CHARGING,16
65.2,46.28,68.37,100,START_CHARGING,16
66.0,46.6,68.37,100,START_CHARGING,16
66.8,46.92,68.37,100,START_CHARGING,16
67.6,47.24,68.37,100,START_CHARGING,16
68.4,47.56,68.37,100,START_CHARGING,16
68.4,47.56,68.37,100,STOP_CHARGING,0
68.4,47.56,68.37,100,STOP_CHARGING,0
68.4,47.56,68.37,100,STOP_CHARGING,0
68.4,47.56,68.37,100,STOP_CHARGING,0
68.4,47.56,68.37,100,STOP_CHARGING,0
68.4,47.56,68.37,100,STOP_CHARGING,0
68.4,47.56,68.37,100,STOP_CHARGING,0
68.4,47.56,68.37,100,STOP_CHARGING,0
68.4,47.56,68.37,100,STOP_CHARGING,0
68.4,47.56,68.37,100,STOP_CHARGING,0
68.4,47.56,68.37,100,STOP_CHARGING,0
68.4,47.56,68.37,100,STOP_CHARGING,0
68.4,47.56,68.37,100,STOP_CHARGING,0
68.4,47.56,68.37,100,STOP_CHARGING,0
68.4,47.56,68.37,100,STOP_CHARGING,0
68.4,47.56,68.37,100,STOP_CHARGING,0
68.4,47.56,68.37,100,STOP_CHARGING,0
68.4,47.56,68.37,100,STOP_CHARGING,0
68.4,47.56,68.37,100,STOP_CHARGING,0
68.4,47.56,68.37,100,STOP_CHARGING,0
68.4,47.56,68.37,100,STOP_CHARGING,0
68.4,47.56,68.37,100,STOP_CHARGING,0
68.4,47.56,68.37,100,STOP_CHARGING,0
68.4,47.56,68.37,100,STOP_CHARGING,0
68.4,47.56,68.37,100,STOP_CHARGING,0
68.4,47.56,68.37,100,STOP_CHARGING,0
