Region,State,Power_Station,Installed_Capacity_MW,Metric_1,Metric_2,Today_Program,Today_Actual
NORTHERN,DELHI,I.P.CCPP,270.0,0.81,0.88,94.63000000000001,118.07000000000001
NORTHERN,DELHI,PRAGATI CCGT-III,1500.0,6.969999999999999,6.779999999999999,789.3099999999998,984.8700000000001
NORTHERN,DELHI,PRAGATI CCPP,330.4,3.54,6.6,425.4199999999998,392.12
NORTHERN,DELHI,RITHALA CCPP,0.0,0.0,0.0,0.0,0.0
NORTHERN,HARYANA,PANIPAT TPS,710.0,11.52,14.06,1365.9599999999996,1462.7800000000002
NORTHERN,HARYANA,RAJIV GANDHI TPS,1200.0,18.61,18.66,1799.0300000000002,2034.1799999999998
NORTHERN,HARYANA,YAMUNA NAGAR TPS,600.0,11.55,9.940000000000001,1176.6500000000003,1011.87
NORTHERN,HARYANA,MAHATMA GANDHI TPS,1320.0,20.509999999999998,23.22,2376.7300000000005,2532.63
NORTHERN,HARYANA,INDIRA GANDHI STPP,1500.0,23.22,22.5,2772.0600000000004,2776.0
NORTHERN,HARYANA,FARIDABAD CCPP,431.59,0.30000000000000004,0.0,51.05000000000001,67.58
NORTHERN,HIMACHAL PRADESH,BASSI HPS,66.0,1.48,1.5899999999999999,147.0399999999999,144.37
NORTHERN,HIMACHAL PRADESH,GIRI BATA HPS,60.0,0.74,1.42,44.020000000000024,44.29
NORTHERN,HIMACHAL PRADESH,KASHANG INTEGRATED HEP,195.0,1.35,1.55,98.04999999999987,69.09
NORTHERN,HIMACHAL PRADESH,LARJI HPS,126.0,3.19,2.1,265.36999999999995,199.27999999999997
NORTHERN,HIMACHAL PRADESH,SAINJ HPS,100.0,2.45,2.52,160.34999999999988,154.57
NORTHERN,HIMACHAL PRADESH,SANJAY HPS,120.0,2.45,2.3099999999999996,226.34999999999974,208.57999999999998
NORTHERN,HIMACHAL PRADESH,SAWRA KUDDU HPS,111.0,1.39,2.33,105.97000000000001,87.94
NORTHERN,HIMACHAL PRADESH,SHANAN HPS,110.0,2.32,2.66,238.35999999999984,229.12
NORTHERN,HIMACHAL PRADESH,UHL-III HPS,99.99,2.03,1.82,169.69000000000003,138.92
NORTHERN,HIMACHAL PRADESH,ALLAIN DUHANGAN HPS,192.0,4.26,5.22,284.9799999999998,262.48
NORTHERN,HIMACHAL PRADESH,BAJOLI HOLI HPS,180.0,4.52,4.6000000000000005,380.9599999999996,335.63
NORTHERN,HIMACHAL PRADESH,BASPA HPS,300.0,7.61,7.93,536.0300000000003,439.19
NORTHERN,HIMACHAL PRADESH,BUDHIL HPS,70.0,1.68,1.85,123.64000000000016,117.32
NORTHERN,HIMACHAL PRADESH,CHANJU-I HPS,36.0,0.84,0.7,66.32000000000008,66.25
NORTHERN,HIMACHAL PRADESH,KARCHAM WANGTOO HPS,1045.0,26.42,27.21,1774.6600000000017,1433.27
NORTHERN,HIMACHAL PRADESH,KUTEHR HPS,240.0,5.87,6.04,501.0100000000001,445.28999999999996
NORTHERN,HIMACHAL PRADESH,MALANA HPS,86.0,2.16,2.22,134.67999999999992,118.37
NORTHERN,HIMACHAL PRADESH,MALANA-II HPS,100.0,2.55,2.63,142.65,88.2
NORTHERN,HIMACHAL PRADESH,SORANG HPS,100.0,2.26,2.51,161.9799999999999,128.4
NORTHERN,HIMACHAL PRADESH,TIDONG HPS,150.0,0.0,2.48,0.0,117.07
NORTHERN,HIMACHAL PRADESH,BAIRA SIUL HPS,180.0,2.39,0.0,276.9699999999997,274.15
NORTHERN,HIMACHAL PRADESH,BHAKRA LEFT HPS,630.0,8.39,6.99,636.9699999999997,712.2099999999999
NORTHERN,HIMACHAL PRADESH,BHAKRA RIGHT HPS,785.0,10.42,11.399999999999999,792.6599999999991,865.8299999999999
NORTHERN,HIMACHAL PRADESH,CHAMERA-I HPS,540.0,12.55,13.030000000000001,1085.649999999999,819.43
NORTHERN,HIMACHAL PRADESH,CHAMERA-II HPS,300.0,5.94,1.28,613.6200000000009,543.92
NORTHERN,HIMACHAL PRADESH,CHAMERA-III HPS,231.0,4.71,1.3099999999999998,461.32999999999953,456.39
NORTHERN,HIMACHAL PRADESH,DEHAR HPS,990.0,9.68,11.89,1102.6399999999999,1027.4
NORTHERN,HIMACHAL PRADESH,Dhaulasidh HPS,0.0,0.0,0.0,0.0,0.0
NORTHERN,HIMACHAL PRADESH,KOLDAM,800.0,19.19,21.06,1430.3700000000013,1020.04
NORTHERN,HIMACHAL PRADESH,NATHPA JHAKRI HPS,1500.0,38.13,39.42,2876.9900000000025,2343.53
NORTHERN,HIMACHAL PRADESH,PARBATI-II HPS,800.0,15.1,18.92,1091.3,944.52
NORTHERN,HIMACHAL PRADESH,PARBATI-III HPS,520.0,10.06,11.73,705.379999999999,557.8399999999999
NORTHERN,HIMACHAL PRADESH,PONG HPS,396.0,3.71,5.05,242.33000000000018,392.68000000000006
NORTHERN,HIMACHAL PRADESH,RAMPUR HPS,412.02000000000004,10.74,10.860000000000001,806.0200000000002,651.24
NORTHERN,HIMACHAL PRADESH,JAMMU AND KASHMIR,,,,,
NORTHERN,HIMACHAL PRADESH,PAMPORE GPS (Liq.),0.0,0.0,0.0,0.0,0.0
NORTHERN,HIMACHAL PRADESH,BAGLIHAR HPS,450.0,10.32,10.69,1058.3600000000008,963.53
NORTHERN,HIMACHAL PRADESH,BAGLIHAR II HPS,450.0,10.35,10.75,836.0500000000005,781.95
NORTHERN,HIMACHAL PRADESH,LOWER JHELUM HPS,105.0,2.06,1.9900000000000002,229.38000000000005,244.73000000000002
NORTHERN,HIMACHAL PRADESH,UPPER SINDH-II HPS,105.0,1.52,1.25,151.96000000000012,45.78
NORTHERN,HIMACHAL PRADESH,DULHASTI HPS,390.0,9.03,6.2,871.6899999999994,849.3700000000001
NORTHERN,HIMACHAL PRADESH,KIRU HPS,0.0,0.0,0.0,0.0,0.0
NORTHERN,HIMACHAL PRADESH,KISHANGANGA HPS,330.0,7.52,8.059999999999999,857.9599999999996,846.3400000000001
NORTHERN,HIMACHAL PRADESH,PAKAL DUL HPS,0.0,0.0,0.0,0.0,0.0
NORTHERN,HIMACHAL PRADESH,SALAL HPS,690.0,15.97,0.0,1413.3100000000006,1353.2399999999998
NORTHERN,HIMACHAL PRADESH,SEWA-II HPS,120.0,2.48,3.0900000000000003,232.03999999999976,164.91
NORTHERN,HIMACHAL PRADESH,URI-I HPS,480.0,11.13,10.989999999999998,1279.9900000000025,1319.3000000000002
NORTHERN,HIMACHAL PRADESH,URI-II HPS,240.0,5.55,5.55,640.649999999999,655.1800000000001
NORTHERN,LADAKH,CHUTAK HPS,44.0,1.0,1.07,85.0,72.02000000000001
NORTHERN,LADAKH,NIMMO BAZGO HPS,45.0,1.03,1.0299999999999998,88.69000000000003,83.36999999999999
NORTHERN,PUNJAB,GH TPS (LEH.MOH.),920.0,13.04,16.84,1556.9200000000005,1819.62
NORTHERN,PUNJAB,GOINDWAL SAHIB TPP,540.0,9.09,4.65,1080.0700000000006,1064.85
NORTHERN,PUNJAB,ROPAR TPS,840.0,12.8,6.58,1541.4,1155.8
NORTHERN,PUNJAB,ANANDPUR SAHIB-I HPS,67.0,1.23,1.32,87.29000000000006,92.88
NORTHERN,PUNJAB,ANANDPUR SAHIB-II HPS,67.0,1.26,1.3199999999999998,85.98000000000008,90.61
NORTHERN,PUNJAB,MUKERIAN-I HPS,45.0,0.77,4.1,51.71000000000007,232.55
NORTHERN,PUNJAB,MUKERIAN-II HPS,45.0,0.77,0.0,51.71000000000007,13.26
NORTHERN,PUNJAB,MUKERIAN-III HPS,58.5,1.03,0.0,65.69000000000003,16.15
NORTHERN,PUNJAB,MUKERIAN-IV HPS,58.5,1.03,0.0,65.69000000000003,15.78
NORTHERN,PUNJAB,RANJIT SAGAR HPS,600.0,5.48,5.99,486.0400000000004,621.03
NORTHERN,PUNJAB,SHAHPURKUNDI HPS,0.0,0.0,0.0,0.0,0.0
NORTHERN,PUNJAB,RAJPURA TPP,1400.0,27.84,27.71,3290.319999999998,3216.7
NORTHERN,PUNJAB,TALWANDI SABO TPP,1980.0,34.099999999999994,24.1,4036.2999999999975,3732.46
NORTHERN,PUNJAB,GANGUWAL HPS,77.65,1.35,1.7100000000000002,155.04999999999987,182.42
NORTHERN,PUNJAB,KOTLA HPS,77.65,1.35,1.78,155.04999999999987,181.6
NORTHERN,RAJASTHAN,CHHABRA-II TPP,1320.0,21.939999999999998,21.759999999999998,2589.6200000000013,2685.95
NORTHERN,RAJASTHAN,CHHABRA-I PH-1 TPP,500.0,5.0,8.78,831.0500000000002,1042.3400000000001
NORTHERN,RAJASTHAN,CHHABRA-I PH-2 TPP,500.0,9.03,9.07,1051.6900000000003,981.39
NORTHERN,RAJASTHAN,GIRAL TPS,250.0,0.0,0.0,0.0,0.0
NORTHERN,RAJASTHAN,KALISINDH TPS,1200.0,20.48,19.28,1907.0400000000022,2233.44
NORTHERN,RAJASTHAN,KOTA TPS,1240.0,11.36,13.37,2424.33,2091.49
NORTHERN,RAJASTHAN,SURATGARH STPS,1320.0,10.23,20.16,2401.2900000000004,2513.91
NORTHERN,RAJASTHAN,SURATGARH TPS,1500.0,13.620000000000001,18.81,2103.26,2172.16
NORTHERN,RAJASTHAN,DHOLPUR CCPP,330.0,0.18,0.0,25.139999999999993,6.24
NORTHERN,RAJASTHAN,RAMGARH CCPP,273.5,1.96,1.69,240.07999999999984,197.23000000000002
NORTHERN,RAJASTHAN,JAWAHAR SAGAR HPS,99.0,0.13,0.08,2.9899999999999984,6.0600000000000005
NORTHERN,RAJASTHAN,MAHI BAJAJ-I HPS,50.0,0.0,0.0,4.0,4.75
NORTHERN,RAJASTHAN,MAHI BAJAJ-II HPS,90.0,0.0,0.0,2.0,2.4299999999999997
NORTHERN,RAJASTHAN,R P SAGAR HPS,173.5,0.32,0.98,7.360000000000002,13.510000000000002
NORTHERN,RAJASTHAN,ADANI POWER LIMITED KAWAI TPP,1320.0,21.1,25.1,2541.300000000003,2983.6400000000003
NORTHERN,RAJASTHAN,JALIPA KAPURDI TPP,1080.0,17.88,20.09,2163.920000000001,1897.6600000000003
NORTHERN,RAJASTHAN,SHREE CEMENT LTD TPS,344.0,2.8,5.539999999999999,330.39999999999986,484.39000000000004
NORTHERN,RAJASTHAN,BARSINGSAR LIGNITE,250.0,4.16,5.79,434.67999999999995,455.18999999999994
NORTHERN,RAJASTHAN,ANTA CCPP,419.33,1.3599999999999999,0.0,153.0799999999999,64.49000000000001
NORTHERN,RAJASTHAN,DAE (RAJASTHAN),0.0,0.0,0.0,0.0,0.0
NORTHERN,RAJASTHAN,RAJASTHAN A.P.S.,1780.0,43.16,39.32,5483.639999999999,4405.88
NORTHERN,UTTARAKHAND,CHIBRO (YAMUNA) HPS,240.0,3.68,4.890000000000001,280.64000000000016,242.46
NORTHERN,UTTARAKHAND,CHILLA HPS,144.0,2.0,2.0900000000000003,204.0,216.22
NORTHERN,UTTARAKHAND,DHAKRANI HPS,33.75,0.68,0.77,41.63999999999999,48.849999999999994
NORTHERN,UTTARAKHAND,DHALIPUR HPS,51.0,0.81,1.21,74.63000000000005,72.06
NORTHERN,UTTARAKHAND,KHATIMA HPS,41.400000000000006,0.77,0.89,72.71,66.02
NORTHERN,UTTARAKHAND,KHODRI HPS,120.0,1.68,2.16,135.64000000000016,119.74000000000001
NORTHERN,UTTARAKHAND,KULHAL HPS,30.0,0.52,0.72,40.96000000000005,44.91
NORTHERN,UTTARAKHAND,MANERI BHALI-I HPS,90.0,1.45,2.2600000000000002,197.34999999999974,189.62
NORTHERN,UTTARAKHAND,MANERI BHALI-II HPS,304.0,6.29,6.9,467.67000000000047,432.88
NORTHERN,UTTARAKHAND,RAMGANGA HPS,198.0,0.0,0.0,95.0,163.29999999999998
NORTHERN,UTTARAKHAND,VYASI HPS,120.0,2.03,2.91,82.69000000000003,76.41
NORTHERN,UTTARAKHAND,BETA CCPP,0.0,0.0,0.0,0.0,0.0
NORTHERN,UTTARAKHAND,GAMA CCPP,225.0,1.03,0.0,119.69000000000003,23.07
NORTHERN,UTTARAKHAND,SRAVANTHI CCPP,439.0,1.73,0.0,188.15999999999994,18.35
NORTHERN,UTTARAKHAND,SHRINAGAR HPS,330.0,7.45,8.26,461.34999999999974,416.8
NORTHERN,UTTARAKHAND,SINGOLI BHATWARI HPS,99.0,2.52,2.58,154.96000000000006,138.6
NORTHERN,UTTARAKHAND,VISHNU PRAYAG HPS,400.0,9.61,10.42,774.0300000000003,677.39
NORTHERN,UTTARAKHAND,DHAULI GANGA HPS,280.0,6.71,6.75,445.32999999999953,371.40999999999997
NORTHERN,UTTARAKHAND,KOTESHWAR HPS,400.0,3.19,3.33,365.36999999999995,257.01
NORTHERN,UTTARAKHAND,NAITWAR MORI HPS,60.0,1.39,1.58,105.97000000000001,104.80000000000001
NORTHERN,UTTARAKHAND,TANAKPUR HPS,94.19999999999999,2.16,2.56,164.67999999999992,141.73999999999998
NORTHERN,UTTARAKHAND,TAPOVAN VISHNUGAD HPS,0.0,0.0,0.0,0.0,0.0
NORTHERN,UTTARAKHAND,TEHRI PSP,1000.0,3.16,4.58,380.6800000000006,422.37
NORTHERN,UTTARAKHAND,TEHRI ST-1 HPS,1000.0,5.68,6.78,744.6399999999988,521.07
NORTHERN,UTTARAKHAND,VISHNUGAD PIPALKOTI HPS,0.0,0.0,0.0,0.0,0.0
NORTHERN,UTTAR PRADESH,ANPARA TPS,2630.0,54.55,45.379999999999995,6321.650000000002,5983.929999999999
NORTHERN,UTTAR PRADESH,HARDUAGANJ TPS,1265.0,15.39,14.16,1835.9699999999998,1942.03
NORTHERN,UTTAR PRADESH,JAWAHARPUR STPP,1320.0,17.74,4.94,2126.019999999999,1628.82
NORTHERN,UTTAR PRADESH,OBRA TPS,2320.0,31.57,24.299999999999997,3768.1099999999988,4190.1900000000005
NORTHERN,UTTAR PRADESH,PANKI TPS EXT,660.0,6.77,10.68,790.7099999999996,1345.08
NORTHERN,UTTAR PRADESH,PARICHHA TPS,920.0,13.81,14.370000000000001,1646.63,1518.2000000000003
NORTHERN,UTTAR PRADESH,KHARA HPS,72.0,1.29,1.44,88.67000000000012,89.83000000000001
NORTHERN,UTTAR PRADESH,MATATILA HPS,30.599999999999998,0.19,0.0,14.369999999999989,8.530000000000001
NORTHERN,UTTAR PRADESH,OBRA HPS,99.0,0.81,0.69,63.63000000000005,84.87
NORTHERN,UTTAR PRADESH,RIHAND HPS,300.0,0.97,1.48,125.30999999999997,193.71
NORTHERN,UTTAR PRADESH,ANPARA C TPS,1200.0,24.68,14.04,2855.6400000000012,2732.88
NORTHERN,UTTAR PRADESH,BARKHERA TPS,90.0,1.1,1.44,131.29999999999987,134.8
NORTHERN,UTTAR PRADESH,KHAMBARKHERA TPS,90.0,1.1,1.45,131.29999999999987,135.41
NORTHERN,UTTAR PRADESH,KUNDARKI TPS,90.0,1.1,1.44,131.29999999999987,141.94
NORTHERN,UTTAR PRADESH,LALITPUR TPS,1980.0,34.7,32.459999999999994,4086.100000000001,4166.62
NORTHERN,UTTAR PRADESH,MAQSOODPUR TPS,90.0,1.1,1.44,131.29999999999987,140.21
NORTHERN,UTTAR PRADESH,PRAYAGRAJ TPP,1980.0,34.55,40.71,4061.650000000004,4398.4
NORTHERN,UTTAR PRADESH,ROSA TPP Ph-I,1200.0,19.909999999999997,18.52,2368.9299999999994,2412.16
NORTHERN,UTTAR PRADESH,UTRAULA TPS,90.0,1.1600000000000001,1.44,138.67999999999992,141.64999999999998
NORTHERN,UTTAR PRADESH,DADRI (NCTPP),1840.0,26.839999999999996,27.080000000000002,3190.3199999999997,3228.84
NORTHERN,UTTAR PRADESH,GHATAMPUR TPP,1980.0,29.49,20.98,2724.2700000000004,1838.31
NORTHERN,UTTAR PRADESH,KHURJA TPP,1320.0,21.880000000000003,28.8,2591.2400000000025,2732.48
NORTHERN,UTTAR PRADESH,MEJA STPP,1320.0,24.259999999999998,26.09,2867.9799999999996,2943.98
NORTHERN,UTTAR PRADESH,RIHAND STPS,3000.0,64.32,52.989999999999995,7300.359999999996,6993.72
NORTHERN,UTTAR PRADESH,SINGRAULI STPS,2000.0,41.59,39.75,4737.5700000000015,4642.48
NORTHERN,UTTAR PRADESH,TANDA TPS,1760.0,29.87,26.09,3525.0099999999993,2828.04
NORTHERN,UTTAR PRADESH,UNCHAHAR TPS,1550.0,25.78,24.75,3059.940000000001,3052.38
NORTHERN,UTTAR PRADESH,AURAIYA CCPP,663.3599999999999,1.8100000000000003,0.0,201.33000000000007,93.61999999999999
NORTHERN,UTTAR PRADESH,DADRI CCPP,829.78,2.2399999999999998,0.0,249.5200000000002,135.70000000000002
NORTHERN,UTTAR PRADESH,NARORA A.P.S.,440.0,8.26,10.27,973.9799999999998,963.3299999999999
WESTERN,UTTAR PRADESH,CHHATISGARH,,,,,
WESTERN,UTTAR PRADESH,DSPM TPS,500.0,9.75,10.280000000000001,1091.0,1120.4099999999999
WESTERN,UTTAR PRADESH,KORBA-WEST TPS,1340.0,23.18,22.11,2988.7400000000016,2280.2200000000003
WESTERN,UTTAR PRADESH,MARWA TPS,1000.0,19.07,14.68,2251.610000000001,2309.0699999999997
WESTERN,UTTAR PRADESH,HASDEOBANGO HPS,120.0,0.13,0.4,45.99000000000006,49.96
WESTERN,UTTAR PRADESH,ADANI POWER LIMITED RAIGARH TPP,600.0,11.26,13.07,1327.9799999999998,1406.13
WESTERN,UTTAR PRADESH,ADANI POWER LIMITED RAIPUR TPP,1370.0,24.64,16.32,2900.720000000002,2926.92
WESTERN,UTTAR PRADESH,BALCO TPS,600.0,9.739999999999998,11.43,1156.0199999999986,1380.1399999999999
WESTERN,UTTAR PRADESH,BANDAKHAR TPP,300.0,6.61,5.46,753.0300000000003,618.55
WESTERN,UTTAR PRADESH,BARADARHA TPS,1200.0,23.29,26.64,2757.669999999999,2917.89
WESTERN,UTTAR PRADESH,BINJKOTE TPP,600.0,11.16,7.13,1312.6800000000019,1284.9699999999998
WESTERN,UTTAR PRADESH,CHAKABURA TPP,30.0,0.58,0.25,67.33999999999996,65.35
WESTERN,UTTAR PRADESH,JSW Mahanadi Power Company Limited,1800.0,30.39,40.18,3578.9700000000057,3651.04
WESTERN,UTTAR PRADESH,KASAIPALLI TPP,270.0,4.8100000000000005,1.69,514.6299999999994,338.67
WESTERN,UTTAR PRADESH,KATGHORA TPP,0.0,0.0,0.0,0.0,0.0
WESTERN,UTTAR PRADESH,NAWAPARA TPP,600.0,10.68,12.11,1088.639999999999,1399.8200000000002
WESTERN,UTTAR PRADESH,OP JINDAL TPS,1000.0,20.58,24.2,2393.340000000002,2593.5
WESTERN,UTTAR PRADESH,PATHADI STAGE II,0.0,7.13,0.0,163.98999999999995,0.0
WESTERN,UTTAR PRADESH,PATHADI TPP,600.0,12.32,8.21,1426.360000000001,1346.26
WESTERN,UTTAR PRADESH,RATIJA TPS,100.0,1.8,1.1099999999999999,209.40000000000026,177.04
WESTERN,UTTAR PRADESH,SALORA TPP,0.0,0.0,0.0,0.0,0.0
WESTERN,UTTAR PRADESH,SVPL TPP,63.0,1.0,0.66,70.0,150.02
WESTERN,UTTAR PRADESH,SWASTIK KORBA TPP,0.0,0.0,0.0,0.0,0.0
WESTERN,UTTAR PRADESH,TAMNAR TPP,2400.0,38.58,42.14,5519.340000000004,5796.17
WESTERN,UTTAR PRADESH,UCHPINDA TPP,1440.0,20.699999999999996,29.29,2494.0999999999967,3348.2299999999996
WESTERN,UTTAR PRADESH,Vedanta Ltd Chhattisgarh TPP,600.0,9.13,0.0,1092.9900000000007,125.99
WESTERN,UTTAR PRADESH,BHILAI TPS,500.0,9.55,10.219999999999999,1131.65,1144.26
WESTERN,UTTAR PRADESH,KORBA STPS,2600.0,57.519999999999996,50.24,6157.5599999999995,5797.05
WESTERN,UTTAR PRADESH,LARA TPP,1600.0,35.29,33.94,4021.669999999999,3622.6099999999997
WESTERN,UTTAR PRADESH,SIPAT STPS,2980.0,60.44,55.57,6585.4699999999975,6625.18
WESTERN,GOA,GOA CCPP (Liq.),0.0,0.0,0.0,0.0,0.0
WESTERN,GUJARAT,AKRIMOTA LIG TPS,250.0,3.29,1.53,357.6700000000004,203.13
WESTERN,GUJARAT,BHAVNAGAR CFBC TPP,500.0,4.38,4.22,514.7400000000002,734.35
WESTERN,GUJARAT,GANDHI NAGAR TPS,630.0,8.049999999999999,8.81,829.699999999999,745.4300000000001
WESTERN,GUJARAT,KUTCH LIG. TPS,150.0,1.16,1.45,141.67999999999992,158.85
WESTERN,GUJARAT,SIKKA REP. TPS,500.0,3.45,2.01,400.35000000000036,317.82
WESTERN,GUJARAT,UKAI TPS,1110.0,13.23,7.65,1828.2899999999993,1444.04
WESTERN,GUJARAT,WANAKBORI TPS,2270.0,30.0,22.31,3761.0,3355.4700000000003
WESTERN,GUJARAT,DHUVARAN CCPP,594.72,0.31,0.0,90.13,45.239999999999995
WESTERN,GUJARAT,HAZIRA CCPP,0.0,0.0,0.0,0.0,0.0
WESTERN,GUJARAT,HAZIRA CCPP EXT,351.0,0.68,0.0,78.64000000000014,60.03
WESTERN,GUJARAT,PIPAVAV CCPP,702.0,0.8999999999999999,0.0,100.69999999999996,36.11
WESTERN,GUJARAT,UTRAN CCPP,374.0,1.0999999999999999,0.0,124.29999999999995,75.49
WESTERN,GUJARAT,KADANA HPS,240.0,1.13,0.0,56.99000000000006,44.72
WESTERN,GUJARAT,S SAROVAR CHPH HPS,250.0,0.87,1.5699999999999998,285.0100000000001,255.13000000000002
WESTERN,GUJARAT,S SAROVAR RBPH HPS,1200.0,11.23,0.0,573.2900000000004,475.67999999999995
WESTERN,GUJARAT,UKAI HPS,300.0,0.0,0.0,150.0,191.20000000000002
WESTERN,GUJARAT,ADANI POWER LIMITED MUNDRA TPP - I & II,2640.0,29.78,22.96,4751.880000000003,4449.61
WESTERN,GUJARAT,ADANI POWER LIMITED MUNDRA TPP - III,1980.0,28.94,39.64,3461.6200000000035,4085.79
WESTERN,GUJARAT,MUNDRA UMTPP,4000.0,46.05,64.63,4982.75,7898.410000000001
WESTERN,GUJARAT,SABARMATI (D-F STATIONS),362.0,7.9,7.49,910.6999999999997,794.51
WESTERN,GUJARAT,SALAYA TPP,1200.0,14.350000000000001,15.83,1697.0500000000006,1955.02
WESTERN,GUJARAT,SURAT LIG. TPS,500.0,5.51,6.95,827.7300000000005,956.9300000000001
WESTERN,GUJARAT,BARODA CCPP,0.0,0.0,0.0,0.0,0.0
WESTERN,GUJARAT,DGEN MEGA CCPP,1200.0,4.2299999999999995,3.1500000000000004,481.28999999999917,439.62
WESTERN,GUJARAT,ESSAR CCPP,515.0,0.0,0.0,0.0,0.0
WESTERN,GUJARAT,GIPCL. GT IMP,0.0,0.0,0.0,0.0,0.0
WESTERN,GUJARAT,SUGEN CCPP,1147.5,7.389999999999999,0.22,863.9699999999996,770.65
WESTERN,GUJARAT,UNOSUGEN CCPP,382.5,1.68,0.0,190.64000000000016,118.67
WESTERN,GUJARAT,GANDHAR CCPP,657.3900000000001,2.0999999999999996,0.0,235.07999999999987,104.7
WESTERN,GUJARAT,KAWAS CCPP,656.2,2.08,0.0,239.84000000000012,122.27
WESTERN,GUJARAT,KAKRAPARA,1840.0,33.19,38.89,3731.6199999999985,4498.59
WESTERN,MADHYA PRADESH,AMARKANTAK EXT TPS,210.0,0.0,0.0,358.0,453.0
WESTERN,MADHYA PRADESH,SANJAY GANDHI TPS,1340.0,20.45,19.43,2604.3500000000013,2593.6000000000004
WESTERN,MADHYA PRADESH,SATPURA TPS,500.0,11.11,11.14,1257.5300000000002,1169.0500000000002
WESTERN,MADHYA PRADESH,SHREE SINGAJI TPP,2520.0,29.29,36.44,4654.67,4890.18
WESTERN,MADHYA PRADESH,BANSAGAR-II HPS,30.0,0.32,0.16,23.360000000000007,37.58
WESTERN,MADHYA PRADESH,BANSAGAR-III HPS,60.0,0.48,1.08,11.040000000000006,49.169999999999995
WESTERN,MADHYA PRADESH,BANSAGAR TONS-I HPS,315.0,2.52,1.5100000000000002,213.96000000000024,293.19
WESTERN,MADHYA PRADESH,BARGI HPS,90.0,1.77,1.17,131.70999999999995,91.94
WESTERN,MADHYA PRADESH,GANDHI SAGAR HPS,115.0,0.32,0.9,11.360000000000007,6.65
WESTERN,MADHYA PRADESH,MADHIKHERA HPS,60.0,0.52,0.0,13.959999999999992,0.03
WESTERN,MADHYA PRADESH,RAJGHAT HPS,45.0,0.32,0.0,7.360000000000002,10.84
WESTERN,MADHYA PRADESH,ANUPPUR TPP,1250.0,22.259999999999998,22.42,2615.9799999999996,2815.16
WESTERN,MADHYA PRADESH,BINA TPS,500.0,4.55,10.64,1087.65,1030.38
WESTERN,MADHYA PRADESH,MAHAN TPP,1200.0,11.29,22.09,2352.669999999999,2745.2799999999997
WESTERN,MADHYA PRADESH,NIGRI TPP,1320.0,14.67,29.3,3097.710000000001,2999.52
WESTERN,MADHYA PRADESH,NIWARI TPP,90.0,1.52,0.88,181.95999999999992,184.07999999999998
WESTERN,MADHYA PRADESH,SASAN UMTPP,3960.0,76.78999999999999,80.78999999999999,9572.169999999995,8991.16
WESTERN,MADHYA PRADESH,GANDHI SAGAR PSP,0.0,0.55,0.0,12.650000000000004,0.0
WESTERN,MADHYA PRADESH,MAHESHWAR HPS,0.0,0.0,0.0,0.0,0.0
WESTERN,MADHYA PRADESH,GADARWARA TPP,1600.0,28.2,33.510000000000005,3318.6000000000013,3349.3900000000003
WESTERN,MADHYA PRADESH,KHARGONE STPP,1320.0,21.869999999999997,21.43,2631.009999999998,2701.76
WESTERN,MADHYA PRADESH,SEIONI TPP,600.0,0.0,0.0,958.0,1023.95
WESTERN,MADHYA PRADESH,VINDHYACHAL STPS,4760.0,83.75999999999999,93.84,10735.460000000003,10358.779999999999
WESTERN,MADHYA PRADESH,INDIRA SAGAR HPS,1000.0,6.94,3.81,656.6200000000011,612.59
WESTERN,MADHYA PRADESH,OMKARESHWAR HPS,520.0,4.19,4.33,366.36999999999995,356.42
WESTERN,MAHARASHTRA,BHUSAWAL TPS,1870.0,30.03,22.3,3285.7699999999986,3581.42
WESTERN,MAHARASHTRA,CHANDRAPUR(MAHARASHTRA) STPS,2920.0,36.739999999999995,32.33,5093.020000000002,5027.69
WESTERN,MAHARASHTRA,KHAPARKHEDA TPS,1340.0,22.61,21.97,2652.03,2553.72
WESTERN,MAHARASHTRA,KORADI TPS,2190.0,23.32,34.92,3806.36,3903.67
WESTERN,MAHARASHTRA,NASIK TPS,630.0,7.81,8.76,938.6300000000001,863.01
WESTERN,MAHARASHTRA,PARAS TPS,500.0,8.969999999999999,7.4799999999999995,1055.3100000000004,996.82
WESTERN,MAHARASHTRA,PARLI TPS,750.0,6.64,11.03,1138.6999999999996,1486.99
WESTERN,MAHARASHTRA,URAN CCPP,672.0,5.97,6.39,710.3099999999996,781.62
WESTERN,MAHARASHTRA,BHIRA TAIL RACE HPS,80.0,0.35,0.34,25.050000000000033,32.56
WESTERN,MAHARASHTRA,GHATGHAR PSS HPS,250.0,1.16,0.61,131.67999999999992,49.21
WESTERN,MAHARASHTRA,KOYNA DPH HPS,36.0,0.32,0.0,40.36000000000001,39.79
WESTERN,MAHARASHTRA,KOYNA-I&II HPS,600.0,0.58,1.06,328.33999999999963,359.78000000000003
WESTERN,MAHARASHTRA,KOYNA-III HPS,320.0,0.65,0.86,197.95000000000013,230.46
WESTERN,MAHARASHTRA,KOYNA-IV HPS,1000.0,1.61,0.0,536.0300000000003,640.5
WESTERN,MAHARASHTRA,PENCH HPS,160.0,0.74,0.53,57.020000000000046,19.240000000000002
WESTERN,MAHARASHTRA,TILLARI HPS,60.0,0.39,0.36,14.970000000000008,33.63
WESTERN,MAHARASHTRA,VAITARNA HPS,60.0,0.16,0.44,87.67999999999992,44.75
WESTERN,MAHARASHTRA,ADANI POWER LIMITED TIRODA TPP,3300.0,47.260000000000005,38.93,6848.980000000005,6997.360000000001
WESTERN,MAHARASHTRA,AMRAVATI TPS,1350.0,22.9,22.47,3294.5999999999995,3302.5
WESTERN,MAHARASHTRA,BELA TPS,270.0,5.0,4.79,604.0,472.81
WESTERN,MAHARASHTRA,BUTIBORI TPP,600.0,2.68,11.75,589.6400000000001,1491.6100000000001
WESTERN,MAHARASHTRA,DAHANU TPS,500.0,8.35,6.6,996.0500000000005,1028.27
WESTERN,MAHARASHTRA,DHARIWAL TPP,600.0,11.61,12.8,1375.0300000000002,1362.8400000000001
WESTERN,MAHARASHTRA,GEPL TPP Ph-I,120.0,0.0,0.0,0.0,0.0
WESTERN,MAHARASHTRA,GMR WARORA TPS,600.0,6.68,6.9,1351.639999999999,1329.13
WESTERN,MAHARASHTRA,JSW RATNAGIRI TPP,300.0,5.42,0.0,634.6599999999991,348.3
WESTERN,MAHARASHTRA,LANCO VIDARBHA TPP,0.0,0.0,0.0,0.0,0.0
WESTERN,MAHARASHTRA,MIHAN TPS,246.01,0.0,0.0,0.0,0.0
WESTERN,MAHARASHTRA,NASIK (P) TPS,0.0,0.0,0.0,0.0,0.0
WESTERN,MAHARASHTRA,SHIRPUR TPP,300.0,4.609999999999999,5.57,555.03,688.9300000000001
WESTERN,MAHARASHTRA,TROMBAY TPS,750.0,11.129999999999999,9.83,1323.9899999999998,1265.4099999999999
WESTERN,MAHARASHTRA,WARDHA WARORA TPP,540.0,11.11,8.12,1298.5299999999993,1087.88
WESTERN,MAHARASHTRA,MANGAON CCPP,0.0,0.0,0.0,0.0,0.0
WESTERN,MAHARASHTRA,TROMBAY CCPP,180.0,0.0,2.91,318.0100000000001,374.73
WESTERN,MAHARASHTRA,BHANDARDHARA HPS ST-II,34.0,0.26,0.55,20.98000000000003,14.53
WESTERN,MAHARASHTRA,BHIRA HPS,150.0,1.68,1.28,162.64000000000016,120.16
WESTERN,MAHARASHTRA,BHIRA PSS HPS,150.0,1.68,0.94,164.64000000000016,186.93
WESTERN,MAHARASHTRA,BHIVPURI HPS,75.0,0.16,0.17,101.67999999999992,113.3
WESTERN,MAHARASHTRA,KHOPOLI HPS,72.0,1.13,1.71,99.9899999999999,99.27000000000001
WESTERN,MAHARASHTRA,MAUDA TPS,2320.0,31.42,37.559999999999995,4702.620000000001,4893.3099999999995
WESTERN,MAHARASHTRA,SOLAPUR STPS,1320.0,9.13,9.62,2001.9900000000007,2248.34
WESTERN,MAHARASHTRA,RATNAGIRI CCPP,1967.08,3.0700000000000003,0.0,354.6100000000002,483.8399999999999
WESTERN,MAHARASHTRA,TARAPUR,1400.0,15.58,25.21,2812.28,2831.88
SOUTHERN,ANDHRA PRADESH,DAMODARAM SANJEEVAIAH TPS,2400.0,32.99,32.33,3952.77,4087.09
SOUTHERN,ANDHRA PRADESH,Dr. N.TATA RAO TPS,2560.0,31.759999999999998,36.489999999999995,4943.109999999997,5045.98
SOUTHERN,ANDHRA PRADESH,RAYALASEEMA TPS,1650.0,23.41,28.64,3016.66,3021.6
SOUTHERN,ANDHRA PRADESH,JEGURUPADU CCPP PH I,235.39999999999998,0.0,0.0,0.0,0.0
SOUTHERN,ANDHRA PRADESH,LOWER SILERU EXTENSION HPS,0.0,0.97,0.0,70.30999999999997,0.0
SOUTHERN,ANDHRA PRADESH,LOWER SILERU HPS,460.0,2.9,3.8600000000000003,280.6999999999999,395.30999999999995
SOUTHERN,ANDHRA PRADESH,NAGARJUN SGR RBC EXTN. HPS,0.0,0.0,0.0,0.0,0.0
SOUTHERN,ANDHRA PRADESH,NAGARJUN SGR RBC HPS,90.0,0.03,0.0,3.6899999999999955,2.02
SOUTHERN,ANDHRA PRADESH,NAGARJUN SGR TPD,50.0,0.13,0.0,7.9899999999999975,2.7600000000000002
SOUTHERN,ANDHRA PRADESH,POLAVARAM HPS,0.0,0.0,0.0,0.0,0.0
SOUTHERN,ANDHRA PRADESH,SRISAILAM HPS,770.0,2.74,0.0,83.02,4.23
SOUTHERN,ANDHRA PRADESH,UPPER SILERU HPS,240.0,0.97,0.0,121.30999999999997,190.66
SOUTHERN,ANDHRA PRADESH,MEENAKSHI ENERGY LTD,1000.0,6.9,15.239999999999998,789.7000000000003,1103.83
SOUTHERN,ANDHRA PRADESH,PAINAMPURAM TPP,1320.0,24.5,13.19,2560.0499999999984,2824.65
SOUTHERN,ANDHRA PRADESH,SGPL TPP,1320.0,27.259999999999998,29.67,3157.9799999999996,3079.71
SOUTHERN,ANDHRA PRADESH,SIMHAPURI TPS,600.0,8.669999999999998,9.1,1033.41,1066.69
SOUTHERN,ANDHRA PRADESH,VIZAG TPP,1040.0,14.75,22.28,1778.25,2272.39
SOUTHERN,ANDHRA PRADESH,GAUTAMI CCPP,0.0,0.0,0.0,0.0,0.0
SOUTHERN,ANDHRA PRADESH,GODAVARI CCPP,0.0,0.0,0.0,0.0,0.0
SOUTHERN,ANDHRA PRADESH,GREL CCPP (Rajahmundry),768.0,0.0,0.0,0.0,0.0
SOUTHERN,ANDHRA PRADESH,JEGURUPADU CCPP PH II,0.0,0.0,0.0,0.0,0.0
SOUTHERN,ANDHRA PRADESH,KONASEEMA CCPP,0.0,0.0,0.0,0.0,0.0
SOUTHERN,ANDHRA PRADESH,KONDAPALLI CCPP,0.0,0.0,0.0,0.0,0.0
SOUTHERN,ANDHRA PRADESH,KONDAPALLI EXTN CCPP,366.0,0.58,0.8400000000000001,67.33999999999996,121.44
SOUTHERN,ANDHRA PRADESH,KONDAPALLI ST-3 CCPP,0.0,0.0,0.0,0.0,0.0
SOUTHERN,ANDHRA PRADESH,PEDDAPURAM CCPP,0.0,0.0,0.0,0.0,0.0
SOUTHERN,ANDHRA PRADESH,VEMAGIRI CCPP,370.0,0.0,0.0,0.0,0.0
SOUTHERN,ANDHRA PRADESH,VIJJESWARAM CCPP,0.0,0.0,0.0,0.0,0.0
SOUTHERN,ANDHRA PRADESH,LVS POWER DG,36.8,0.0,0.0,0.0,0.0
SOUTHERN,ANDHRA PRADESH,CHITRAVATHI PSP,0.0,0.0,0.0,0.0,0.0
SOUTHERN,ANDHRA PRADESH,PINNAPURAM HPS,1680.0,0.0,10.639999999999999,0.0,1127.59
SOUTHERN,ANDHRA PRADESH,SIMHADRI,2000.0,30.740000000000002,35.97,3680.0200000000027,4321.95
SOUTHERN,KARNATAKA,BELLARY TPS,1700.0,17.42,30.020000000000003,2613.6600000000003,3433.5
SOUTHERN,KARNATAKA,RAICHUR TPS,1720.0,17.1,21.13,2601.7000000000007,2961.01
SOUTHERN,KARNATAKA,YERMARUS TPP,1600.0,21.38,22.91,2182.14,2774.04
SOUTHERN,KARNATAKA,YELAHANKA CCPP,370.04999999999995,1.6400000000000001,0.0,190.71999999999986,0.0
SOUTHERN,KARNATAKA,ALMATTI DPH HPS,290.0,2.48,5.99,63.039999999999964,27.2
SOUTHERN,KARNATAKA,BHADRA HPS,26.0,0.06,0.0,5.379999999999991,2.33
SOUTHERN,KARNATAKA,GERUSUPPA HPS,240.0,1.42,1.1,182.6599999999997,141.06
SOUTHERN,KARNATAKA,GHAT PRABHA HPS,32.0,0.03,0.0,11.689999999999985,12.84
SOUTHERN,KARNATAKA,HAMPI HPS,36.0,0.16,0.49,5.680000000000003,9.280000000000001
SOUTHERN,KARNATAKA,JOG HPS,139.2,1.52,1.6799999999999997,170.96000000000024,180.14999999999998
SOUTHERN,KARNATAKA,KADRA HPS,150.0,2.06,3.0,155.38000000000005,100.22999999999999
SOUTHERN,KARNATAKA,KALINADI HPS,900.0,6.19,7.34,1240.3700000000013,875.45
SOUTHERN,KARNATAKA,KALINADI SUPA HPS,100.0,1.45,0.0,149.34999999999985,126.35000000000001
SOUTHERN,KARNATAKA,KODASALI HPS,120.0,1.32,1.5399999999999998,154.35999999999984,98.65
SOUTHERN,KARNATAKA,LIGANAMAKKI HPS,55.0,0.26,0.0,41.979999999999954,23.64
SOUTHERN,KARNATAKA,MUNIRABAD HPS,28.0,0.16,0.14,3.680000000000001,1.47
SOUTHERN,KARNATAKA,SHARAVATHI HPS,1035.0,9.06,6.41,1477.3799999999987,1272.83
SOUTHERN,KARNATAKA,SIVASAMUNDRUM HPS,42.0,0.74,0.0,52.020000000000046,16.98
SOUTHERN,KARNATAKA,T B DAM HPS,36.0,0.13,0.11,5.9899999999999975,2.48
SOUTHERN,KARNATAKA,VARAHI HPS,460.0,4.13,4.99,366.9899999999999,383.17999999999995
SOUTHERN,KARNATAKA,ADANI POWER LIMITED UDUPI TPP,1200.0,14.26,16.25,1685.9799999999998,2205.6400000000003
SOUTHERN,KARNATAKA,TORANGALLU TPS(SBU-I),260.0,5.45,5.970000000000001,583.3499999999999,655.49
SOUTHERN,KARNATAKA,TORANGALLU TPS(SBU-II),600.0,4.24,4.77,869.0400000000002,1051.12
SOUTHERN,KARNATAKA,BELLARY DG,25.2,0.0,0.0,0.0,0.0
SOUTHERN,KARNATAKA,KUDGI STPP,2400.0,20.91,37.63,3528.9300000000007,4349.42
SOUTHERN,KARNATAKA,KAIGA,880.0,12.36,16.47,1457.2800000000002,1849.3600000000001
SOUTHERN,KERALA,BRAMHAPURAM DG,63.96,0.0,0.0,0.0,0.0
SOUTHERN,KERALA,KOZHIKODE DG,96.0,0.0,0.0,0.0,0.0
SOUTHERN,KERALA,IDAMALAYAR HPS,75.0,0.81,0.0,93.63000000000005,53.36
SOUTHERN,KERALA,IDUKKI HPS,780.0,6.45,1.86,1048.350000000001,725.56
SOUTHERN,KERALA,KAKKAD HPS,50.0,0.9,0.12,90.70000000000013,57.79
SOUTHERN,KERALA,KUTTIYADI ADDL EXTN,100.0,1.13,0.43000000000000005,91.9899999999999,88.09
SOUTHERN,KERALA,KUTTIYADI EXTN HPS,50.0,0.58,0.2,46.33999999999996,36.44
SOUTHERN,KERALA,KUTTIYADI HPS,75.0,0.87,0.0,69.00999999999998,34.37
SOUTHERN,KERALA,LOWER PERIYAR HPS,180.0,2.81,0.79,156.63000000000005,108.12
SOUTHERN,KERALA,NARIAMANGLAM HPS,52.650000000000006,1.74,0.32,93.01999999999992,54.56
SOUTHERN,KERALA,PALLIVASAL EXTN HPS,60.0,0.84,0.88,82.32000000000008,98.62
SOUTHERN,KERALA,PALLIVASAL HPS,37.5,0.55,0.0,52.649999999999935,0.0
SOUTHERN,KERALA,PANNIAR HPS,30.0,0.61,0.0,56.02999999999999,34.699999999999996
SOUTHERN,KERALA,PORINGALKUTTU HPS,36.0,0.77,0.19,36.710000000000015,24.22
SOUTHERN,KERALA,SABARIGIRI HPS,340.0,4.0,0.39,460.0,337.09999999999997
SOUTHERN,KERALA,SENGULAM HPS,48.0,1.1,0.56,127.29999999999987,62.46999999999999
SOUTHERN,KERALA,SHOLAYAR HPS,54.0,0.39,0.0,63.97000000000001,57.370000000000005
SOUTHERN,KERALA,THOTTIYAR HPS,40.0,0.48,0.37,39.03999999999996,30.42
SOUTHERN,KERALA,COCHIN CCPP (Liq.),0.0,0.0,0.0,0.0,0.0
SOUTHERN,KERALA,R. GANDHI CCPP (Liq.),359.58000000000004,0.0,0.0,0.0,0.0
SOUTHERN,KERALA,LAKSHADWEEP,,,,,
SOUTHERN,KERALA,LAKSHADWEEP DG,26.83,0.0,0.18,0.0,22.23
SOUTHERN,PUDUCHERRY,KARAIKAL CCPP,32.5,0.55,0.38,59.649999999999935,41.02
SOUTHERN,TAMIL NADU,ENNORE SCTPP,0.0,0.0,0.0,0.0,0.0
SOUTHERN,TAMIL NADU,METTUR TPS,840.0,13.73,12.680000000000001,1649.7900000000018,1940.0700000000002
SOUTHERN,TAMIL NADU,METTUR TPS-II,600.0,10.97,9.33,1295.3100000000006,1097.85
SOUTHERN,TAMIL NADU,NORTH CHENNAI TPS STAGE 1,630.0,10.25,10.09,1237.75,1217.0
SOUTHERN,TAMIL NADU,NORTH CHENNAI TPS STAGE 2,1200.0,17.53,16.56,2093.19,1365.25
SOUTHERN,TAMIL NADU,NORTH CHENNAI TPS STAGE 3,800.0,9.39,0.0,1103.9700000000007,1142.44
SOUTHERN,TAMIL NADU,TUTICORIN TPS,1050.0,12.669999999999998,12.969999999999999,1721.460000000001,1465.59
SOUTHERN,TAMIL NADU,UDANGUDI TPP,0.0,9.68,0.0,729.6399999999998,0.0
SOUTHERN,TAMIL NADU,BASIN BRIDGE GT (Liq.),120.0,0.0,0.0,0.0,0.0
SOUTHERN,TAMIL NADU,KOVIKALPAL CCPP,107.88,0.0,0.0,0.0,0.0
SOUTHERN,TAMIL NADU,KUTTALAM CCPP,100.0,1.42,1.9899999999999998,170.6600000000002,199.94
SOUTHERN,TAMIL NADU,VALUTHUR CCPP,186.20000000000002,1.77,2.32,199.7099999999999,186.52
SOUTHERN,TAMIL NADU,ALIYAR HPS,60.0,0.65,0.06,34.94999999999997,30.34
SOUTHERN,TAMIL NADU,BHAWANI BARRAGE-II HPS,30.0,0.39,0.0,18.970000000000013,3.16
SOUTHERN,TAMIL NADU,BHAWANI BARRAGE-III HPS,30.0,0.29,0.0,13.669999999999984,0.55
SOUTHERN,TAMIL NADU,BHAWANI KATTAL,30.0,0.26,0.04,13.979999999999995,1.28
SOUTHERN,TAMIL NADU,KADAMPARI HPS,400.0,1.13,0.0,118.9899999999999,39.68
SOUTHERN,TAMIL NADU,KODAYAR-I HPS,60.0,0.0,0.0,0.0,0.0
SOUTHERN,TAMIL NADU,KODAYAR-II HPS,40.0,0.19,0.04,16.36999999999999,16.86
SOUTHERN,TAMIL NADU,KUNDAH-I HPS,60.0,0.65,0.22,77.95000000000012,52.89
SOUTHERN,TAMIL NADU,KUNDAH-II HPS,175.0,1.45,0.54,162.34999999999974,143.68
SOUTHERN,TAMIL NADU,KUNDAH-III HPS,180.0,1.19,0.39,130.36999999999995,93.56
SOUTHERN,TAMIL NADU,KUNDAH-IV HPS,100.0,0.52,0.05,59.96000000000007,20.62
SOUTHERN,TAMIL NADU,KUNDAH PSP,0.0,0.48,0.0,11.040000000000006,0.0
SOUTHERN,TAMIL NADU,KUNDAH-V HPS,40.0,0.23,0.0,18.29000000000001,25.85
SOUTHERN,TAMIL NADU,LOWER METTUR-I HPS,30.0,0.39,0.05,19.970000000000013,3.0
SOUTHERN,TAMIL NADU,LOWER METTUR-II HPS,30.0,0.1,0.04,7.299999999999992,3.71
SOUTHERN,TAMIL NADU,LOWER METTUR-III HPS,30.0,0.13,0.03,9.99000000000001,2.75
SOUTHERN,TAMIL NADU,LOWER METTUR-IV HPS,30.0,0.06,0.01,7.379999999999991,1.65
SOUTHERN,TAMIL NADU,METTUR DAM HPS,50.0,0.39,0.2,32.97000000000001,29.86
SOUTHERN,TAMIL NADU,METTUR TUNNEL HPS,200.0,1.48,0.0,64.03999999999994,0.0
SOUTHERN,TAMIL NADU,MOYAR HPS,40.0,0.19,0.13,22.37000000000003,30.93
SOUTHERN,TAMIL NADU,PAPANASAM HPS,32.0,0.39,0.34,30.970000000000013,30.860000000000003
SOUTHERN,TAMIL NADU,PARSON`S VALLEY HPS,30.0,0.16,0.0,12.680000000000003,3.8
SOUTHERN,TAMIL NADU,PERIYAR HPS,168.0,1.65,0.53,78.95000000000003,39.6
SOUTHERN,TAMIL NADU,PYKARA HPS,59.2,0.13,0.01,10.990000000000018,12.86
SOUTHERN,TAMIL NADU,PYKARA ULTMATE HPS,150.0,1.0,0.05,94.0,83.58
SOUTHERN,TAMIL NADU,SARKARPATHY HPS,30.0,0.16,0.0,19.680000000000003,40.22
SOUTHERN,TAMIL NADU,SHOLAYAR HPS (TN),84.0,1.29,2.4,29.669999999999987,47.41
SOUTHERN,TAMIL NADU,SURULIYAR HPS,35.0,0.26,0.01,20.98000000000003,4.23
SOUTHERN,TAMIL NADU,ITPCL TPP,1200.0,19.88,21.34,2064.2400000000025,2160.14
SOUTHERN,TAMIL NADU,MUTHIARA TPP,1200.0,7.26,21.92,1654.0399999999993,2530.78
SOUTHERN,TAMIL NADU,NEYVELI TPS(Z),250.0,4.32,4.69,482.35999999999984,518.48
SOUTHERN,TAMIL NADU,OPG Power Generation Private Limited,414.0,5.23,4.7700000000000005,625.2900000000004,944.2
SOUTHERN,TAMIL NADU,TCP Limited,63.5,0.42,0.0,46.66000000000004,0.0
SOUTHERN,TAMIL NADU,Tulsyan NEC Limited,70.0,0.0,0.84,0.0,8.37
SOUTHERN,TAMIL NADU,TUTICORIN (P) TPP,300.0,0.0,3.08,0.0,340.6
SOUTHERN,TAMIL NADU,TUTICORIN TPP ST-IV,525.0,8.1,7.93,968.3000000000005,837.77
SOUTHERN,TAMIL NADU,KARUPPUR CCPP,0.0,0.0,0.0,0.0,0.0
SOUTHERN,TAMIL NADU,P.NALLUR CCPP,330.5,0.0,0.0,0.0,0.0
SOUTHERN,TAMIL NADU,VALANTARVY CCPP,0.0,0.0,0.0,0.0,0.0
SOUTHERN,TAMIL NADU,SAMALPATTI DG,105.7,0.0,0.0,0.0,0.0
SOUTHERN,TAMIL NADU,SAMAYANALLUR DG,106.001,0.0,0.0,0.0,0.0
SOUTHERN,TAMIL NADU,NEYVELI ( EXT) TPS,420.0,8.68,3.57,1011.6400000000001,793.31
SOUTHERN,TAMIL NADU,NEYVELI NEW TPP,1000.0,9.35,16.48,1968.0499999999995,1429.04
SOUTHERN,TAMIL NADU,NEYVELI TPS-II,1470.0,21.020000000000003,16.09,2717.3799999999997,2078.13
SOUTHERN,TAMIL NADU,NEYVELI TPS-II EXP,500.0,7.52,0.0,789.9599999999996,538.63
SOUTHERN,TAMIL NADU,NTPL TUTICORIN TPP,1000.0,17.36,15.36,1980.2800000000002,1932.24
SOUTHERN,TAMIL NADU,VALLUR TPP,1500.0,16.46,19.369999999999997,2853.6200000000003,2822.96
SOUTHERN,TAMIL NADU,BHAVINI PFBR,0.0,1.48,0.0,169.03999999999976,0.0
SOUTHERN,TAMIL NADU,KUDANKULAM,2000.0,37.480000000000004,49.18,4443.040000000001,5235.379999999999
SOUTHERN,TAMIL NADU,MADRAS A.P.S.,440.0,4.26,5.1,499.9799999999998,577.17
SOUTHERN,TELANGANA,BHADRADRI TPP,1080.0,17.67,14.2,2010.630000000001,2058.33
SOUTHERN,TELANGANA,KAKATIYA TPS,1100.0,19.65,20.33,1891.8500000000013,2374.89
SOUTHERN,TELANGANA,KOTHAGUDEM TPS (NEW),1000.0,12.190000000000001,16.619999999999997,1901.7999999999997,1957.8100000000002
SOUTHERN,TELANGANA,KOTHAGUDEM TPS (STAGE-7),800.0,13.94,10.89,1643.6200000000013,1391.05
SOUTHERN,TELANGANA,RAMAGUNDEM-B TPS,0.0,0.0,0.0,0.0,0.0
SOUTHERN,TELANGANA,SINGARENI TPP,1200.0,24.58,24.36,2382.2400000000007,2574.36
SOUTHERN,TELANGANA,YADADRI TPS,3200.0,32.45,34.97,4398.320000000001,2163.7700000000004
SOUTHERN,TELANGANA,LOWER JURALA HPS,240.0,1.13,0.0,31.98999999999998,1.6700000000000002
SOUTHERN,TELANGANA,NAGARJUN SGR HPS,815.5999999999999,0.77,1.5599999999999998,77.70999999999995,250.42999999999998
SOUTHERN,TELANGANA,NAGARJUN SGR LBC HPS,60.0,0.03,0.0,0.6900000000000004,0.0
SOUTHERN,TELANGANA,POCHAMPAD HPS,36.0,0.1,0.0,5.299999999999996,5.41
SOUTHERN,TELANGANA,PRIYADARSHNI JURALA HPS,234.0,1.16,0.0,32.68,0.0
SOUTHERN,TELANGANA,PULICHINTALA HPS,120.0,0.52,0.0,28.95999999999999,14.24
SOUTHERN,TELANGANA,SRISAILAM LB HPS,900.0,3.74,0.0,103.01999999999997,1.2
SOUTHERN,TELANGANA,RAMAGUNDEM STPS,2600.0,44.790000000000006,42.52,4997.07,4646.18
SOUTHERN,TELANGANA,TELANGANA STPP PH-1,1600.0,26.03,32.14,2560.6899999999996,3469.1099999999997
EASTERN,TELANGANA,ANDAMAN & NICOBAR ISLANDS,,,,,
EASTERN,TELANGANA,AND. NICOBAR DG,57.52,0.0,0.36,0.0,39.83
EASTERN,TELANGANA,AND. NICOBAR Pvt. DG,35.19,0.0,0.6,0.0,83.5
EASTERN,BIHAR,BARAUNI TPS,500.0,10.45,11.3,1081.3499999999997,929.92
EASTERN,BIHAR,BARH STPS,3300.0,45.52,55.230000000000004,6420.960000000005,6331.91
EASTERN,BIHAR,BUXAR TPP,660.0,12.969999999999999,12.52,1034.3100000000009,1132.98
EASTERN,BIHAR,KAHALGAON TPS,2340.0,41.81,47.92999999999999,5296.629999999999,5157.400000000001
EASTERN,BIHAR,MUZAFFARPUR TPS,390.0,7.22,8.1,836.0600000000006,860.36
EASTERN,BIHAR,NABINAGAR STPP,1980.0,36.2,38.42,4254.599999999996,4141.0599999999995
EASTERN,BIHAR,NABINAGAR TPP,1000.0,18.39,14.100000000000001,2166.9700000000007,2098.5699999999997
EASTERN,JHARKHAND,TENUGHAT TPS,420.0,3.03,7.68,683.6899999999994,810.55
EASTERN,JHARKHAND,SUBERNREKHA-I HPS,65.0,0.16,0.19,6.680000000000003,30.44
EASTERN,JHARKHAND,SUBERNREKHA-II HPS,65.0,0.16,0.2,6.680000000000003,29.75
EASTERN,JHARKHAND,JOJOBERA TPS,240.0,4.71,4.85,559.3300000000002,512.15
EASTERN,JHARKHAND,MAHADEV PRASAD STPP,540.0,10.42,10.64,1218.6600000000017,1224.1
EASTERN,JHARKHAND,MAITHON RB TPP,1050.0,19.61,20.44,2314.029999999999,2232.92
EASTERN,JHARKHAND,MAITRISHI USHA TPS,0.0,0.0,0.0,0.0,0.0
EASTERN,JHARKHAND,BOKARO TPS `A` EXP,500.0,9.03,10.2,1062.6899999999994,1128.02
EASTERN,JHARKHAND,CHANDRAPURA(DVC) TPS,500.0,9.1,10.7,1081.2999999999997,1113.87
EASTERN,JHARKHAND,KODARMA TPP,1000.0,17.68,19.0,2084.640000000001,2098.53
EASTERN,JHARKHAND,NORTH KARANPURA TPP,1980.0,36.879999999999995,42.730000000000004,4001.2400000000025,3903.96
EASTERN,JHARKHAND,PATRATU STPP,1600.0,17.29,33.400000000000006,1379.6700000000014,2200.97
EASTERN,JHARKHAND,PANCHET HPS,80.0,0.52,0.84,31.95999999999999,41.72
EASTERN,ODISHA,IB VALLEY TPS,1740.0,39.36,38.42,4394.2800000000025,4229.73
EASTERN,ODISHA,BALIMELA HPS,510.0,3.94,0.0,414.61999999999995,538.69
EASTERN,ODISHA,CHIPLIMA HPS,72.0,1.29,1.16,85.6700000000001,71.0
EASTERN,ODISHA,HIRAKUD HPS,287.8,3.26,4.45,193.97999999999982,142.76999999999998
EASTERN,ODISHA,MACHKUND HPS,114.75,1.84,0.0,202.32000000000008,137.47
EASTERN,ODISHA,RENGALI HPS,250.0,2.32,0.0,220.35999999999984,102.62
EASTERN,ODISHA,UPPER INDRAVATI HPS,600.0,3.55,0.0,372.65000000000026,609.59
EASTERN,ODISHA,UPPER KOLAB HPS,320.0,1.55,0.9,177.65000000000026,196.78
EASTERN,ODISHA,DERANG TPP,1200.0,23.32,27.14,2770.3599999999988,2846.84
EASTERN,ODISHA,JSW Energy Utkal Limited,700.0,11.48,15.469999999999999,1374.0400000000004,1236.03
EASTERN,ODISHA,KAMALANGA TPS,1050.0,15.190000000000001,13.05,2457.970000000001,2390.1000000000004
EASTERN,ODISHA,LANCO BABANDH TPP,0.0,0.0,0.0,0.0,0.0
EASTERN,ODISHA,Maadurga Thermal Power Company Ltd.,60.0,0.7,0.0,90.10000000000007,126.69999999999999
EASTERN,ODISHA,Malibrahamani TPP,0.0,4.45,0.0,372.34999999999974,0.0
EASTERN,ODISHA,VEDANTA TPP,600.0,8.71,10.56,1047.3300000000008,964.94
EASTERN,ODISHA,DARLIPALI STPS,1600.0,35.33,35.45,3237.5899999999983,3711.05
EASTERN,ODISHA,ROURKELA PP-II EXPANSION,0.0,0.0,0.0,0.0,0.0
EASTERN,ODISHA,TALCHER STPS,3000.0,65.05999999999999,53.53,7063.020000000004,6666.83
EASTERN,SIKKIM,TEESTA-III HPS,1200.0,14.03,0.0,1298.6899999999994,0.0
EASTERN,SIKKIM,CHUZACHEN HPS,110.0,2.58,2.92,188.3400000000003,216.89
EASTERN,SIKKIM,DIKCHU HPS,96.0,2.42,2.62,216.6599999999997,247.96
EASTERN,SIKKIM,JORETHANG LOOP,96.0,2.48,2.4299999999999997,168.03999999999985,163.53
EASTERN,SIKKIM,RONGNICHU HPS,113.0,2.42,2.7199999999999998,152.65999999999988,155.07
EASTERN,SIKKIM,TASHIDING HPS,97.0,2.35,2.54,164.04999999999987,145.54000000000002
EASTERN,SIKKIM,RANGIT HPS,60.0,1.29,1.42,119.67000000000014,131.82999999999998
EASTERN,SIKKIM,RANGIT-IV HPS,0.0,2.19,0.0,149.36999999999995,0.0
EASTERN,SIKKIM,TEESTA V HPS,510.0,10.48,10.879999999999999,872.0400000000004,107.44
EASTERN,WEST BENGAL,BAKRESWAR TPS,1050.0,16.769999999999996,22.580000000000002,2444.710000000001,2596.4800000000005
EASTERN,WEST BENGAL,BANDEL TPS,270.0,4.8,4.8100000000000005,575.4,569.82
EASTERN,WEST BENGAL,D.P.L. TPS,550.0,10.03,6.1,1013.6899999999994,1121.76
EASTERN,WEST BENGAL,KOLAGHAT TPS,840.0,13.610000000000001,11.129999999999999,1593.0300000000002,1609.78
EASTERN,WEST BENGAL,SAGARDIGHI TPS,2260.0,40.870000000000005,48.43,4719.010000000003,5111.82
EASTERN,WEST BENGAL,SANTALDIH TPS,500.0,11.22,9.76,1280.0600000000006,1223.6599999999999
EASTERN,WEST BENGAL,HALDIA GT (Liq.),0.0,0.0,0.0,0.0,0.0
EASTERN,WEST BENGAL,KASBA GT (Liq.),0.0,0.0,0.0,0.0,0.0
EASTERN,WEST BENGAL,JALDHAKA HPS ST-I,36.0,0.65,0.59,52.94999999999997,73.92
EASTERN,WEST BENGAL,PURULIA PSS HPS,900.0,3.71,1.9,325.32999999999964,342.61
EASTERN,WEST BENGAL,RAMMAM HPS,50.0,1.1,0.9099999999999999,68.30000000000001,61.18
EASTERN,WEST BENGAL,BUDGE BUDGE TPS,750.0,14.479999999999999,15.649999999999999,1719.0399999999981,1786.6100000000001
EASTERN,WEST BENGAL,HALDIA TPP,600.0,13.45,14.32,1537.350000000001,1618.87
EASTERN,WEST BENGAL,HIRANMAYE TPP,300.0,4.779999999999999,5.34,485.94000000000005,659.26
EASTERN,WEST BENGAL,SOUTHERN REPL. TPS,135.0,0.71,2.2800000000000002,160.23999999999972,297.99
EASTERN,WEST BENGAL,TITAGARH TPS,0.0,0.0,0.0,0.0,0.0
EASTERN,WEST BENGAL,DURGAPUR STEEL TPS,1000.0,17.84,18.869999999999997,2101.3200000000006,2186.0600000000004
EASTERN,WEST BENGAL,FARAKKA STPS,2100.0,28.26,35.709999999999994,4107.98,4010.13
EASTERN,WEST BENGAL,MEJIA TPS,2340.0,41.16,47.67,4584.679999999999,4737.8099999999995
EASTERN,WEST BENGAL,RAGHUNATHPUR TPP,1200.0,20.58,12.58,2451.3399999999992,1492.24
EASTERN,WEST BENGAL,MAITHON HPS,63.2,0.58,1.27,38.33999999999996,25.9
EASTERN,WEST BENGAL,TEESTA LOW DAM-III HPS,132.0,1.52,1.22,109.95999999999991,110.49
EASTERN,WEST BENGAL,TEESTA LOW DAM-IV HPS,160.0,3.35,3.6,234.04999999999987,274.33
NORTH EASTERN,ARUNACHAL PRADESH,KAMENG HPS,600.0,13.55,13.82,850.649999999999,1085.1100000000001
NORTH EASTERN,ARUNACHAL PRADESH,LOWER SUBANSIRI HEP,1000.0,30.23,20.83,2386.2900000000004,1667.63
NORTH EASTERN,ARUNACHAL PRADESH,PARE,110.0,1.65,1.15,149.95000000000013,147.54000000000002
NORTH EASTERN,ARUNACHAL PRADESH,RANGANADI HPS,405.0,5.42,0.0,376.66000000000037,272.02
NORTH EASTERN,ASSAM,LAKWA GT,97.2,1.29,0.53,149.43,86.79
NORTH EASTERN,ASSAM,LAKWA REPLACEMENT POWER PROJECT,69.75500000000001,1.18,1.3199999999999998,129.48000000000005,156.0
NORTH EASTERN,ASSAM,NAMRUP CCPP,139.4,2.39,1.98,238.96999999999989,165.29000000000002
NORTH EASTERN,ASSAM,KARBI LANGPI HPS,100.0,2.19,1.89,123.36999999999995,144.01
NORTH EASTERN,ASSAM,LOWER KOPILI HPS,0.0,2.0,0.0,150.0,0.0
NORTH EASTERN,ASSAM,BONGAIGAON TPP,750.0,12.41,11.53,1484.4300000000005,1488.67
NORTH EASTERN,ASSAM,KATHALGURI CCPP,291.0,4.74,3.4499999999999997,412.29999999999995,417.77
NORTH EASTERN,ASSAM,KHANDONG HPS,46.0,1.06,1.17,87.38000000000005,83.65
NORTH EASTERN,ASSAM,KOPILI HPS,200.0,4.68,4.77,307.64000000000016,313.49
NORTH EASTERN,MANIPUR,LEIMAKHONG DG,36.0,0.0,0.0,0.0,0.0
NORTH EASTERN,MANIPUR,LOKTAK HPS,105.0,1.32,2.35,78.35999999999993,120.52000000000001
NORTH EASTERN,MEGHALAYA,KYRDEMKULAI HPS,60.0,0.29,0.0,6.67,0.0
NORTH EASTERN,MEGHALAYA,MYNTDU(LESHKA) St-1 HPS,126.0,2.81,3.0,187.63000000000005,190.43
NORTH EASTERN,MEGHALAYA,NEW UMTRU HPS,40.0,0.84,0.88,56.32000000000008,55.45
NORTH EASTERN,MEGHALAYA,UMIAM HPS ST-I,36.0,0.45,0.12,26.349999999999984,34.269999999999996
NORTH EASTERN,MEGHALAYA,UMIAM HPS ST-IV,60.0,0.81,0.52,54.63000000000005,49.96
NORTH EASTERN,MIZORAM,TUIRIAL HPS,60.0,0.97,1.02,53.309999999999974,38.36
NORTH EASTERN,NAGALAND,DOYANG HPS,75.0,1.13,1.75,58.99000000000006,61.64
NORTH EASTERN,TRIPURA,BARAMURA GT,42.0,0.0,0.0,0.0,0.0
NORTH EASTERN,TRIPURA,ROKHIA GT,63.0,0.52,0.21,61.96000000000007,34.519999999999996
NORTH EASTERN,TRIPURA,AGARTALA GT,135.0,1.5,0.15,176.04,147.82
NORTH EASTERN,TRIPURA,MONARCHAK CCPP,101.0,1.23,1.21,139.29000000000008,217.20000000000002
NORTH EASTERN,TRIPURA,TRIPURA CCPP,726.6,5.48,11.620000000000001,1206.3400000000006,953.0
NORTH EASTERN,TRIPURA,BHUTAN IMP.,,,,,
NORTH EASTERN,TRIPURA,BHUTAN,,,,,
NORTH EASTERN,TRIPURA,CHUKHA,0.0,0.0,0.6,0.0,77.14
NORTH EASTERN,TRIPURA,KURICHU,0.0,0.0,1.06,0.0,52.03
NORTH EASTERN,TRIPURA,MANGDECHHU,0.0,14.16,18.31,389.6800000000002,723.03
NORTH EASTERN,TRIPURA,PUNATSANGCHHU-II,0.0,24.39,20.59,1120.97,1004.11
NORTH EASTERN,TRIPURA,TALA,0.0,0.0,15.92,0.0,556.03
