Region,Power_Station,Capacity_MW,Today's_Program,Today's_Actual
DEHAR HPS,Dhaulasidh HPS,0.0,0.0,0.0
TYPE:,PAMPORE GPS (Liq.),0.0,0.0,0.0
PRAYAGRAJ TPP,ROSA TPP Ph-I,1200.0,19.909999999999997,18.52
CHAKABURA TPP,JSW Mahanadi Power Company Limited,1800.0,30.39,40.18
UCHPINDA TPP,Vedanta Ltd Chhattisgarh TPP,600.0,9.13,0.0
SIPAT STPS,GOA,,,
TYPE:,GOA CCPP (Liq.),0.0,0.0,0.0
DHARIWAL TPP,GEPL TPP Ph-I,120.0,0.0,0.0
DAMODARAM SANJEEVAIAH TPS,Dr. N.TATA RAO TPS,2560.0,31.759999999999998,36.489999999999995
GODAVARI CCPP,GREL CCPP (Rajahmundry),768.0,0.0,0.0
TYPE:,COCHIN CCPP (Liq.),0.0,0.0,0.0
TYPE:,R. GANDHI CCPP (Liq.),359.58000000000004,0.0,0.0
TYPE:,BASIN BRIDGE GT (Liq.),120.0,0.0,0.0
NEYVELI TPS(Z),OPG Power Generation Private Limited,414.0,5.23,4.7700000000000005
NEYVELI TPS(Z),TCP Limited,63.5,0.42,0.0
NEYVELI TPS(Z),Tulsyan NEC Limited,70.0,0.0,0.84
TYPE:,AND. NICOBAR Pvt. DG,35.19,0.0,0.6
DERANG TPP,JSW Energy Utkal Limited,700.0,11.48,15.469999999999999
LANCO BABANDH TPP,Maadurga Thermal Power Company Ltd.,60.0,0.7,0.0
LANCO BABANDH TPP,Malibrahamani TPP,0.0,4.45,0.0
TYPE:,HALDIA GT (Liq.),0.0,0.0,0.0
TYPE:,KASBA GT (Liq.),0.0,0.0,0.0
KYRDEMKULAI HPS,MYNTDU(LESHKA) St-1 HPS,126.0,2.81,3.0
TALA,NaT,,,
