Region,State,Power_Station,Installed_Capacity_MW,Metric_1,Metric_2,Today_Program,Today_Actual,temperature,humidity,wind_speed,cloud_cover,ev_demand
NORTHERN,DELHI,I.P.CCPP,270.0,0.81,0.88,94.63,118.07,30.9,59,5.7,82,112.56370765056164
NORTHERN,DELHI,PRAGATI CCGT-III,1500.0,6.969999999999999,6.779999999999999,789.3099999999998,984.87,30.9,59,5.7,82,612.0347849414409
NORTHERN,DELHI,PRAGATI CCPP,330.4,3.54,6.6,425.4199999999998,392.12,30.9,59,5.7,82,238.79242690503463
NORTHERN,DELHI,RITHALA CCPP,0.0,0.0,0.0,0.0,0.0,30.9,59,5.7,82,76.15149282040127
NORTHERN,HARYANA,PANIPAT TPS,710.0,11.52,14.06,1365.9599999999996,1462.7800000000002,30.9,59,5.7,82,679.9043312638332
NORTHERN,HARYANA,RAJIV GANDHI TPS,1200.0,18.61,18.66,1799.0300000000002,2034.18,30.9,59,5.7,82,981.965152152541
NORTHERN,HARYANA,YAMUNA NAGAR TPS,600.0,11.55,9.94,1176.6500000000003,1011.87,30.9,59,5.7,82,573.7086407753696
NORTHERN,HARYANA,MAHATMA GANDHI TPS,1320.0,20.51,23.22,2376.7300000000005,2532.63,30.9,59,5.7,82,1249.4237364576456
NORTHERN,HARYANA,INDIRA GANDHI STPP,1500.0,23.22,22.5,2772.0600000000004,2776.0,30.9,59,5.7,82,1311.9262807032526
NORTHERN,HARYANA,FARIDABAD CCPP,431.59,0.3,0.0,51.05000000000001,67.58,30.9,59,5.7,82,118.89850217929822
NORTHERN,HIMACHAL PRADESH,BASSI HPS,66.0,1.48,1.59,147.0399999999999,144.37,30.9,59,5.7,82,44.477115359376896
NORTHERN,HIMACHAL PRADESH,GIRI BATA HPS,60.0,0.74,1.42,44.02000000000002,44.29,30.9,59,5.7,82,3.4295123214871595
NORTHERN,HIMACHAL PRADESH,KASHANG INTEGRATED HEP,195.0,1.35,1.55,98.04999999999988,69.09,30.9,59,5.7,82,68.9841135783017
NORTHERN,HIMACHAL PRADESH,LARJI HPS,126.0,3.19,2.1,265.36999999999995,199.28,30.9,59,5.7,82,2.9479877671101065
NORTHERN,HIMACHAL PRADESH,SAINJ HPS,100.0,2.45,2.52,160.34999999999988,154.57,30.9,59,5.7,82,0.0
NORTHERN,HIMACHAL PRADESH,SANJAY HPS,120.0,2.45,2.31,226.3499999999997,208.58,30.9,59,5.7,82,73.31762353795138
NORTHERN,HIMACHAL PRADESH,SAWRA KUDDU HPS,111.0,1.39,2.33,105.97,87.94,30.9,59,5.7,82,1.1844439832788112
NORTHERN,HIMACHAL PRADESH,SHANAN HPS,110.0,2.32,2.66,238.35999999999984,229.12,30.9,59,5.7,82,123.8603666297637
NORTHERN,HIMACHAL PRADESH,UHL-III HPS,99.99,2.03,1.82,169.69000000000003,138.92,30.9,59,5.7,82,25.165296223939443
NORTHERN,HIMACHAL PRADESH,ALLAIN DUHANGAN HPS,192.0,4.26,5.22,284.9799999999998,262.48,30.9,59,5.7,82,63.17681493323546
NORTHERN,HIMACHAL PRADESH,BAJOLI HOLI HPS,180.0,4.52,4.6000000000000005,380.9599999999996,335.63,30.9,59,5.7,82,234.53443844607773
NORTHERN,HIMACHAL PRADESH,BASPA HPS,300.0,7.61,7.93,536.0300000000003,439.19,30.9,59,5.7,82,209.38718497567322
NORTHERN,HIMACHAL PRADESH,BUDHIL HPS,70.0,1.68,1.85,123.64000000000016,117.32,30.9,59,5.7,82,60.80441023439619
NORTHERN,HIMACHAL PRADESH,CHANJU-I HPS,36.0,0.84,0.7,66.32000000000008,66.25,30.9,59,5.7,82,0.0
NORTHERN,HIMACHAL PRADESH,KARCHAM WANGTOO HPS,1045.0,26.42,27.21,1774.6600000000017,1433.27,30.9,59,5.7,82,702.8388637737409
NORTHERN,HIMACHAL PRADESH,KUTEHR HPS,240.0,5.87,6.04,501.0100000000001,445.29,30.9,59,5.7,82,219.66212948549332
NORTHERN,HIMACHAL PRADESH,MALANA HPS,86.0,2.16,2.22,134.67999999999992,118.37,30.9,59,5.7,82,2.6983211288848636
NORTHERN,HIMACHAL PRADESH,MALANA-II HPS,100.0,2.55,2.63,142.65,88.2,30.9,59,5.7,82,69.0649009172836
NORTHERN,HIMACHAL PRADESH,SORANG HPS,100.0,2.26,2.51,161.9799999999999,128.4,30.9,59,5.7,82,36.328065504059765
NORTHERN,HIMACHAL PRADESH,TIDONG HPS,150.0,0.0,2.48,0.0,117.07,30.9,59,5.7,82,54.74331251033617
NORTHERN,HIMACHAL PRADESH,BAIRA SIUL HPS,180.0,2.39,0.0,276.9699999999997,274.15,30.9,59,5.7,82,106.57466938853015
NORTHERN,HIMACHAL PRADESH,BHAKRA LEFT HPS,630.0,8.39,6.99,636.9699999999997,712.2099999999999,30.9,59,5.7,82,471.99790922544685
NORTHERN,HIMACHAL PRADESH,BHAKRA RIGHT HPS,785.0,10.42,11.4,792.6599999999991,865.8299999999999,30.9,59,5.7,82,463.4071387631033
NORTHERN,HIMACHAL PRADESH,CHAMERA-I HPS,540.0,12.55,13.03,1085.649999999999,819.43,30.9,59,5.7,82,355.88645355220496
NORTHERN,HIMACHAL PRADESH,CHAMERA-II HPS,300.0,5.94,1.28,613.6200000000009,543.92,30.9,59,5.7,82,303.6952456051594
NORTHERN,HIMACHAL PRADESH,CHAMERA-III HPS,231.0,4.71,1.3099999999999998,461.32999999999953,456.39,30.9,59,5.7,82,156.1638175014489
NORTHERN,HIMACHAL PRADESH,DEHAR HPS,990.0,9.68,11.89,1102.64,1027.4,30.9,59,5.7,82,569.9031797502378
NORTHERN,HIMACHAL PRADESH,Dhaulasidh HPS,0.0,0.0,0.0,0.0,0.0,30.9,59,5.7,82,0.0
NORTHERN,HIMACHAL PRADESH,KOLDAM,800.0,19.19,21.06,1430.3700000000013,1020.04,30.9,59,5.7,82,461.60669755507854
NORTHERN,HIMACHAL PRADESH,NATHPA JHAKRI HPS,1500.0,38.13,39.42,2876.9900000000025,2343.53,30.9,59,5.7,82,1172.2550617934564
NORTHERN,HIMACHAL PRADESH,PARBATI-II HPS,800.0,15.1,18.92,1091.3,944.52,30.9,59,5.7,82,534.7313289997705
NORTHERN,HIMACHAL PRADESH,PARBATI-III HPS,520.0,10.06,11.73,705.379999999999,557.8399999999999,30.9,59,5.7,82,309.7044140594985
NORTHERN,HIMACHAL PRADESH,PONG HPS,396.0,3.71,5.05,242.33000000000013,392.68000000000006,30.9,59,5.7,82,210.689585880588
NORTHERN,HIMACHAL PRADESH,RAMPUR HPS,412.02,10.74,10.86,806.0200000000002,651.24,30.9,59,5.7,82,307.24381522053557
NORTHERN,HIMACHAL PRADESH,PAMPORE GPS (Liq.),0.0,0.0,0.0,0.0,0.0,30.9,59,5.7,82,0.0
NORTHERN,HIMACHAL PRADESH,BAGLIHAR HPS,450.0,10.32,10.69,1058.3600000000008,963.53,30.9,59,5.7,82,429.88006145201064
NORTHERN,HIMACHAL PRADESH,BAGLIHAR II HPS,450.0,10.35,10.75,836.0500000000005,781.95,30.9,59,5.7,82,433.1361113109458
NORTHERN,HIMACHAL PRADESH,LOWER JHELUM HPS,105.0,2.06,1.99,229.38000000000005,244.73,30.9,59,5.7,82,130.82291447842306
NORTHERN,HIMACHAL PRADESH,UPPER SINDH-II HPS,105.0,1.52,1.25,151.96000000000012,45.78,30.9,59,5.7,82,0.0
NORTHERN,HIMACHAL PRADESH,DULHASTI HPS,390.0,9.03,6.2,871.6899999999994,849.3700000000001,30.9,59,5.7,82,414.4521984697398
NORTHERN,HIMACHAL PRADESH,KIRU HPS,0.0,0.0,0.0,0.0,0.0,30.9,59,5.7,82,0.0
NORTHERN,HIMACHAL PRADESH,KISHANGANGA HPS,330.0,7.52,8.059999999999999,857.9599999999996,846.3400000000001,30.9,59,5.7,82,354.18989998470215
NORTHERN,HIMACHAL PRADESH,PAKAL DUL HPS,0.0,0.0,0.0,0.0,0.0,30.9,59,5.7,82,30.583814442043394
NORTHERN,HIMACHAL PRADESH,SALAL HPS,690.0,15.97,0.0,1413.3100000000006,1353.2399999999998,30.9,59,5.7,82,696.3459761247975
NORTHERN,HIMACHAL PRADESH,SEWA-II HPS,120.0,2.48,3.0900000000000003,232.03999999999976,164.91,30.9,59,5.7,82,130.52800595580993
NORTHERN,HIMACHAL PRADESH,URI-I HPS,480.0,11.13,10.989999999999998,1279.9900000000025,1319.3000000000002,30.9,59,5.7,82,557.7591238388682
NORTHERN,HIMACHAL PRADESH,URI-II HPS,240.0,5.55,5.55,640.649999999999,655.1800000000001,30.9,59,5.7,82,282.6113812074393
NORTHERN,LADAKH,CHUTAK HPS,44.0,1.0,1.07,85.0,72.02000000000001,30.9,59,5.7,82,51.97117157017821
NORTHERN,LADAKH,NIMMO BAZGO HPS,45.0,1.03,1.0299999999999998,88.69000000000003,83.36999999999999,30.9,59,5.7,82,88.87525635611796
NORTHERN,PUNJAB,GH TPS (LEH.MOH.),920.0,13.04,16.84,1556.9200000000003,1819.62,30.9,59,5.7,82,841.8892881077354
NORTHERN,PUNJAB,GOINDWAL SAHIB TPP,540.0,9.09,4.65,1080.0700000000006,1064.85,30.9,59,5.7,82,497.65705116680914
NORTHERN,PUNJAB,ROPAR TPS,840.0,12.8,6.58,1541.4,1155.8,30.9,59,5.7,82,533.0032512996985
NORTHERN,PUNJAB,ANANDPUR SAHIB-I HPS,67.0,1.23,1.32,87.29000000000006,92.88,30.9,59,5.7,82,0.0
NORTHERN,PUNJAB,ANANDPUR SAHIB-II HPS,67.0,1.26,1.3199999999999998,85.98000000000008,90.61,30.9,59,5.7,82,86.9202911197099
NORTHERN,PUNJAB,MUKERIAN-I HPS,45.0,0.77,4.1,51.71000000000007,232.55,30.9,59,5.7,82,167.58200142854116
NORTHERN,PUNJAB,MUKERIAN-II HPS,45.0,0.77,0.0,51.71000000000007,13.26,30.9,59,5.7,82,8.453493920983307
NORTHERN,PUNJAB,MUKERIAN-III HPS,58.5,1.03,0.0,65.69000000000003,16.15,30.9,59,5.7,82,65.41164489460121
NORTHERN,PUNJAB,MUKERIAN-IV HPS,58.5,1.03,0.0,65.69000000000003,15.78,30.9,59,5.7,82,33.16880125238171
NORTHERN,PUNJAB,RANJIT SAGAR HPS,600.0,5.48,5.99,486.0400000000004,621.03,30.9,59,5.7,82,306.1560122697438
NORTHERN,PUNJAB,SHAHPURKUNDI HPS,0.0,0.0,0.0,0.0,0.0,30.9,59,5.7,82,18.069780275420698
NORTHERN,PUNJAB,RAJPURA TPP,1400.0,27.84,27.71,3290.319999999998,3216.7,30.9,59,5.7,82,1573.5818283232986
NORTHERN,PUNJAB,TALWANDI SABO TPP,1980.0,34.099999999999994,24.1,4036.2999999999975,3732.46,30.9,59,5.7,82,1788.1926980445025
NORTHERN,PUNJAB,GANGUWAL HPS,77.65,1.35,1.7100000000000002,155.04999999999987,182.42,30.9,59,5.7,82,162.8476827907003
NORTHERN,PUNJAB,KOTLA HPS,77.65,1.35,1.78,155.04999999999987,181.6,30.9,59,5.7,82,0.0
NORTHERN,RAJASTHAN,CHHABRA-II TPP,1320.0,21.94,21.76,2589.6200000000013,2685.95,30.9,59,5.7,82,1313.4751252187611
NORTHERN,RAJASTHAN,CHHABRA-I PH-1 TPP,500.0,5.0,8.78,831.0500000000002,1042.34,30.9,59,5.7,82,496.28835341190853
NORTHERN,RAJASTHAN,CHHABRA-I PH-2 TPP,500.0,9.03,9.07,1051.6900000000005,981.39,30.9,59,5.7,82,452.60563247670666
NORTHERN,RAJASTHAN,GIRAL TPS,250.0,0.0,0.0,0.0,0.0,30.9,59,5.7,82,42.08803882677512
NORTHERN,RAJASTHAN,KALISINDH TPS,1200.0,20.48,19.28,1907.0400000000025,2233.44,30.9,59,5.7,82,973.9975542699556
NORTHERN,RAJASTHAN,KOTA TPS,1240.0,11.36,13.37,2424.33,2091.49,30.9,59,5.7,82,1011.6124056081244
NORTHERN,RAJASTHAN,SURATGARH STPS,1320.0,10.23,20.16,2401.2900000000004,2513.91,30.9,59,5.7,82,1221.4196285755872
NORTHERN,RAJASTHAN,SURATGARH TPS,1500.0,13.62,18.81,2103.26,2172.16,30.9,59,5.7,82,1167.7587022370758
NORTHERN,RAJASTHAN,DHOLPUR CCPP,330.0,0.18,0.0,25.14,6.24,30.9,59,5.7,82,26.082489086317633
NORTHERN,RAJASTHAN,RAMGARH CCPP,273.5,1.96,1.69,240.07999999999984,197.23,30.9,59,5.7,82,79.49231985534061
NORTHERN,RAJASTHAN,JAWAHAR SAGAR HPS,99.0,0.13,0.08,2.9899999999999984,6.0600000000000005,30.9,59,5.7,82,0.0
NORTHERN,RAJASTHAN,MAHI BAJAJ-I HPS,50.0,0.0,0.0,4.0,4.75,30.9,59,5.7,82,55.1701058851037
NORTHERN,RAJASTHAN,MAHI BAJAJ-II HPS,90.0,0.0,0.0,2.0,2.43,30.9,59,5.7,82,30.909555482984224
NORTHERN,RAJASTHAN,R P SAGAR HPS,173.5,0.32,0.98,7.360000000000002,13.510000000000002,30.9,59,5.7,82,4.940989811648059
NORTHERN,RAJASTHAN,ADANI POWER LIMITED KAWAI TPP,1320.0,21.1,25.1,2541.300000000003,2983.6400000000003,30.9,59,5.7,82,1417.119371655668
NORTHERN,RAJASTHAN,JALIPA KAPURDI TPP,1080.0,17.88,20.09,2163.920000000001,1897.6600000000003,30.9,59,5.7,82,925.9178774674023
NORTHERN,RAJASTHAN,SHREE CEMENT LTD TPS,344.0,2.8,5.539999999999999,330.39999999999986,484.39,30.9,59,5.7,82,293.78824952664445
NORTHERN,RAJASTHAN,BARSINGSAR LIGNITE,250.0,4.16,5.79,434.68,455.19,30.9,59,5.7,82,184.4733453061324
NORTHERN,RAJASTHAN,ANTA CCPP,419.33,1.36,0.0,153.0799999999999,64.49000000000001,30.9,59,5.7,82,72.31239267011159
NORTHERN,RAJASTHAN,DAE (RAJASTHAN),0.0,0.0,0.0,0.0,0.0,30.9,59,5.7,82,0.0
NORTHERN,RAJASTHAN,RAJASTHAN A.P.S.,1780.0,43.16,39.32,5483.639999999999,4405.88,30.9,59,5.7,82,1956.176252593394
NORTHERN,UTTARAKHAND,CHIBRO (YAMUNA) HPS,240.0,3.68,4.890000000000001,280.64000000000016,242.46,30.9,59,5.7,82,147.7900138532288
NORTHERN,UTTARAKHAND,CHILLA HPS,144.0,2.0,2.0900000000000003,204.0,216.22,30.9,59,5.7,82,121.14076360899446
NORTHERN,UTTARAKHAND,DHAKRANI HPS,33.75,0.68,0.77,41.63999999999999,48.85,30.9,59,5.7,82,24.858172832123046
NORTHERN,UTTARAKHAND,DHALIPUR HPS,51.0,0.81,1.21,74.63000000000005,72.06,30.9,59,5.7,82,24.744643331242656
NORTHERN,UTTARAKHAND,KHATIMA HPS,41.400000000000006,0.77,0.89,72.71,66.02,30.9,59,5.7,82,0.0
NORTHERN,UTTARAKHAND,KHODRI HPS,120.0,1.68,2.16,135.64000000000016,119.74,30.9,59,5.7,82,44.863733861732044
NORTHERN,UTTARAKHAND,KULHAL HPS,30.0,0.52,0.72,40.96000000000005,44.91,30.9,59,5.7,82,5.328274173661523
NORTHERN,UTTARAKHAND,MANERI BHALI-I HPS,90.0,1.45,2.26,197.3499999999997,189.62,30.9,59,5.7,82,49.23413653891905
NORTHERN,UTTARAKHAND,MANERI BHALI-II HPS,304.0,6.29,6.9,467.67000000000047,432.88,30.9,59,5.7,82,210.68771441669955
NORTHERN,UTTARAKHAND,RAMGANGA HPS,198.0,0.0,0.0,95.0,163.29999999999998,30.9,59,5.7,82,115.22254284072692
NORTHERN,UTTARAKHAND,VYASI HPS,120.0,2.03,2.91,82.69000000000003,76.41,30.9,59,5.7,82,142.87329506052652
NORTHERN,UTTARAKHAND,BETA CCPP,0.0,0.0,0.0,0.0,0.0,30.9,59,5.7,82,8.728890641591947
NORTHERN,UTTARAKHAND,GAMA CCPP,225.0,1.03,0.0,119.69000000000004,23.07,30.9,59,5.7,82,55.85551953613822
NORTHERN,UTTARAKHAND,SRAVANTHI CCPP,439.0,1.73,0.0,188.16,18.35,30.9,59,5.7,82,69.46770421169164
NORTHERN,UTTARAKHAND,SHRINAGAR HPS,330.0,7.45,8.26,461.3499999999997,416.8,30.9,59,5.7,82,120.28143923504796
NORTHERN,UTTARAKHAND,SINGOLI BHATWARI HPS,99.0,2.52,2.58,154.96000000000006,138.6,30.9,59,5.7,82,68.96430622753915
NORTHERN,UTTARAKHAND,VISHNU PRAYAG HPS,400.0,9.61,10.42,774.0300000000003,677.39,30.9,59,5.7,82,333.96751049705136
NORTHERN,UTTARAKHAND,DHAULI GANGA HPS,280.0,6.71,6.75,445.32999999999953,371.41,30.9,59,5.7,82,313.72610562426433
NORTHERN,UTTARAKHAND,KOTESHWAR HPS,400.0,3.19,3.33,365.37,257.01,30.9,59,5.7,82,153.18595176094388
NORTHERN,UTTARAKHAND,NAITWAR MORI HPS,60.0,1.39,1.58,105.97,104.8,30.9,59,5.7,82,65.99736711668062
NORTHERN,UTTARAKHAND,TANAKPUR HPS,94.2,2.16,2.56,164.67999999999992,141.73999999999998,30.9,59,5.7,82,69.09041151473782
NORTHERN,UTTARAKHAND,TAPOVAN VISHNUGAD HPS,0.0,0.0,0.0,0.0,0.0,30.9,59,5.7,82,0.0
NORTHERN,UTTARAKHAND,TEHRI PSP,1000.0,3.16,4.58,380.6800000000006,422.37,30.9,59,5.7,82,376.089140725751
NORTHERN,UTTARAKHAND,TEHRI ST-1 HPS,1000.0,5.68,6.78,744.6399999999988,521.07,30.9,59,5.7,82,396.0246516343387
NORTHERN,UTTARAKHAND,VISHNUGAD PIPALKOTI HPS,0.0,0.0,0.0,0.0,0.0,30.9,59,5.7,82,39.55159735215234
NORTHERN,UTTAR PRADESH,ANPARA TPS,2630.0,54.55,45.38,6321.650000000002,5983.929999999999,30.9,59,5.7,82,2742.6026272602626
NORTHERN,UTTAR PRADESH,HARDUAGANJ TPS,1265.0,15.39,14.16,1835.97,1942.03,30.9,59,5.7,82,1036.701715546805
NORTHERN,UTTAR PRADESH,JAWAHARPUR STPP,1320.0,17.74,4.94,2126.019999999999,1628.82,30.9,59,5.7,82,779.435446860386
NORTHERN,UTTAR PRADESH,OBRA TPS,2320.0,31.57,24.3,3768.109999999999,4190.1900000000005,30.9,59,5.7,82,2053.4188546900136
NORTHERN,UTTAR PRADESH,PANKI TPS EXT,660.0,6.77,10.68,790.7099999999996,1345.08,30.9,59,5.7,82,746.554781290499
NORTHERN,UTTAR PRADESH,PARICHHA TPS,920.0,13.81,14.37,1646.63,1518.2000000000005,30.9,59,5.7,82,695.7531837434658
NORTHERN,UTTAR PRADESH,KHARA HPS,72.0,1.29,1.44,88.67000000000012,89.83000000000001,30.9,59,5.7,82,18.41711351986141
NORTHERN,UTTAR PRADESH,MATATILA HPS,30.6,0.19,0.0,14.369999999999989,8.530000000000001,30.9,59,5.7,82,12.984568254382062
NORTHERN,UTTAR PRADESH,OBRA HPS,99.0,0.81,0.69,63.63000000000005,84.87,30.9,59,5.7,82,23.624217294190043
NORTHERN,UTTAR PRADESH,RIHAND HPS,300.0,0.97,1.48,125.30999999999996,193.71,30.9,59,5.7,82,44.95082844669338
NORTHERN,UTTAR PRADESH,ANPARA C TPS,1200.0,24.68,14.04,2855.640000000001,2732.88,30.9,59,5.7,82,1276.5801487403014
NORTHERN,UTTAR PRADESH,BARKHERA TPS,90.0,1.1,1.44,131.29999999999987,134.8,30.9,59,5.7,82,14.30481431369477
NORTHERN,UTTAR PRADESH,KHAMBARKHERA TPS,90.0,1.1,1.45,131.29999999999987,135.41,30.9,59,5.7,82,91.34362153175908
NORTHERN,UTTAR PRADESH,KUNDARKI TPS,90.0,1.1,1.44,131.29999999999987,141.94,30.9,59,5.7,82,24.30478828830985
NORTHERN,UTTAR PRADESH,LALITPUR TPS,1980.0,34.7,32.459999999999994,4086.100000000001,4166.62,30.9,59,5.7,82,2041.144720250877
NORTHERN,UTTAR PRADESH,MAQSOODPUR TPS,90.0,1.1,1.44,131.29999999999987,140.21,30.9,59,5.7,82,30.42133538318815
NORTHERN,UTTAR PRADESH,PRAYAGRAJ TPP,1980.0,34.55,40.71,4061.650000000004,4398.4,30.9,59,5.7,82,2040.2569241897158
NORTHERN,UTTAR PRADESH,ROSA TPP Ph-I,1200.0,19.91,18.52,2368.9299999999994,2412.16,30.9,59,5.7,82,1185.5398608684836
NORTHERN,UTTAR PRADESH,UTRAULA TPS,90.0,1.16,1.44,138.67999999999992,141.64999999999998,30.9,59,5.7,82,8.616784178302233
NORTHERN,UTTAR PRADESH,DADRI (NCTPP),1840.0,26.84,27.08,3190.32,3228.84,30.9,59,5.7,82,1578.9089967302066
NORTHERN,UTTAR PRADESH,GHATAMPUR TPP,1980.0,29.49,20.98,2724.2700000000004,1838.31,30.9,59,5.7,82,1097.6811377141214
NORTHERN,UTTAR PRADESH,KHURJA TPP,1320.0,21.880000000000003,28.8,2591.2400000000025,2732.48,30.9,59,5.7,82,1210.6178382719386
NORTHERN,UTTAR PRADESH,MEJA STPP,1320.0,24.26,26.09,2867.98,2943.98,30.9,59,5.7,82,1384.8236929266154
NORTHERN,UTTAR PRADESH,RIHAND STPS,3000.0,64.32,52.99,7300.359999999996,6993.72,30.9,59,5.7,82,3260.4821397124215
NORTHERN,UTTAR PRADESH,SINGRAULI STPS,2000.0,41.59,39.75,4737.5700000000015,4642.48,30.9,59,5.7,82,2196.083143588866
NORTHERN,UTTAR PRADESH,TANDA TPS,1760.0,29.87,26.09,3525.01,2828.04,30.9,59,5.7,82,1333.368464456096
NORTHERN,UTTAR PRADESH,UNCHAHAR TPS,1550.0,25.78,24.75,3059.940000000001,3052.38,30.9,59,5.7,82,1387.4291693457862
NORTHERN,UTTAR PRADESH,AURAIYA CCPP,663.3599999999999,1.8100000000000005,0.0,201.33000000000007,93.62,30.9,59,5.7,82,163.04907828084487
NORTHERN,UTTAR PRADESH,DADRI CCPP,829.78,2.24,0.0,249.5200000000002,135.70000000000002,30.9,59,5.7,82,193.59623366165928
NORTHERN,UTTAR PRADESH,NARORA A.P.S.,440.0,8.26,10.27,973.9799999999998,963.33,30.9,59,5.7,82,463.8566425172939
WESTERN,UTTAR PRADESH,DSPM TPS,500.0,9.75,10.28,1091.0,1120.41,30.9,59,5.7,82,489.16276392107545
WESTERN,UTTAR PRADESH,KORBA-WEST TPS,1340.0,23.18,22.11,2988.7400000000016,2280.2200000000003,30.9,59,5.7,82,1124.7006848580504
WESTERN,UTTAR PRADESH,MARWA TPS,1000.0,19.07,14.68,2251.610000000001,2309.07,30.9,59,5.7,82,1088.2816236649342
WESTERN,UTTAR PRADESH,HASDEOBANGO HPS,120.0,0.13,0.4,45.99000000000006,49.96,30.9,59,5.7,82,2.2664290986816127
WESTERN,UTTAR PRADESH,ADANI POWER LIMITED RAIGARH TPP,600.0,11.26,13.07,1327.9799999999998,1406.13,30.9,59,5.7,82,745.740725557238
WESTERN,UTTAR PRADESH,ADANI POWER LIMITED RAIPUR TPP,1370.0,24.64,16.32,2900.720000000002,2926.92,30.9,59,5.7,82,1399.9596460455894
WESTERN,UTTAR PRADESH,BALCO TPS,600.0,9.739999999999998,11.43,1156.0199999999986,1380.14,30.9,59,5.7,82,582.4908251398676
WESTERN,UTTAR PRADESH,BANDAKHAR TPP,300.0,6.61,5.46,753.0300000000003,618.55,30.9,59,5.7,82,325.24768043169144
WESTERN,UTTAR PRADESH,BARADARHA TPS,1200.0,23.29,26.64,2757.669999999999,2917.89,30.9,59,5.7,82,1298.4219164886338
WESTERN,UTTAR PRADESH,BINJKOTE TPP,600.0,11.16,7.13,1312.680000000002,1284.9699999999998,30.9,59,5.7,82,643.3422301871226
WESTERN,UTTAR PRADESH,CHAKABURA TPP,30.0,0.58,0.25,67.33999999999996,65.35,30.9,59,5.7,82,88.5697789503702
WESTERN,UTTAR PRADESH,JSW Mahanadi Power Company Limited,1800.0,30.39,40.18,3578.9700000000057,3651.04,30.9,59,5.7,82,1689.3818840824147
WESTERN,UTTAR PRADESH,KASAIPALLI TPP,270.0,4.8100000000000005,1.69,514.6299999999994,338.67,30.9,59,5.7,82,224.1368064622161
WESTERN,UTTAR PRADESH,KATGHORA TPP,0.0,0.0,0.0,0.0,0.0,30.9,59,5.7,82,20.639046346824916
WESTERN,UTTAR PRADESH,NAWAPARA TPP,600.0,10.68,12.11,1088.639999999999,1399.8200000000002,30.9,59,5.7,82,691.0310079997246
WESTERN,UTTAR PRADESH,OP JINDAL TPS,1000.0,20.58,24.2,2393.340000000002,2593.5,30.9,59,5.7,82,1282.2396491326974
WESTERN,UTTAR PRADESH,PATHADI STAGE II,0.0,7.13,0.0,163.98999999999995,0.0,30.9,59,5.7,82,0.0
WESTERN,UTTAR PRADESH,PATHADI TPP,600.0,12.32,8.21,1426.360000000001,1346.26,30.9,59,5.7,82,590.8171917821255
WESTERN,UTTAR PRADESH,RATIJA TPS,100.0,1.8,1.11,209.40000000000023,177.04,30.9,59,5.7,82,41.340278518723835
WESTERN,UTTAR PRADESH,SALORA TPP,0.0,0.0,0.0,0.0,0.0,30.9,59,5.7,82,0.0
WESTERN,UTTAR PRADESH,SVPL TPP,63.0,1.0,0.66,70.0,150.02,30.9,59,5.7,82,65.60291452929481
WESTERN,UTTAR PRADESH,SWASTIK KORBA TPP,0.0,0.0,0.0,0.0,0.0,30.9,59,5.7,82,17.057598740832194
WESTERN,UTTAR PRADESH,TAMNAR TPP,2400.0,38.58,42.14,5519.340000000004,5796.17,30.9,59,5.7,82,2692.302539966501
WESTERN,UTTAR PRADESH,UCHPINDA TPP,1440.0,20.7,29.29,2494.0999999999967,3348.23,30.9,59,5.7,82,1596.6511624518014
WESTERN,UTTAR PRADESH,Vedanta Ltd Chhattisgarh TPP,600.0,9.13,0.0,1092.9900000000007,125.99,30.9,59,5.7,82,141.04609459389536
WESTERN,UTTAR PRADESH,BHILAI TPS,500.0,9.55,10.22,1131.65,1144.26,30.9,59,5.7,82,605.3807038578658
WESTERN,UTTAR PRADESH,KORBA STPS,2600.0,57.52,50.24,6157.56,5797.05,30.9,59,5.7,82,2695.587158338102
WESTERN,UTTAR PRADESH,LARA TPP,1600.0,35.29,33.94,4021.669999999999,3622.61,30.9,59,5.7,82,1825.052458329481
WESTERN,UTTAR PRADESH,SIPAT STPS,2980.0,60.44,55.57,6585.4699999999975,6625.18,30.9,59,5.7,82,3128.35536738825
WESTERN,GOA,GOA CCPP (Liq.),0.0,0.0,0.0,0.0,0.0,30.9,59,5.7,82,0.0
WESTERN,GUJARAT,AKRIMOTA LIG TPS,250.0,3.29,1.53,357.6700000000004,203.13,30.9,59,5.7,82,65.20737509694439
WESTERN,GUJARAT,BHAVNAGAR CFBC TPP,500.0,4.38,4.22,514.7400000000002,734.35,30.9,59,5.7,82,392.86362076215926
WESTERN,GUJARAT,GANDHI NAGAR TPS,630.0,8.049999999999999,8.81,829.699999999999,745.4300000000001,30.9,59,5.7,82,381.4988607337075
WESTERN,GUJARAT,KUTCH LIG. TPS,150.0,1.16,1.45,141.67999999999992,158.85,30.9,59,5.7,82,121.7400247046046
WESTERN,GUJARAT,SIKKA REP. TPS,500.0,3.45,2.01,400.3500000000004,317.82,30.9,59,5.7,82,225.78988122867722
WESTERN,GUJARAT,UKAI TPS,1110.0,13.23,7.65,1828.2899999999995,1444.04,30.9,59,5.7,82,740.4745543671563
WESTERN,GUJARAT,WANAKBORI TPS,2270.0,30.0,22.31,3761.0,3355.4700000000003,30.9,59,5.7,82,1640.3483140965798
WESTERN,GUJARAT,DHUVARAN CCPP,594.72,0.31,0.0,90.13,45.24,30.9,59,5.7,82,31.561638765706775
WESTERN,GUJARAT,HAZIRA CCPP,0.0,0.0,0.0,0.0,0.0,30.9,59,5.7,82,0.0
WESTERN,GUJARAT,HAZIRA CCPP EXT,351.0,0.68,0.0,78.64000000000014,60.03,30.9,59,5.7,82,119.48193971617363
WESTERN,GUJARAT,PIPAVAV CCPP,702.0,0.8999999999999999,0.0,100.69999999999996,36.11,30.9,59,5.7,82,130.4486872065102
WESTERN,GUJARAT,UTRAN CCPP,374.0,1.1,0.0,124.29999999999995,75.49,30.9,59,5.7,82,24.00906106440059
WESTERN,GUJARAT,KADANA HPS,240.0,1.13,0.0,56.99000000000006,44.72,30.9,59,5.7,82,62.5470462925591
WESTERN,GUJARAT,S SAROVAR CHPH HPS,250.0,0.87,1.5699999999999998,285.0100000000001,255.13,30.9,59,5.7,82,158.81786898644185
WESTERN,GUJARAT,S SAROVAR RBPH HPS,1200.0,11.23,0.0,573.2900000000004,475.68,30.9,59,5.7,82,326.0791281899434
WESTERN,GUJARAT,UKAI HPS,300.0,0.0,0.0,150.0,191.2,30.9,59,5.7,82,129.1662552972764
WESTERN,GUJARAT,ADANI POWER LIMITED MUNDRA TPP - I & II,2640.0,29.78,22.96,4751.880000000003,4449.61,30.9,59,5.7,82,2178.7544359223
WESTERN,GUJARAT,ADANI POWER LIMITED MUNDRA TPP - III,1980.0,28.94,39.64,3461.6200000000035,4085.79,30.9,59,5.7,82,1874.1674851084688
WESTERN,GUJARAT,MUNDRA UMTPP,4000.0,46.05,64.63,4982.75,7898.410000000001,30.9,59,5.7,82,3777.2533680174147
WESTERN,GUJARAT,SABARMATI (D-F STATIONS),362.0,7.9,7.49,910.6999999999996,794.51,30.9,59,5.7,82,400.14322631841173
WESTERN,GUJARAT,SALAYA TPP,1200.0,14.35,15.83,1697.0500000000006,1955.02,30.9,59,5.7,82,1016.1605621587639
WESTERN,GUJARAT,SURAT LIG. TPS,500.0,5.51,6.95,827.7300000000005,956.93,30.9,59,5.7,82,510.46210260174513
WESTERN,GUJARAT,BARODA CCPP,0.0,0.0,0.0,0.0,0.0,30.9,59,5.7,82,0.0
WESTERN,GUJARAT,DGEN MEGA CCPP,1200.0,4.23,3.1500000000000004,481.2899999999992,439.62,30.9,59,5.7,82,308.9567480042439
WESTERN,GUJARAT,ESSAR CCPP,515.0,0.0,0.0,0.0,0.0,30.9,59,5.7,82,103.00176336043299
WESTERN,GUJARAT,GIPCL. GT IMP,0.0,0.0,0.0,0.0,0.0,30.9,59,5.7,82,25.68929754561044
WESTERN,GUJARAT,SUGEN CCPP,1147.5,7.389999999999999,0.22,863.9699999999996,770.65,30.9,59,5.7,82,506.13738431530237
WESTERN,GUJARAT,UNOSUGEN CCPP,382.5,1.68,0.0,190.64000000000016,118.67,30.9,59,5.7,82,297.4795745327361
WESTERN,GUJARAT,GANDHAR CCPP,657.3900000000001,2.1,0.0,235.07999999999987,104.7,30.9,59,5.7,82,169.03302553465835
WESTERN,GUJARAT,KAWAS CCPP,656.2,2.08,0.0,239.8400000000001,122.27,30.9,59,5.7,82,204.11628200902996
WESTERN,GUJARAT,KAKRAPARA,1840.0,33.19,38.89,3731.619999999999,4498.59,30.9,59,5.7,82,2123.1360881746605
WESTERN,MADHYA PRADESH,AMARKANTAK EXT TPS,210.0,0.0,0.0,358.0,453.0,30.9,59,5.7,82,245.2695625652899
WESTERN,MADHYA PRADESH,SANJAY GANDHI TPS,1340.0,20.45,19.43,2604.3500000000013,2593.6000000000004,30.9,59,5.7,82,1222.676537767983
WESTERN,MADHYA PRADESH,SATPURA TPS,500.0,11.11,11.14,1257.5300000000002,1169.0500000000002,30.9,59,5.7,82,580.5684610246635
WESTERN,MADHYA PRADESH,SHREE SINGAJI TPP,2520.0,29.29,36.44,4654.67,4890.18,30.9,59,5.7,82,2295.4307392731216
WESTERN,MADHYA PRADESH,BANSAGAR-II HPS,30.0,0.32,0.16,23.360000000000007,37.58,30.9,59,5.7,82,7.691069662999556
WESTERN,MADHYA PRADESH,BANSAGAR-III HPS,60.0,0.48,1.08,11.040000000000006,49.17,30.9,59,5.7,82,4.399822608544831
WESTERN,MADHYA PRADESH,BANSAGAR TONS-I HPS,315.0,2.52,1.5100000000000002,213.96000000000024,293.19,30.9,59,5.7,82,168.61970696931613
WESTERN,MADHYA PRADESH,BARGI HPS,90.0,1.77,1.17,131.70999999999995,91.94,30.9,59,5.7,82,166.00892833367544
WESTERN,MADHYA PRADESH,GANDHI SAGAR HPS,115.0,0.32,0.9,11.360000000000008,6.65,30.9,59,5.7,82,0.0
WESTERN,MADHYA PRADESH,MADHIKHERA HPS,60.0,0.52,0.0,13.959999999999992,0.03,30.9,59,5.7,82,43.32500951872567
WESTERN,MADHYA PRADESH,RAJGHAT HPS,45.0,0.32,0.0,7.360000000000002,10.84,30.9,59,5.7,82,0.0
WESTERN,MADHYA PRADESH,ANUPPUR TPP,1250.0,22.26,22.42,2615.98,2815.16,30.9,59,5.7,82,1289.9674067105284
WESTERN,MADHYA PRADESH,BINA TPS,500.0,4.55,10.64,1087.65,1030.38,30.9,59,5.7,82,541.5995298483683
WESTERN,MADHYA PRADESH,MAHAN TPP,1200.0,11.29,22.09,2352.669999999999,2745.28,30.9,59,5.7,82,1281.3260009547732
WESTERN,MADHYA PRADESH,NIGRI TPP,1320.0,14.67,29.3,3097.710000000001,2999.52,30.9,59,5.7,82,1343.9207611035347
WESTERN,MADHYA PRADESH,NIWARI TPP,90.0,1.52,0.88,181.95999999999992,184.08,30.9,59,5.7,82,51.366814537001595
WESTERN,MADHYA PRADESH,SASAN UMTPP,3960.0,76.78999999999999,80.78999999999999,9572.169999999996,8991.16,30.9,59,5.7,82,4224.443887446734
WESTERN,MADHYA PRADESH,GANDHI SAGAR PSP,0.0,0.55,0.0,12.650000000000004,0.0,30.9,59,5.7,82,0.0
WESTERN,MADHYA PRADESH,MAHESHWAR HPS,0.0,0.0,0.0,0.0,0.0,30.9,59,5.7,82,10.822929479098743
WESTERN,MADHYA PRADESH,GADARWARA TPP,1600.0,28.2,33.510000000000005,3318.6000000000013,3349.3900000000003,30.9,59,5.7,82,1582.034591995191
WESTERN,MADHYA PRADESH,KHARGONE STPP,1320.0,21.87,21.43,2631.009999999998,2701.76,30.9,59,5.7,82,1246.1239826197093
WESTERN,MADHYA PRADESH,SEIONI TPP,600.0,0.0,0.0,958.0,1023.95,30.9,59,5.7,82,606.7772044662663
WESTERN,MADHYA PRADESH,VINDHYACHAL STPS,4760.0,83.75999999999999,93.84,10735.460000000005,10358.78,30.9,59,5.7,82,4889.207951115901
WESTERN,MADHYA PRADESH,INDIRA SAGAR HPS,1000.0,6.94,3.81,656.6200000000011,612.59,30.9,59,5.7,82,293.7788706671197
WESTERN,MADHYA PRADESH,OMKARESHWAR HPS,520.0,4.19,4.33,366.37,356.42,30.9,59,5.7,82,229.89071573847139
WESTERN,MAHARASHTRA,BHUSAWAL TPS,1870.0,30.03,22.3,3285.7699999999986,3581.42,30.9,59,5.7,82,1679.9786767615808
WESTERN,MAHARASHTRA,CHANDRAPUR(MAHARASHTRA) STPS,2920.0,36.74,32.33,5093.020000000002,5027.69,30.9,59,5.7,82,2491.697666739811
WESTERN,MAHARASHTRA,KHAPARKHEDA TPS,1340.0,22.61,21.97,2652.03,2553.72,30.9,59,5.7,82,1182.8619630783649
WESTERN,MAHARASHTRA,KORADI TPS,2190.0,23.32,34.92,3806.36,3903.67,30.9,59,5.7,82,1884.2311779266552
WESTERN,MAHARASHTRA,NASIK TPS,630.0,7.81,8.76,938.63,863.01,30.9,59,5.7,82,464.95336394902284
WESTERN,MAHARASHTRA,PARAS TPS,500.0,8.969999999999999,7.479999999999999,1055.3100000000004,996.82,30.9,59,5.7,82,517.0157597085062
WESTERN,MAHARASHTRA,PARLI TPS,750.0,6.64,11.03,1138.6999999999996,1486.99,30.9,59,5.7,82,647.2811796472113
WESTERN,MAHARASHTRA,URAN CCPP,672.0,5.97,6.39,710.3099999999996,781.62,30.9,59,5.7,82,396.7229382079526
WESTERN,MAHARASHTRA,BHIRA TAIL RACE HPS,80.0,0.35,0.34,25.05000000000004,32.56,30.9,59,5.7,82,1.2767344419521933
WESTERN,MAHARASHTRA,GHATGHAR PSS HPS,250.0,1.16,0.61,131.67999999999992,49.21,30.9,59,5.7,82,24.5175383713144
WESTERN,MAHARASHTRA,KOYNA DPH HPS,36.0,0.32,0.0,40.36000000000001,39.79,30.9,59,5.7,82,109.58871201405485
WESTERN,MAHARASHTRA,KOYNA-I&II HPS,600.0,0.58,1.06,328.33999999999963,359.78000000000003,30.9,59,5.7,82,254.1610855480478
WESTERN,MAHARASHTRA,KOYNA-III HPS,320.0,0.65,0.86,197.95000000000013,230.46,30.9,59,5.7,82,77.13980228324777
WESTERN,MAHARASHTRA,KOYNA-IV HPS,1000.0,1.61,0.0,536.0300000000003,640.5,30.9,59,5.7,82,452.0930973527388
WESTERN,MAHARASHTRA,PENCH HPS,160.0,0.74,0.53,57.020000000000046,19.24,30.9,59,5.7,82,137.80380985063167
WESTERN,MAHARASHTRA,TILLARI HPS,60.0,0.39,0.36,14.970000000000008,33.63,30.9,59,5.7,82,74.07526302755734
WESTERN,MAHARASHTRA,VAITARNA HPS,60.0,0.16,0.44,87.67999999999992,44.75,30.9,59,5.7,82,0.0
WESTERN,MAHARASHTRA,ADANI POWER LIMITED TIRODA TPP,3300.0,47.260000000000005,38.93,6848.980000000005,6997.360000000001,30.9,59,5.7,82,3269.732296356688
WESTERN,MAHARASHTRA,AMRAVATI TPS,1350.0,22.9,22.47,3294.5999999999995,3302.5,30.9,59,5.7,82,1586.845557459331
WESTERN,MAHARASHTRA,BELA TPS,270.0,5.0,4.79,604.0,472.81,30.9,59,5.7,82,194.240526719061
WESTERN,MAHARASHTRA,BUTIBORI TPP,600.0,2.68,11.75,589.6400000000001,1491.61,30.9,59,5.7,82,708.8349714073114
WESTERN,MAHARASHTRA,DAHANU TPS,500.0,8.35,6.6,996.0500000000004,1028.27,30.9,59,5.7,82,525.0397026714668
WESTERN,MAHARASHTRA,DHARIWAL TPP,600.0,11.61,12.8,1375.0300000000002,1362.84,30.9,59,5.7,82,588.7894764210959
WESTERN,MAHARASHTRA,GEPL TPP Ph-I,120.0,0.0,0.0,0.0,0.0,30.9,59,5.7,82,15.023732196909997
WESTERN,MAHARASHTRA,GMR WARORA TPS,600.0,6.68,6.9,1351.639999999999,1329.13,30.9,59,5.7,82,459.5886329965464
WESTERN,MAHARASHTRA,JSW RATNAGIRI TPP,300.0,5.42,0.0,634.6599999999991,348.3,30.9,59,5.7,82,133.10061793328552
WESTERN,MAHARASHTRA,LANCO VIDARBHA TPP,0.0,0.0,0.0,0.0,0.0,30.9,59,5.7,82,0.0
WESTERN,MAHARASHTRA,MIHAN TPS,246.01,0.0,0.0,0.0,0.0,30.9,59,5.7,82,0.0
WESTERN,MAHARASHTRA,NASIK (P) TPS,0.0,0.0,0.0,0.0,0.0,30.9,59,5.7,82,81.62056519658177
WESTERN,MAHARASHTRA,SHIRPUR TPP,300.0,4.609999999999999,5.57,555.03,688.9300000000001,30.9,59,5.7,82,249.06493110196843
WESTERN,MAHARASHTRA,TROMBAY TPS,750.0,11.13,9.83,1323.9899999999998,1265.41,30.9,59,5.7,82,596.6617756651508
WESTERN,MAHARASHTRA,WARDHA WARORA TPP,540.0,11.11,8.12,1298.5299999999993,1087.88,30.9,59,5.7,82,522.6890288643046
WESTERN,MAHARASHTRA,MANGAON CCPP,0.0,0.0,0.0,0.0,0.0,30.9,59,5.7,82,72.06366445330578
WESTERN,MAHARASHTRA,TROMBAY CCPP,180.0,0.0,2.91,318.0100000000001,374.73,30.9,59,5.7,82,105.09889244102806
WESTERN,MAHARASHTRA,BHANDARDHARA HPS ST-II,34.0,0.26,0.55,20.98000000000003,14.53,30.9,59,5.7,82,69.07018760774798
WESTERN,MAHARASHTRA,BHIRA HPS,150.0,1.68,1.28,162.64000000000016,120.16,30.9,59,5.7,82,71.07565305097934
WESTERN,MAHARASHTRA,BHIRA PSS HPS,150.0,1.68,0.94,164.64000000000016,186.93,30.9,59,5.7,82,48.19656744760246
WESTERN,MAHARASHTRA,BHIVPURI HPS,75.0,0.16,0.17,101.67999999999992,113.3,30.9,59,5.7,82,79.67517371316353
WESTERN,MAHARASHTRA,KHOPOLI HPS,72.0,1.13,1.71,99.9899999999999,99.27,30.9,59,5.7,82,60.4609847786735
WESTERN,MAHARASHTRA,MAUDA TPS,2320.0,31.42,37.56,4702.620000000001,4893.31,30.9,59,5.7,82,2275.313156142061
WESTERN,MAHARASHTRA,SOLAPUR STPS,1320.0,9.13,9.62,2001.9900000000007,2248.34,30.9,59,5.7,82,1100.8261042495012
WESTERN,MAHARASHTRA,RATNAGIRI CCPP,1967.08,3.0700000000000003,0.0,354.6100000000002,483.8399999999999,30.9,59,5.7,82,469.3323201569119
WESTERN,MAHARASHTRA,TARAPUR,1400.0,15.58,25.21,2812.28,2831.88,30.9,59,5.7,82,1348.4278672625626
SOUTHERN,ANDHRA PRADESH,DAMODARAM SANJEEVAIAH TPS,2400.0,32.99,32.33,3952.77,4087.09,30.9,59,5.7,82,2027.9425337260525
SOUTHERN,ANDHRA PRADESH,Dr. N.TATA RAO TPS,2560.0,31.76,36.49,4943.109999999997,5045.98,30.9,59,5.7,82,2481.692840807267
SOUTHERN,ANDHRA PRADESH,RAYALASEEMA TPS,1650.0,23.41,28.64,3016.66,3021.6,30.9,59,5.7,82,1394.2492250586577
SOUTHERN,ANDHRA PRADESH,JEGURUPADU CCPP PH I,235.4,0.0,0.0,0.0,0.0,30.9,59,5.7,82,141.96166873281334
SOUTHERN,ANDHRA PRADESH,LOWER SILERU EXTENSION HPS,0.0,0.97,0.0,70.30999999999997,0.0,30.9,59,5.7,82,0.0
SOUTHERN,ANDHRA PRADESH,LOWER SILERU HPS,460.0,2.9,3.86,280.6999999999999,395.31,30.9,59,5.7,82,219.53474524822084
SOUTHERN,ANDHRA PRADESH,NAGARJUN SGR RBC EXTN. HPS,0.0,0.0,0.0,0.0,0.0,30.9,59,5.7,82,29.415860324228827
SOUTHERN,ANDHRA PRADESH,NAGARJUN SGR RBC HPS,90.0,0.03,0.0,3.689999999999996,2.02,30.9,59,5.7,82,28.35759338675163
SOUTHERN,ANDHRA PRADESH,NAGARJUN SGR TPD,50.0,0.13,0.0,7.989999999999997,2.76,30.9,59,5.7,82,0.0
SOUTHERN,ANDHRA PRADESH,POLAVARAM HPS,0.0,0.0,0.0,0.0,0.0,30.9,59,5.7,82,0.0
SOUTHERN,ANDHRA PRADESH,SRISAILAM HPS,770.0,2.74,0.0,83.02,4.23,30.9,59,5.7,82,92.54195326705837
SOUTHERN,ANDHRA PRADESH,UPPER SILERU HPS,240.0,0.97,0.0,121.30999999999996,190.66,30.9,59,5.7,82,82.79576215278942
SOUTHERN,ANDHRA PRADESH,MEENAKSHI ENERGY LTD,1000.0,6.9,15.239999999999998,789.7000000000003,1103.83,30.9,59,5.7,82,634.0121048510512
SOUTHERN,ANDHRA PRADESH,PAINAMPURAM TPP,1320.0,24.5,13.19,2560.0499999999984,2824.65,30.9,59,5.7,82,1345.7107742982525
SOUTHERN,ANDHRA PRADESH,SGPL TPP,1320.0,27.26,29.67,3157.98,3079.71,30.9,59,5.7,82,1395.2385202369674
SOUTHERN,ANDHRA PRADESH,SIMHAPURI TPS,600.0,8.669999999999998,9.1,1033.41,1066.69,30.9,59,5.7,82,561.6559937716626
SOUTHERN,ANDHRA PRADESH,VIZAG TPP,1040.0,14.75,22.28,1778.25,2272.39,30.9,59,5.7,82,1080.3209760438306
SOUTHERN,ANDHRA PRADESH,GAUTAMI CCPP,0.0,0.0,0.0,0.0,0.0,30.9,59,5.7,82,40.64310594194801
SOUTHERN,ANDHRA PRADESH,GODAVARI CCPP,0.0,0.0,0.0,0.0,0.0,30.9,59,5.7,82,31.48144209618061
SOUTHERN,ANDHRA PRADESH,GREL CCPP (Rajahmundry),768.0,0.0,0.0,0.0,0.0,30.9,59,5.7,82,73.75024945389637
SOUTHERN,ANDHRA PRADESH,JEGURUPADU CCPP PH II,0.0,0.0,0.0,0.0,0.0,30.9,59,5.7,82,0.0
SOUTHERN,ANDHRA PRADESH,KONASEEMA CCPP,0.0,0.0,0.0,0.0,0.0,30.9,59,5.7,82,37.36468025616309
SOUTHERN,ANDHRA PRADESH,KONDAPALLI CCPP,0.0,0.0,0.0,0.0,0.0,30.9,59,5.7,82,30.518513271673243
SOUTHERN,ANDHRA PRADESH,KONDAPALLI EXTN CCPP,366.0,0.58,0.8400000000000001,67.33999999999996,121.44,30.9,59,5.7,82,102.4309203017926
SOUTHERN,ANDHRA PRADESH,KONDAPALLI ST-3 CCPP,0.0,0.0,0.0,0.0,0.0,30.9,59,5.7,82,5.8663691654390995
SOUTHERN,ANDHRA PRADESH,PEDDAPURAM CCPP,0.0,0.0,0.0,0.0,0.0,30.9,59,5.7,82,63.88324478942125
SOUTHERN,ANDHRA PRADESH,VEMAGIRI CCPP,370.0,0.0,0.0,0.0,0.0,30.9,59,5.7,82,25.921430558208503
SOUTHERN,ANDHRA PRADESH,VIJJESWARAM CCPP,0.0,0.0,0.0,0.0,0.0,30.9,59,5.7,82,27.354869058501897
SOUTHERN,ANDHRA PRADESH,LVS POWER DG,36.8,0.0,0.0,0.0,0.0,30.9,59,5.7,82,0.0
SOUTHERN,ANDHRA PRADESH,CHITRAVATHI PSP,0.0,0.0,0.0,0.0,0.0,30.9,59,5.7,82,0.0
SOUTHERN,ANDHRA PRADESH,PINNAPURAM HPS,1680.0,0.0,10.64,0.0,1127.59,30.9,59,5.7,82,757.9748425993596
SOUTHERN,ANDHRA PRADESH,SIMHADRI,2000.0,30.74,35.97,3680.020000000002,4321.95,30.9,59,5.7,82,2070.0508174494016
SOUTHERN,KARNATAKA,BELLARY TPS,1700.0,17.42,30.020000000000003,2613.6600000000003,3433.5,30.9,59,5.7,82,1669.075481800032
SOUTHERN,KARNATAKA,RAICHUR TPS,1720.0,17.1,21.13,2601.7000000000007,2961.01,30.9,59,5.7,82,1507.6779403577166
SOUTHERN,KARNATAKA,YERMARUS TPP,1600.0,21.38,22.91,2182.14,2774.04,30.9,59,5.7,82,1350.666192081638
SOUTHERN,KARNATAKA,YELAHANKA CCPP,370.05,1.64,0.0,190.71999999999983,0.0,30.9,59,5.7,82,89.60514856474819
SOUTHERN,KARNATAKA,ALMATTI DPH HPS,290.0,2.48,5.99,63.03999999999997,27.2,30.9,59,5.7,82,38.8666621703272
SOUTHERN,KARNATAKA,BHADRA HPS,26.0,0.06,0.0,5.379999999999991,2.33,30.9,59,5.7,82,21.040317624422105
SOUTHERN,KARNATAKA,GERUSUPPA HPS,240.0,1.42,1.1,182.6599999999997,141.06,30.9,59,5.7,82,85.91684728161577
SOUTHERN,KARNATAKA,GHAT PRABHA HPS,32.0,0.03,0.0,11.689999999999984,12.84,30.9,59,5.7,82,14.78579824963591
SOUTHERN,KARNATAKA,HAMPI HPS,36.0,0.16,0.49,5.680000000000003,9.28,30.9,59,5.7,82,38.869851271845675
SOUTHERN,KARNATAKA,JOG HPS,139.2,1.52,1.6799999999999995,170.96000000000024,180.15,30.9,59,5.7,82,52.02896583832637
SOUTHERN,KARNATAKA,KADRA HPS,150.0,2.06,3.0,155.38000000000005,100.23,30.9,59,5.7,82,167.211363784273
SOUTHERN,KARNATAKA,KALINADI HPS,900.0,6.19,7.34,1240.3700000000013,875.45,30.9,59,5.7,82,434.879130925015
SOUTHERN,KARNATAKA,KALINADI SUPA HPS,100.0,1.45,0.0,149.34999999999985,126.35,30.9,59,5.7,82,4.8305693606133815
SOUTHERN,KARNATAKA,KODASALI HPS,120.0,1.32,1.5399999999999998,154.35999999999984,98.65,30.9,59,5.7,82,115.36554367500341
SOUTHERN,KARNATAKA,LIGANAMAKKI HPS,55.0,0.26,0.0,41.979999999999954,23.64,30.9,59,5.7,82,57.289134698146796
SOUTHERN,KARNATAKA,MUNIRABAD HPS,28.0,0.16,0.14,3.680000000000001,1.47,30.9,59,5.7,82,35.99399085260775
SOUTHERN,KARNATAKA,SHARAVATHI HPS,1035.0,9.06,6.41,1477.3799999999987,1272.83,30.9,59,5.7,82,695.799275463214
SOUTHERN,KARNATAKA,SIVASAMUNDRUM HPS,42.0,0.74,0.0,52.020000000000046,16.98,30.9,59,5.7,82,12.479661357654269
SOUTHERN,KARNATAKA,T B DAM HPS,36.0,0.13,0.11,5.9899999999999975,2.48,30.9,59,5.7,82,0.0
SOUTHERN,KARNATAKA,VARAHI HPS,460.0,4.13,4.99,366.9899999999999,383.18,30.9,59,5.7,82,226.06222790968633
SOUTHERN,KARNATAKA,ADANI POWER LIMITED UDUPI TPP,1200.0,14.26,16.25,1685.9799999999998,2205.6400000000003,30.9,59,5.7,82,1028.3979144243947
SOUTHERN,KARNATAKA,TORANGALLU TPS(SBU-I),260.0,5.45,5.970000000000001,583.3499999999999,655.49,30.9,59,5.7,82,349.9519866708876
SOUTHERN,KARNATAKA,TORANGALLU TPS(SBU-II),600.0,4.24,4.77,869.0400000000002,1051.12,30.9,59,5.7,82,503.09513092489306
SOUTHERN,KARNATAKA,BELLARY DG,25.2,0.0,0.0,0.0,0.0,30.9,59,5.7,82,0.0
SOUTHERN,KARNATAKA,KUDGI STPP,2400.0,20.91,37.63,3528.9300000000007,4349.42,30.9,59,5.7,82,2083.6987079173505
SOUTHERN,KARNATAKA,KAIGA,880.0,12.36,16.47,1457.2800000000002,1849.36,30.9,59,5.7,82,892.3905727137812
SOUTHERN,KERALA,BRAMHAPURAM DG,63.96,0.0,0.0,0.0,0.0,30.9,59,5.7,82,0.0
SOUTHERN,KERALA,KOZHIKODE DG,96.0,0.0,0.0,0.0,0.0,30.9,59,5.7,82,0.0
SOUTHERN,KERALA,IDAMALAYAR HPS,75.0,0.81,0.0,93.63000000000004,53.36,30.9,59,5.7,82,44.77836057459562
SOUTHERN,KERALA,IDUKKI HPS,780.0,6.45,1.86,1048.350000000001,725.56,30.9,59,5.7,82,419.47232855543615
SOUTHERN,KERALA,KAKKAD HPS,50.0,0.9,0.12,90.70000000000012,57.79,30.9,59,5.7,82,5.26884123144351
SOUTHERN,KERALA,KUTTIYADI ADDL EXTN,100.0,1.13,0.43,91.9899999999999,88.09,30.9,59,5.7,82,26.684084719083867
SOUTHERN,KERALA,KUTTIYADI EXTN HPS,50.0,0.58,0.2,46.33999999999996,36.44,30.9,59,5.7,82,33.67849686788182
SOUTHERN,KERALA,KUTTIYADI HPS,75.0,0.87,0.0,69.00999999999998,34.37,30.9,59,5.7,82,0.0
SOUTHERN,KERALA,LOWER PERIYAR HPS,180.0,2.81,0.79,156.63000000000005,108.12,30.9,59,5.7,82,0.0
SOUTHERN,KERALA,NARIAMANGLAM HPS,52.650000000000006,1.74,0.32,93.01999999999992,54.56,30.9,59,5.7,82,0.0
SOUTHERN,KERALA,PALLIVASAL EXTN HPS,60.0,0.84,0.88,82.32000000000008,98.62,30.9,59,5.7,82,37.77564241440764
SOUTHERN,KERALA,PALLIVASAL HPS,37.5,0.55,0.0,52.649999999999935,0.0,30.9,59,5.7,82,21.170378279900227
SOUTHERN,KERALA,PANNIAR HPS,30.0,0.61,0.0,56.02999999999999,34.7,30.9,59,5.7,82,92.14781084747761
SOUTHERN,KERALA,PORINGALKUTTU HPS,36.0,0.77,0.19,36.710000000000015,24.22,30.9,59,5.7,82,57.97098116010097
SOUTHERN,KERALA,SABARIGIRI HPS,340.0,4.0,0.39,460.0,337.1,30.9,59,5.7,82,177.84307350182866
SOUTHERN,KERALA,SENGULAM HPS,48.0,1.1,0.56,127.29999999999988,62.46999999999999,30.9,59,5.7,82,31.23718960486556
SOUTHERN,KERALA,SHOLAYAR HPS,54.0,0.39,0.0,63.97000000000001,57.370000000000005,30.9,59,5.7,82,0.0
SOUTHERN,KERALA,THOTTIYAR HPS,40.0,0.48,0.37,39.03999999999996,30.42,30.9,59,5.7,82,17.242343200380503
SOUTHERN,KERALA,COCHIN CCPP (Liq.),0.0,0.0,0.0,0.0,0.0,30.9,59,5.7,82,0.0
SOUTHERN,KERALA,R. GANDHI CCPP (Liq.),359.58000000000004,0.0,0.0,0.0,0.0,30.9,59,5.7,82,70.07292801690448
SOUTHERN,KERALA,LAKSHADWEEP DG,26.83,0.0,0.18,0.0,22.23,30.9,59,5.7,82,38.883825712058616
SOUTHERN,PUDUCHERRY,KARAIKAL CCPP,32.5,0.55,0.38,59.649999999999935,41.02,30.9,59,5.7,82,97.91994565012888
SOUTHERN,TAMIL NADU,ENNORE SCTPP,0.0,0.0,0.0,0.0,0.0,30.9,59,5.7,82,0.0
SOUTHERN,TAMIL NADU,METTUR TPS,840.0,13.73,12.68,1649.7900000000018,1940.07,30.9,59,5.7,82,922.1135861049471
SOUTHERN,TAMIL NADU,METTUR TPS-II,600.0,10.97,9.33,1295.3100000000006,1097.85,30.9,59,5.7,82,563.6471995855557
SOUTHERN,TAMIL NADU,NORTH CHENNAI TPS STAGE 1,630.0,10.25,10.09,1237.75,1217.0,30.9,59,5.7,82,561.2389764057082
SOUTHERN,TAMIL NADU,NORTH CHENNAI TPS STAGE 2,1200.0,17.53,16.56,2093.19,1365.25,30.9,59,5.7,82,737.3046240905209
SOUTHERN,TAMIL NADU,NORTH CHENNAI TPS STAGE 3,800.0,9.39,0.0,1103.9700000000007,1142.44,30.9,59,5.7,82,577.6056200390899
SOUTHERN,TAMIL NADU,TUTICORIN TPS,1050.0,12.669999999999998,12.97,1721.460000000001,1465.59,30.9,59,5.7,82,748.6198049274416
SOUTHERN,TAMIL NADU,UDANGUDI TPP,0.0,9.68,0.0,729.6399999999998,0.0,30.9,59,5.7,82,0.0
SOUTHERN,TAMIL NADU,BASIN BRIDGE GT (Liq.),120.0,0.0,0.0,0.0,0.0,30.9,59,5.7,82,19.225508712947136
SOUTHERN,TAMIL NADU,KOVIKALPAL CCPP,107.88,0.0,0.0,0.0,0.0,30.9,59,5.7,82,41.08191456227249
SOUTHERN,TAMIL NADU,KUTTALAM CCPP,100.0,1.42,1.99,170.6600000000002,199.94,30.9,59,5.7,82,167.5331803897521
SOUTHERN,TAMIL NADU,VALUTHUR CCPP,186.2,1.77,2.32,199.7099999999999,186.52,30.9,59,5.7,82,150.50154130426034
SOUTHERN,TAMIL NADU,ALIYAR HPS,60.0,0.65,0.06,34.94999999999997,30.34,30.9,59,5.7,82,128.79512287557782
SOUTHERN,TAMIL NADU,BHAWANI BARRAGE-II HPS,30.0,0.39,0.0,18.970000000000013,3.16,30.9,59,5.7,82,0.0
SOUTHERN,TAMIL NADU,BHAWANI BARRAGE-III HPS,30.0,0.29,0.0,13.669999999999984,0.55,30.9,59,5.7,82,48.33603183603391
SOUTHERN,TAMIL NADU,BHAWANI KATTAL,30.0,0.26,0.04,13.979999999999997,1.28,30.9,59,5.7,82,14.179100286917588
SOUTHERN,TAMIL NADU,KADAMPARI HPS,400.0,1.13,0.0,118.9899999999999,39.68,30.9,59,5.7,82,185.3621466608836
SOUTHERN,TAMIL NADU,KODAYAR-I HPS,60.0,0.0,0.0,0.0,0.0,30.9,59,5.7,82,0.0
SOUTHERN,TAMIL NADU,KODAYAR-II HPS,40.0,0.19,0.04,16.36999999999999,16.86,30.9,59,5.7,82,0.0
SOUTHERN,TAMIL NADU,KUNDAH-I HPS,60.0,0.65,0.22,77.95000000000012,52.89,30.9,59,5.7,82,0.18636772779889554
SOUTHERN,TAMIL NADU,KUNDAH-II HPS,175.0,1.45,0.54,162.34999999999974,143.68,30.9,59,5.7,82,0.0
SOUTHERN,TAMIL NADU,KUNDAH-III HPS,180.0,1.19,0.39,130.36999999999995,93.56,30.9,59,5.7,82,38.13624891596196
SOUTHERN,TAMIL NADU,KUNDAH-IV HPS,100.0,0.52,0.05,59.96000000000007,20.62,30.9,59,5.7,82,0.0
SOUTHERN,TAMIL NADU,KUNDAH PSP,0.0,0.48,0.0,11.040000000000006,0.0,30.9,59,5.7,82,7.519689323810382
SOUTHERN,TAMIL NADU,KUNDAH-V HPS,40.0,0.23,0.0,18.29000000000001,25.85,30.9,59,5.7,82,33.42779878885797
SOUTHERN,TAMIL NADU,LOWER METTUR-I HPS,30.0,0.39,0.05,19.970000000000013,3.0,30.9,59,5.7,82,99.50854196079432
SOUTHERN,TAMIL NADU,LOWER METTUR-II HPS,30.0,0.1,0.04,7.299999999999992,3.71,30.9,59,5.7,82,53.50519190930252
SOUTHERN,TAMIL NADU,LOWER METTUR-III HPS,30.0,0.13,0.03,9.99000000000001,2.75,30.9,59,5.7,82,0.0
SOUTHERN,TAMIL NADU,LOWER METTUR-IV HPS,30.0,0.06,0.01,7.379999999999991,1.65,30.9,59,5.7,82,0.0
SOUTHERN,TAMIL NADU,METTUR DAM HPS,50.0,0.39,0.2,32.97000000000001,29.86,30.9,59,5.7,82,44.03995857532529
SOUTHERN,TAMIL NADU,METTUR TUNNEL HPS,200.0,1.48,0.0,64.03999999999994,0.0,30.9,59,5.7,82,0.0
SOUTHERN,TAMIL NADU,MOYAR HPS,40.0,0.19,0.13,22.37000000000003,30.93,30.9,59,5.7,82,109.94493829271768
SOUTHERN,TAMIL NADU,PAPANASAM HPS,32.0,0.39,0.34,30.970000000000013,30.860000000000003,30.9,59,5.7,82,76.11600603606435
SOUTHERN,TAMIL NADU,PARSON`S VALLEY HPS,30.0,0.16,0.0,12.680000000000003,3.8,30.9,59,5.7,82,0.0
SOUTHERN,TAMIL NADU,PERIYAR HPS,168.0,1.65,0.53,78.95000000000003,39.6,30.9,59,5.7,82,0.0
SOUTHERN,TAMIL NADU,PYKARA HPS,59.2,0.13,0.01,10.990000000000018,12.86,30.9,59,5.7,82,81.71761870827065
SOUTHERN,TAMIL NADU,PYKARA ULTMATE HPS,150.0,1.0,0.05,94.0,83.58,30.9,59,5.7,82,50.20500773736911
SOUTHERN,TAMIL NADU,SARKARPATHY HPS,30.0,0.16,0.0,19.680000000000003,40.22,30.9,59,5.7,82,82.4788155986731
SOUTHERN,TAMIL NADU,SHOLAYAR HPS (TN),84.0,1.29,2.4,29.669999999999987,47.41,30.9,59,5.7,82,0.0
SOUTHERN,TAMIL NADU,SURULIYAR HPS,35.0,0.26,0.01,20.98000000000003,4.23,30.9,59,5.7,82,0.0
SOUTHERN,TAMIL NADU,ITPCL TPP,1200.0,19.88,21.34,2064.2400000000025,2160.14,30.9,59,5.7,82,1044.3181849859093
SOUTHERN,TAMIL NADU,MUTHIARA TPP,1200.0,7.26,21.92,1654.0399999999993,2530.78,30.9,59,5.7,82,1194.6610296882372
SOUTHERN,TAMIL NADU,NEYVELI TPS(Z),250.0,4.32,4.69,482.35999999999984,518.48,30.9,59,5.7,82,222.38872642603783
SOUTHERN,TAMIL NADU,OPG Power Generation Private Limited,414.0,5.23,4.7700000000000005,625.2900000000004,944.2,30.9,59,5.7,82,470.92249661737503
SOUTHERN,TAMIL NADU,TCP Limited,63.5,0.42,0.0,46.66000000000004,0.0,30.9,59,5.7,82,0.0
SOUTHERN,TAMIL NADU,Tulsyan NEC Limited,70.0,0.0,0.84,0.0,8.37,30.9,59,5.7,82,6.7290257489353245
SOUTHERN,TAMIL NADU,TUTICORIN (P) TPP,300.0,0.0,3.08,0.0,340.6,30.9,59,5.7,82,187.25478158559494
SOUTHERN,TAMIL NADU,TUTICORIN TPP ST-IV,525.0,8.1,7.93,968.3000000000004,837.77,30.9,59,5.7,82,439.57994170293745
SOUTHERN,TAMIL NADU,KARUPPUR CCPP,0.0,0.0,0.0,0.0,0.0,30.9,59,5.7,82,35.58074390444449
SOUTHERN,TAMIL NADU,P.NALLUR CCPP,330.5,0.0,0.0,0.0,0.0,30.9,59,5.7,82,0.0
SOUTHERN,TAMIL NADU,VALANTARVY CCPP,0.0,0.0,0.0,0.0,0.0,30.9,59,5.7,82,0.0
SOUTHERN,TAMIL NADU,SAMALPATTI DG,105.7,0.0,0.0,0.0,0.0,30.9,59,5.7,82,79.73884109492545
SOUTHERN,TAMIL NADU,SAMAYANALLUR DG,106.001,0.0,0.0,0.0,0.0,30.9,59,5.7,82,32.51585059897958
SOUTHERN,TAMIL NADU,NEYVELI ( EXT) TPS,420.0,8.68,3.57,1011.64,793.31,30.9,59,5.7,82,342.89967317217236
SOUTHERN,TAMIL NADU,NEYVELI NEW TPP,1000.0,9.35,16.48,1968.0499999999995,1429.04,30.9,59,5.7,82,799.1735987761261
SOUTHERN,TAMIL NADU,NEYVELI TPS-II,1470.0,21.020000000000003,16.09,2717.38,2078.13,30.9,59,5.7,82,1057.535731714643
SOUTHERN,TAMIL NADU,NEYVELI TPS-II EXP,500.0,7.52,0.0,789.9599999999996,538.63,30.9,59,5.7,82,349.41685920319134
SOUTHERN,TAMIL NADU,NTPL TUTICORIN TPP,1000.0,17.36,15.36,1980.28,1932.24,30.9,59,5.7,82,926.2719240705055
SOUTHERN,TAMIL NADU,VALLUR TPP,1500.0,16.46,19.37,2853.6200000000003,2822.96,30.9,59,5.7,82,1457.2213962440994
SOUTHERN,TAMIL NADU,BHAVINI PFBR,0.0,1.48,0.0,169.03999999999976,0.0,30.9,59,5.7,82,87.76704212216022
SOUTHERN,TAMIL NADU,KUDANKULAM,2000.0,37.48,49.18,4443.040000000001,5235.379999999999,30.9,59,5.7,82,2381.703792576046
SOUTHERN,TAMIL NADU,MADRAS A.P.S.,440.0,4.26,5.1,499.9799999999998,577.17,30.9,59,5.7,82,345.4465475477178
SOUTHERN,TELANGANA,BHADRADRI TPP,1080.0,17.67,14.2,2010.630000000001,2058.33,30.9,59,5.7,82,1017.6007974792574
SOUTHERN,TELANGANA,KAKATIYA TPS,1100.0,19.65,20.33,1891.8500000000013,2374.89,30.9,59,5.7,82,1183.3875778766176
SOUTHERN,TELANGANA,KOTHAGUDEM TPS (NEW),1000.0,12.19,16.619999999999997,1901.8,1957.81,30.9,59,5.7,82,884.8778269709948
SOUTHERN,TELANGANA,KOTHAGUDEM TPS (STAGE-7),800.0,13.94,10.89,1643.6200000000013,1391.05,30.9,59,5.7,82,710.7225729999219
SOUTHERN,TELANGANA,RAMAGUNDEM-B TPS,0.0,0.0,0.0,0.0,0.0,30.9,59,5.7,82,52.92122434247939
SOUTHERN,TELANGANA,SINGARENI TPP,1200.0,24.58,24.36,2382.2400000000007,2574.36,30.9,59,5.7,82,1121.8070256788444
SOUTHERN,TELANGANA,YADADRI TPS,3200.0,32.45,34.97,4398.320000000001,2163.7700000000004,30.9,59,5.7,82,1286.3450743667115
SOUTHERN,TELANGANA,LOWER JURALA HPS,240.0,1.13,0.0,31.98999999999998,1.6700000000000002,30.9,59,5.7,82,0.0
SOUTHERN,TELANGANA,NAGARJUN SGR HPS,815.5999999999999,0.77,1.5599999999999998,77.70999999999995,250.43,30.9,59,5.7,82,209.04165827777211
SOUTHERN,TELANGANA,NAGARJUN SGR LBC HPS,60.0,0.03,0.0,0.6900000000000004,0.0,30.9,59,5.7,82,44.87711278979812
SOUTHERN,TELANGANA,POCHAMPAD HPS,36.0,0.1,0.0,5.299999999999996,5.41,30.9,59,5.7,82,82.6818526048014
SOUTHERN,TELANGANA,PRIYADARSHNI JURALA HPS,234.0,1.16,0.0,32.68,0.0,30.9,59,5.7,82,38.80473902098876
SOUTHERN,TELANGANA,PULICHINTALA HPS,120.0,0.52,0.0,28.95999999999999,14.24,30.9,59,5.7,82,105.12677727856459
SOUTHERN,TELANGANA,SRISAILAM LB HPS,900.0,3.74,0.0,103.01999999999995,1.2,30.9,59,5.7,82,66.47492708925542
SOUTHERN,TELANGANA,RAMAGUNDEM STPS,2600.0,44.790000000000006,42.52,4997.07,4646.18,30.9,59,5.7,82,2163.3028780322425
SOUTHERN,TELANGANA,TELANGANA STPP PH-1,1600.0,26.03,32.14,2560.69,3469.11,30.9,59,5.7,82,1624.8666150551694
EASTERN,TELANGANA,AND. NICOBAR DG,57.52,0.0,0.36,0.0,39.83,30.9,59,5.7,82,22.925262595295347
EASTERN,TELANGANA,AND. NICOBAR Pvt. DG,35.19,0.0,0.6,0.0,83.5,30.9,59,5.7,82,0.0
EASTERN,BIHAR,BARAUNI TPS,500.0,10.45,11.3,1081.3499999999997,929.92,30.9,59,5.7,82,442.5119980243606
EASTERN,BIHAR,BARH STPS,3300.0,45.52,55.23,6420.960000000005,6331.91,30.9,59,5.7,82,2962.5405249747573
EASTERN,BIHAR,BUXAR TPP,660.0,12.97,12.52,1034.3100000000009,1132.98,30.9,59,5.7,82,585.6756274415019
EASTERN,BIHAR,KAHALGAON TPS,2340.0,41.81,47.92999999999999,5296.629999999999,5157.400000000001,30.9,59,5.7,82,2432.289912304843
EASTERN,BIHAR,MUZAFFARPUR TPS,390.0,7.22,8.1,836.0600000000006,860.36,30.9,59,5.7,82,355.6500106836322
EASTERN,BIHAR,NABINAGAR STPP,1980.0,36.2,38.42,4254.599999999996,4141.06,30.9,59,5.7,82,1927.7306541331654
EASTERN,BIHAR,NABINAGAR TPP,1000.0,18.39,14.1,2166.9700000000007,2098.57,30.9,59,5.7,82,936.4673239055526
EASTERN,JHARKHAND,TENUGHAT TPS,420.0,3.03,7.68,683.6899999999994,810.55,30.9,59,5.7,82,384.08604513634145
EASTERN,JHARKHAND,SUBERNREKHA-I HPS,65.0,0.16,0.19,6.680000000000003,30.44,30.9,59,5.7,82,69.6831160250619
EASTERN,JHARKHAND,SUBERNREKHA-II HPS,65.0,0.16,0.2,6.680000000000003,29.75,30.9,59,5.7,82,0.0
EASTERN,JHARKHAND,JOJOBERA TPS,240.0,4.71,4.85,559.3300000000002,512.15,30.9,59,5.7,82,266.06232577589225
EASTERN,JHARKHAND,MAHADEV PRASAD STPP,540.0,10.42,10.64,1218.6600000000017,1224.1,30.9,59,5.7,82,544.1271190813779
EASTERN,JHARKHAND,MAITHON RB TPP,1050.0,19.61,20.44,2314.029999999999,2232.92,30.9,59,5.7,82,1011.0243583868829
EASTERN,JHARKHAND,MAITRISHI USHA TPS,0.0,0.0,0.0,0.0,0.0,30.9,59,5.7,82,0.0
EASTERN,JHARKHAND,BOKARO TPS `A` EXP,500.0,9.03,10.2,1062.6899999999994,1128.02,30.9,59,5.7,82,474.4458838790314
EASTERN,JHARKHAND,CHANDRAPURA(DVC) TPS,500.0,9.1,10.7,1081.2999999999995,1113.87,30.9,59,5.7,82,492.8655347326409
EASTERN,JHARKHAND,KODARMA TPP,1000.0,17.68,19.0,2084.640000000001,2098.53,30.9,59,5.7,82,929.5181053705577
EASTERN,JHARKHAND,NORTH KARANPURA TPP,1980.0,36.88,42.73,4001.2400000000025,3903.96,30.9,59,5.7,82,1956.8202566458194
EASTERN,JHARKHAND,PATRATU STPP,1600.0,17.29,33.400000000000006,1379.6700000000014,2200.97,30.9,59,5.7,82,1122.1511775985864
EASTERN,JHARKHAND,PANCHET HPS,80.0,0.52,0.84,31.95999999999999,41.72,30.9,59,5.7,82,0.0
EASTERN,ODISHA,IB VALLEY TPS,1740.0,39.36,38.42,4394.2800000000025,4229.73,30.9,59,5.7,82,1963.590995536711
EASTERN,ODISHA,BALIMELA HPS,510.0,3.94,0.0,414.62,538.69,30.9,59,5.7,82,286.3595975154585
EASTERN,ODISHA,CHIPLIMA HPS,72.0,1.29,1.16,85.6700000000001,71.0,30.9,59,5.7,82,28.151520023338854
EASTERN,ODISHA,HIRAKUD HPS,287.8,3.26,4.45,193.97999999999985,142.76999999999998,30.9,59,5.7,82,130.98633500217124
EASTERN,ODISHA,MACHKUND HPS,114.75,1.84,0.0,202.32000000000008,137.47,30.9,59,5.7,82,110.07588550236525
EASTERN,ODISHA,RENGALI HPS,250.0,2.32,0.0,220.35999999999984,102.62,30.9,59,5.7,82,52.022942619473625
EASTERN,ODISHA,UPPER INDRAVATI HPS,600.0,3.55,0.0,372.65000000000026,609.59,30.9,59,5.7,82,305.045087967766
EASTERN,ODISHA,UPPER KOLAB HPS,320.0,1.55,0.9,177.65000000000026,196.78,30.9,59,5.7,82,112.9594151424178
EASTERN,ODISHA,DERANG TPP,1200.0,23.32,27.14,2770.3599999999988,2846.84,30.9,59,5.7,82,1203.6399417632208
EASTERN,ODISHA,JSW Energy Utkal Limited,700.0,11.48,15.47,1374.0400000000004,1236.03,30.9,59,5.7,82,523.6524468900724
EASTERN,ODISHA,KAMALANGA TPS,1050.0,15.19,13.05,2457.970000000001,2390.1000000000004,30.9,59,5.7,82,1181.8837133722263
EASTERN,ODISHA,LANCO BABANDH TPP,0.0,0.0,0.0,0.0,0.0,30.9,59,5.7,82,82.24838567506418
EASTERN,ODISHA,Maadurga Thermal Power Company Ltd.,60.0,0.7,0.0,90.10000000000008,126.7,30.9,59,5.7,82,47.22819802218109
EASTERN,ODISHA,Malibrahamani TPP,0.0,4.45,0.0,372.3499999999997,0.0,30.9,59,5.7,82,28.82784815278832
EASTERN,ODISHA,VEDANTA TPP,600.0,8.71,10.56,1047.3300000000008,964.94,30.9,59,5.7,82,491.53850772717686
EASTERN,ODISHA,DARLIPALI STPS,1600.0,35.33,35.45,3237.5899999999983,3711.05,30.9,59,5.7,82,1878.364040422762
EASTERN,ODISHA,ROURKELA PP-II EXPANSION,0.0,0.0,0.0,0.0,0.0,30.9,59,5.7,82,55.97874557172884
EASTERN,ODISHA,TALCHER STPS,3000.0,65.05999999999999,53.53,7063.020000000004,6666.83,30.9,59,5.7,82,3110.336120425962
EASTERN,SIKKIM,TEESTA-III HPS,1200.0,14.03,0.0,1298.6899999999994,0.0,30.9,59,5.7,82,132.22297796997873
EASTERN,SIKKIM,CHUZACHEN HPS,110.0,2.58,2.92,188.3400000000003,216.89,30.9,59,5.7,82,22.93368398712137
EASTERN,SIKKIM,DIKCHU HPS,96.0,2.42,2.62,216.6599999999997,247.96,30.9,59,5.7,82,123.75718179336116
EASTERN,SIKKIM,JORETHANG LOOP,96.0,2.48,2.43,168.03999999999985,163.53,30.9,59,5.7,82,41.99446273578484
EASTERN,SIKKIM,RONGNICHU HPS,113.0,2.42,2.72,152.65999999999988,155.07,30.9,59,5.7,82,7.865314520116286
EASTERN,SIKKIM,TASHIDING HPS,97.0,2.35,2.54,164.04999999999987,145.54000000000002,30.9,59,5.7,82,40.43735578787368
EASTERN,SIKKIM,RANGIT HPS,60.0,1.29,1.42,119.67000000000014,131.82999999999998,30.9,59,5.7,82,7.65459981928025
EASTERN,SIKKIM,RANGIT-IV HPS,0.0,2.19,0.0,149.36999999999995,0.0,30.9,59,5.7,82,84.35708175362824
EASTERN,SIKKIM,TEESTA V HPS,510.0,10.48,10.88,872.0400000000004,107.44,30.9,59,5.7,82,163.55798784747253
EASTERN,WEST BENGAL,BAKRESWAR TPS,1050.0,16.769999999999996,22.58,2444.710000000001,2596.4800000000005,30.9,59,5.7,82,1195.6933679341694
EASTERN,WEST BENGAL,BANDEL TPS,270.0,4.8,4.8100000000000005,575.4,569.82,30.9,59,5.7,82,342.42520694450127
EASTERN,WEST BENGAL,D.P.L. TPS,550.0,10.03,6.1,1013.6899999999994,1121.76,30.9,59,5.7,82,535.0724153823809
EASTERN,WEST BENGAL,KOLAGHAT TPS,840.0,13.61,11.13,1593.0300000000002,1609.78,30.9,59,5.7,82,726.8477899335869
EASTERN,WEST BENGAL,SAGARDIGHI TPS,2260.0,40.870000000000005,48.43,4719.010000000003,5111.82,30.9,59,5.7,82,2459.884203863483
EASTERN,WEST BENGAL,SANTALDIH TPS,500.0,11.22,9.76,1280.0600000000006,1223.66,30.9,59,5.7,82,591.409502184233
EASTERN,WEST BENGAL,HALDIA GT (Liq.),0.0,0.0,0.0,0.0,0.0,30.9,59,5.7,82,0.0
EASTERN,WEST BENGAL,KASBA GT (Liq.),0.0,0.0,0.0,0.0,0.0,30.9,59,5.7,82,0.0
EASTERN,WEST BENGAL,JALDHAKA HPS ST-I,36.0,0.65,0.59,52.94999999999997,73.92,30.9,59,5.7,82,0.0
EASTERN,WEST BENGAL,PURULIA PSS HPS,900.0,3.71,1.9,325.32999999999964,342.61,30.9,59,5.7,82,202.9040134517832
EASTERN,WEST BENGAL,RAMMAM HPS,50.0,1.1,0.91,68.30000000000001,61.18,30.9,59,5.7,82,78.28087737658207
EASTERN,WEST BENGAL,BUDGE BUDGE TPS,750.0,14.48,15.65,1719.039999999998,1786.61,30.9,59,5.7,82,922.6148320235066
EASTERN,WEST BENGAL,HALDIA TPP,600.0,13.45,14.32,1537.350000000001,1618.87,30.9,59,5.7,82,667.6196213090429
EASTERN,WEST BENGAL,HIRANMAYE TPP,300.0,4.779999999999999,5.34,485.94000000000005,659.26,30.9,59,5.7,82,336.8524618345285
EASTERN,WEST BENGAL,SOUTHERN REPL. TPS,135.0,0.71,2.28,160.23999999999972,297.99,30.9,59,5.7,82,106.91387154390867
EASTERN,WEST BENGAL,TITAGARH TPS,0.0,0.0,0.0,0.0,0.0,30.9,59,5.7,82,0.0
EASTERN,WEST BENGAL,DURGAPUR STEEL TPS,1000.0,17.84,18.87,2101.3200000000006,2186.0600000000004,30.9,59,5.7,82,994.8043037880567
EASTERN,WEST BENGAL,FARAKKA STPS,2100.0,28.26,35.709999999999994,4107.98,4010.13,30.9,59,5.7,82,1875.8524615160093
EASTERN,WEST BENGAL,MEJIA TPS,2340.0,41.16,47.67,4584.679999999999,4737.81,30.9,59,5.7,82,2248.5500813972417
EASTERN,WEST BENGAL,RAGHUNATHPUR TPP,1200.0,20.58,12.58,2451.3399999999992,1492.24,30.9,59,5.7,82,735.3484941794482
EASTERN,WEST BENGAL,MAITHON HPS,63.2,0.58,1.27,38.33999999999996,25.9,30.9,59,5.7,82,33.362841288991945
EASTERN,WEST BENGAL,TEESTA LOW DAM-III HPS,132.0,1.52,1.22,109.95999999999992,110.49,30.9,59,5.7,82,61.48409452754315
EASTERN,WEST BENGAL,TEESTA LOW DAM-IV HPS,160.0,3.35,3.6,234.04999999999987,274.33,30.9,59,5.7,82,121.78459765667951
NORTH EASTERN,ARUNACHAL PRADESH,KAMENG HPS,600.0,13.55,13.82,850.649999999999,1085.11,30.9,59,5.7,82,478.6658168979201
NORTH EASTERN,ARUNACHAL PRADESH,LOWER SUBANSIRI HEP,1000.0,30.23,20.83,2386.2900000000004,1667.63,30.9,59,5.7,82,788.2134334715835
NORTH EASTERN,ARUNACHAL PRADESH,PARE,110.0,1.65,1.15,149.95000000000013,147.54000000000002,30.9,59,5.7,82,113.28556129128782
NORTH EASTERN,ARUNACHAL PRADESH,RANGANADI HPS,405.0,5.42,0.0,376.6600000000004,272.02,30.9,59,5.7,82,194.60385938121902
NORTH EASTERN,ASSAM,LAKWA GT,97.2,1.29,0.53,149.43,86.79,30.9,59,5.7,82,0.4182377600724436
NORTH EASTERN,ASSAM,LAKWA REPLACEMENT POWER PROJECT,69.75500000000001,1.18,1.3199999999999998,129.48000000000005,156.0,30.9,59,5.7,82,77.8298652714613
NORTH EASTERN,ASSAM,NAMRUP CCPP,139.4,2.39,1.98,238.96999999999989,165.29000000000002,30.9,59,5.7,82,124.59535616858946
NORTH EASTERN,ASSAM,KARBI LANGPI HPS,100.0,2.19,1.89,123.36999999999996,144.01,30.9,59,5.7,82,0.0
NORTH EASTERN,ASSAM,LOWER KOPILI HPS,0.0,2.0,0.0,150.0,0.0,30.9,59,5.7,82,27.168009618996752
NORTH EASTERN,ASSAM,BONGAIGAON TPP,750.0,12.41,11.53,1484.4300000000003,1488.67,30.9,59,5.7,82,674.8368120527077
NORTH EASTERN,ASSAM,KATHALGURI CCPP,291.0,4.74,3.45,412.3,417.77,30.9,59,5.7,82,239.28793342965798
NORTH EASTERN,ASSAM,KHANDONG HPS,46.0,1.06,1.17,87.38000000000005,83.65,30.9,59,5.7,82,2.1970421728741556
NORTH EASTERN,ASSAM,KOPILI HPS,200.0,4.68,4.77,307.64000000000016,313.49,30.9,59,5.7,82,65.15189496677407
NORTH EASTERN,MANIPUR,LEIMAKHONG DG,36.0,0.0,0.0,0.0,0.0,30.9,59,5.7,82,0.0
NORTH EASTERN,MANIPUR,LOKTAK HPS,105.0,1.32,2.35,78.35999999999993,120.52,30.9,59,5.7,82,66.36224733306909
NORTH EASTERN,MEGHALAYA,KYRDEMKULAI HPS,60.0,0.29,0.0,6.67,0.0,30.9,59,5.7,82,21.986125086074093
NORTH EASTERN,MEGHALAYA,MYNTDU(LESHKA) St-1 HPS,126.0,2.81,3.0,187.63000000000005,190.43,30.9,59,5.7,82,49.85616874477957
NORTH EASTERN,MEGHALAYA,NEW UMTRU HPS,40.0,0.84,0.88,56.32000000000008,55.45,30.9,59,5.7,82,60.1096229388687
NORTH EASTERN,MEGHALAYA,UMIAM HPS ST-I,36.0,0.45,0.12,26.349999999999984,34.27,30.9,59,5.7,82,0.0
NORTH EASTERN,MEGHALAYA,UMIAM HPS ST-IV,60.0,0.81,0.52,54.63000000000005,49.96,30.9,59,5.7,82,25.68001006763417
NORTH EASTERN,MIZORAM,TUIRIAL HPS,60.0,0.97,1.02,53.30999999999997,38.36,30.9,59,5.7,82,0.0
NORTH EASTERN,NAGALAND,DOYANG HPS,75.0,1.13,1.75,58.99000000000006,61.64,30.9,59,5.7,82,3.3141946098920485
NORTH EASTERN,TRIPURA,BARAMURA GT,42.0,0.0,0.0,0.0,0.0,30.9,59,5.7,82,8.6699335658207
NORTH EASTERN,TRIPURA,ROKHIA GT,63.0,0.52,0.21,61.96000000000007,34.52,30.9,59,5.7,82,0.0
NORTH EASTERN,TRIPURA,AGARTALA GT,135.0,1.5,0.15,176.04,147.82,30.9,59,5.7,82,60.15022278850873
NORTH EASTERN,TRIPURA,MONARCHAK CCPP,101.0,1.23,1.21,139.29000000000008,217.2,30.9,59,5.7,82,152.34464046072202
NORTH EASTERN,TRIPURA,TRIPURA CCPP,726.6,5.48,11.62,1206.3400000000006,953.0,30.9,59,5.7,82,461.3454065238426
NORTH EASTERN,TRIPURA,CHUKHA,0.0,0.0,0.6,0.0,77.14,30.9,59,5.7,82,57.346208895764136
NORTH EASTERN,TRIPURA,KURICHU,0.0,0.0,1.06,0.0,52.03,30.9,59,5.7,82,92.89043103289502
NORTH EASTERN,TRIPURA,MANGDECHHU,0.0,14.16,18.31,389.6800000000002,723.03,30.9,59,5.7,82,165.62977499363552
NORTH EASTERN,TRIPURA,PUNATSANGCHHU-II,0.0,24.39,20.59,1120.97,1004.11,30.9,59,5.7,82,361.7992372264762
NORTH EASTERN,TRIPURA,TALA,0.0,0.0,15.92,0.0,556.03,30.9,59,5.7,82,251.265606359027
