temperature,soc,battery_health,charging_current,label
41,77,80,32,SAFE
44,73,89,32,REDUCE
45,56,81,25,REDUCE
48,75,81,10,STOP
47,78,84,16,REDUCE
35,35,83,16,SAFE
27,59,87,16,SAFE
36,89,100,20,SAFE
35,67,95,16,SAFE
42,75,80,20,REDUCE
48,88,92,32,STOP
48,36,96,10,STOP
38,93,93,10,SAFE
27,85,84,32,SAFE
30,86,80,25,SAFE
38,33,88,16,SAFE
42,80,89,25,REDUCE
50,20,98,20,STOP
54,79,88,20,STOP
54,90,96,16,STOP
37,53,87,25,SAFE
54,99,80,10,STOP
47,93,94,32,REDUCE
48,21,93,16,STOP
41,73,93,32,SAFE
29,72,92,10,SAFE
35,34,97,20,SAFE
50,42,100,10,STOP
47,46,83,25,REDUCE
29,62,86,20,SAFE
46,99,80,20,REDUCE
48,75,84,32,STOP
49,70,84,25,STOP
49,35,95,32,STOP
39,80,94,16,SAFE
41,88,94,10,SAFE
39,72,87,25,SAFE
40,72,99,20,SAFE
25,91,90,25,SAFE
54,54,91,20,STOP
46,14,82,16,REDUCE
30,42,90,25,SAFE
45,42,82,10,REDUCE
41,32,85,16,SAFE
35,75,80,16,SAFE
46,24,94,20,REDUCE
53,61,82,16,STOP
51,39,84,25,STOP
42,95,87,25,REDUCE
30,66,89,25,SAFE
47,65,86,25,REDUCE
53,87,90,32,STOP
29,67,91,25,SAFE
33,46,90,10,SAFE
55,92,85,25,STOP
25,55,93,32,SAFE
51,67,84,25,STOP
52,10,93,20,STOP
39,84,100,16,SAFE
40,100,98,20,SAFE
34,27,96,10,SAFE
25,70,86,20,SAFE
43,47,90,20,REDUCE
27,21,85,16,SAFE
38,13,96,10,SAFE
27,83,91,10,SAFE
49,47,81,16,STOP
38,12,86,20,SAFE
46,65,90,32,REDUCE
55,71,97,20,STOP
32,80,97,32,SAFE
41,37,100,25,SAFE
51,88,94,20,STOP
43,32,100,10,REDUCE
35,26,92,32,SAFE
29,73,87,32,SAFE
51,99,98,10,STOP
26,79,100,32,SAFE
54,69,91,25,STOP
25,69,96,20,SAFE
32,39,95,20,SAFE
38,96,84,10,SAFE
33,23,100,32,SAFE
51,45,90,10,STOP
44,44,80,25,REDUCE
25,72,85,32,SAFE
30,95,94,20,SAFE
37,48,90,32,SAFE
50,73,84,16,STOP
45,44,94,25,REDUCE
31,47,83,20,SAFE
44,23,85,32,REDUCE
25,85,83,16,SAFE
54,41,81,20,STOP
42,35,100,16,REDUCE
46,90,90,10,REDUCE
26,49,87,32,SAFE
49,25,82,20,STOP
37,95,86,32,SAFE
42,90,80,16,REDUCE
36,50,87,10,SAFE
55,68,97,25,STOP
37,87,94,20,SAFE
25,67,94,10,SAFE
38,48,99,20,SAFE
55,24,81,32,STOP
36,80,96,20,SAFE
39,17,94,32,SAFE
48,44,94,25,STOP
42,49,98,20,REDUCE
44,67,83,32,REDUCE
41,84,93,10,SAFE
28,99,87,25,SAFE
35,96,92,32,SAFE
27,32,99,20,SAFE
41,46,89,10,SAFE
47,58,94,10,REDUCE
47,66,85,32,REDUCE
33,22,90,20,SAFE
26,84,93,10,SAFE
30,68,98,25,SAFE
30,80,89,16,SAFE
25,10,88,25,SAFE
36,37,80,25,SAFE
50,94,83,25,STOP
30,43,89,32,SAFE
36,10,93,25,SAFE
32,37,86,32,SAFE
49,71,93,32,STOP
42,18,97,32,REDUCE
34,56,80,10,SAFE
50,90,85,10,STOP
34,14,81,20,SAFE
36,83,86,32,SAFE
52,93,85,16,STOP
41,51,100,10,SAFE
50,29,87,10,STOP
54,26,81,25,STOP
27,97,97,16,SAFE
33,74,97,20,SAFE
42,71,95,25,REDUCE
40,64,87,16,SAFE
40,100,80,16,SAFE
49,62,90,20,STOP
55,43,89,25,STOP
28,85,86,10,SAFE
29,99,87,25,SAFE
27,21,85,25,SAFE
41,11,99,32,SAFE
42,34,83,25,REDUCE
46,85,88,10,REDUCE
41,71,86,20,SAFE
52,72,97,20,STOP
50,60,96,25,STOP
42,24,99,25,REDUCE
31,69,84,32,SAFE
46,37,84,20,REDUCE
53,21,85,20,STOP
51,60,80,10,STOP
45,55,90,16,REDUCE
25,53,85,16,SAFE
37,62,93,20,SAFE
53,95,88,16,STOP
50,29,80,32,STOP
40,63,89,16,SAFE
28,56,95,20,SAFE
47,19,98,25,REDUCE
49,26,87,20,STOP
38,100,96,20,SAFE
45,40,92,25,REDUCE
26,13,98,32,SAFE
32,66,87,20,SAFE
41,45,83,25,SAFE
47,100,84,16,REDUCE
38,21,82,20,SAFE
44,87,93,25,REDUCE
52,18,97,25,STOP
29,79,82,20,SAFE
28,93,88,10,SAFE
42,37,90,32,REDUCE
52,77,87,32,STOP
33,83,92,25,SAFE
51,35,96,25,STOP
25,76,81,32,SAFE
26,39,95,32,SAFE
45,22,90,16,REDUCE
45,77,84,25,REDUCE
42,53,88,16,REDUCE
40,86,91,25,SAFE
52,78,87,10,STOP
36,79,97,32,SAFE
28,68,84,25,SAFE
36,76,96,32,SAFE
41,13,83,32,SAFE
49,16,95,10,STOP
51,46,90,32,STOP
44,31,87,16,REDUCE
34,35,85,20,SAFE
36,45,93,20,SAFE
47,51,100,16,REDUCE
52,29,87,25,STOP
36,82,88,32,SAFE
52,72,91,25,STOP
33,91,92,32,SAFE
50,72,81,16,STOP
31,58,99,32,SAFE
48,76,90,32,STOP
27,52,84,16,SAFE
48,53,88,32,STOP
54,48,89,20,STOP
50,98,99,25,STOP
27,80,87,10,SAFE
32,91,81,10,SAFE
53,43,89,16,STOP
35,67,90,16,SAFE
53,41,92,20,STOP
27,59,88,10,SAFE
43,85,90,20,REDUCE
32,63,85,20,SAFE
28,94,96,25,SAFE
36,83,86,32,SAFE
41,55,89,20,SAFE
54,80,82,16,STOP
48,10,97,25,STOP
38,90,90,16,SAFE
46,26,99,16,REDUCE
52,28,86,10,STOP
35,85,82,32,SAFE
26,59,96,16,SAFE
53,65,95,25,STOP
54,66,91,20,STOP
26,12,99,32,SAFE
55,70,95,20,STOP
51,42,87,32,STOP
29,38,81,10,SAFE
35,90,80,10,SAFE
45,19,91,20,REDUCE
52,93,86,16,STOP
25,70,93,20,SAFE
45,18,89,20,REDUCE
46,57,84,16,REDUCE
36,90,90,25,SAFE
48,54,82,20,STOP
33,83,92,25,SAFE
26,50,80,25,SAFE
31,87,88,10,SAFE
36,14,85,16,SAFE
30,58,90,32,SAFE
44,50,86,16,REDUCE
44,79,95,20,REDUCE
38,59,97,20,SAFE
48,24,83,20,STOP
55,47,80,16,STOP
28,53,97,20,SAFE
44,52,84,32,REDUCE
40,15,87,10,SAFE
41,72,80,10,SAFE
28,84,91,20,SAFE
48,46,99,20,STOP
45,57,95,10,REDUCE
52,75,82,10,STOP
50,81,84,10,STOP
25,22,87,20,SAFE
51,28,84,20,STOP
39,99,89,25,SAFE
28,38,100,10,SAFE
51,51,85,16,STOP
54,42,82,10,STOP
35,55,93,16,SAFE
40,37,88,25,SAFE
34,72,98,16,SAFE
47,79,84,25,REDUCE
44,84,94,10,REDUCE
41,47,98,16,SAFE
32,27,90,10,SAFE
48,36,96,16,STOP
43,55,92,32,REDUCE
40,95,98,10,SAFE
37,38,96,25,SAFE
40,75,84,32,SAFE
32,45,92,16,SAFE
40,74,98,25,SAFE
36,96,98,16,SAFE
41,74,93,25,SAFE
52,69,83,10,STOP
43,43,88,32,REDUCE
55,92,84,32,STOP
29,28,99,10,SAFE
47,30,99,32,REDUCE
51,67,93,16,STOP
26,50,83,20,SAFE
42,48,83,25,REDUCE
26,11,81,25,SAFE
47,49,88,20,REDUCE
54,72,85,16,STOP
30,32,81,32,SAFE
45,67,88,32,REDUCE
48,55,99,32,STOP
31,13,83,32,SAFE
28,10,96,25,SAFE
31,17,84,20,SAFE
32,63,100,32,SAFE
45,93,87,10,REDUCE
50,68,93,32,STOP
42,33,93,10,REDUCE
42,54,83,20,REDUCE
51,60,89,32,STOP
32,97,85,25,SAFE
42,72,100,16,REDUCE
50,91,80,10,STOP
39,35,93,32,SAFE
55,80,91,32,STOP
42,41,80,20,REDUCE
49,93,99,25,STOP
54,96,88,20,STOP
50,68,88,25,STOP
25,87,81,20,SAFE
32,33,96,10,SAFE
42,76,82,10,REDUCE
50,16,86,20,STOP
39,50,88,16,SAFE
39,68,81,32,SAFE
29,66,88,32,SAFE
28,16,96,16,SAFE
54,91,85,32,STOP
54,38,93,25,STOP
50,79,90,16,STOP
46,22,86,20,REDUCE
55,12,100,32,STOP
50,91,85,20,STOP
32,44,89,10,SAFE
32,15,85,16,SAFE
54,66,85,16,STOP
49,44,92,16,STOP
33,23,98,25,SAFE
28,84,92,25,SAFE
37,30,83,20,SAFE
37,75,81,10,SAFE
51,68,92,10,STOP
40,46,97,10,SAFE
48,32,93,20,STOP
31,89,87,32,SAFE
38,79,80,16,SAFE
37,51,90,16,SAFE
42,78,82,32,REDUCE
42,98,83,25,REDUCE
38,100,93,10,SAFE
51,26,86,10,STOP
48,43,85,10,STOP
38,41,97,20,SAFE
48,75,84,20,STOP
50,10,89,10,STOP
27,56,86,25,SAFE
47,15,100,16,REDUCE
26,16,83,16,SAFE
46,20,80,10,REDUCE
25,64,100,10,SAFE
33,75,97,25,SAFE
55,35,85,16,STOP
51,28,93,20,STOP
33,41,85,25,SAFE
40,69,99,25,SAFE
53,22,86,20,STOP
43,76,88,32,REDUCE
49,16,81,32,STOP
41,16,85,32,SAFE
50,54,97,25,STOP
51,27,93,25,STOP
40,29,91,25,SAFE
38,54,83,32,SAFE
42,13,91,10,REDUCE
25,28,99,20,SAFE
54,13,83,20,STOP
29,57,83,20,SAFE
40,15,98,10,SAFE
31,33,80,10,SAFE
51,25,95,25,STOP
29,91,96,25,SAFE
30,36,96,10,SAFE
44,77,80,32,REDUCE
48,93,94,25,STOP
50,59,97,10,STOP
30,91,100,32,SAFE
28,13,94,10,SAFE
53,69,97,32,STOP
40,73,81,32,SAFE
43,13,85,16,REDUCE
43,30,94,20,REDUCE
54,27,96,25,STOP
44,97,80,32,REDUCE
29,58,85,10,SAFE
40,31,94,10,SAFE
29,25,84,10,SAFE
27,16,92,32,SAFE
25,73,95,16,SAFE
29,13,88,10,SAFE
32,48,91,10,SAFE
36,29,88,20,SAFE
30,93,87,16,SAFE
39,70,89,20,SAFE
41,41,80,16,SAFE
37,35,90,25,SAFE
54,41,93,10,STOP
42,66,92,10,REDUCE
36,26,93,25,SAFE
28,27,89,32,SAFE
31,51,93,25,SAFE
51,39,98,25,STOP
35,91,90,20,SAFE
35,49,81,25,SAFE
49,37,96,10,STOP
51,58,91,10,STOP
46,28,88,32,REDUCE
41,73,83,25,SAFE
28,43,93,16,SAFE
31,62,89,16,SAFE
53,16,99,25,STOP
51,39,99,16,STOP
51,13,93,10,STOP
50,66,94,16,STOP
26,64,89,32,SAFE
49,67,85,16,STOP
41,91,97,20,SAFE
48,69,93,10,STOP
32,83,80,25,SAFE
34,97,88,25,SAFE
46,45,84,32,REDUCE
38,35,90,32,SAFE
54,10,99,16,STOP
52,29,96,25,STOP
25,13,99,20,SAFE
54,16,81,16,STOP
27,28,93,20,SAFE
34,84,85,25,SAFE
53,44,93,20,STOP
31,30,92,25,SAFE
40,32,83,20,SAFE
46,34,85,25,REDUCE
40,71,85,20,SAFE
26,89,87,10,SAFE
49,69,86,20,STOP
36,82,89,20,SAFE
53,58,85,20,STOP
42,16,80,32,REDUCE
39,96,97,25,SAFE
54,49,92,16,STOP
31,87,83,32,SAFE
37,19,94,16,SAFE
32,21,86,20,SAFE
28,93,99,20,SAFE
34,75,86,10,SAFE
51,98,88,10,STOP
38,89,96,16,SAFE
35,97,99,20,SAFE
52,91,88,16,STOP
44,87,82,16,REDUCE
47,21,97,25,REDUCE
36,100,100,25,SAFE
29,53,95,10,SAFE
45,62,84,25,REDUCE
45,82,81,20,REDUCE
32,74,87,16,SAFE
32,48,98,25,SAFE
48,37,84,10,STOP
54,49,100,32,STOP
26,31,97,25,SAFE
35,96,85,25,SAFE
54,72,98,16,STOP
54,77,89,20,STOP
41,24,90,16,SAFE
49,41,89,32,STOP
33,76,84,16,SAFE
42,14,83,16,REDUCE
47,95,87,32,REDUCE
31,56,84,16,SAFE
40,56,83,16,SAFE
33,47,99,32,SAFE
31,85,85,10,SAFE
33,31,93,20,SAFE
51,44,92,32,STOP
54,83,80,32,STOP
53,47,85,10,STOP
25,87,90,25,SAFE
44,80,97,16,REDUCE
46,44,82,10,REDUCE
47,59,95,10,REDUCE
35,47,99,32,SAFE
44,60,98,20,REDUCE
34,41,81,20,SAFE
37,30,95,20,SAFE
28,10,99,32,SAFE
27,53,84,32,SAFE
29,65,86,10,SAFE
52,17,100,16,STOP
25,12,99,25,SAFE
32,10,99,32,SAFE
53,85,96,25,STOP
32,96,97,25,SAFE
51,65,98,10,STOP
28,18,80,10,SAFE
31,65,84,25,SAFE
32,74,91,20,SAFE
45,55,95,10,REDUCE
26,50,96,32,SAFE
44,67,87,10,REDUCE
49,20,92,32,STOP
53,15,88,32,STOP
26,85,82,25,SAFE
34,57,80,16,SAFE
48,56,82,20,STOP
38,66,81,10,SAFE
32,91,92,32,SAFE
52,64,88,20,STOP
45,42,93,25,REDUCE
48,38,100,16,STOP
26,34,88,10,SAFE
37,42,94,25,SAFE
40,86,87,10,SAFE
43,15,90,16,REDUCE
44,87,100,10,REDUCE
30,16,100,25,SAFE
35,55,82,20,SAFE
28,46,98,16,SAFE
34,24,90,16,SAFE
29,20,87,20,SAFE
54,12,87,10,STOP
30,38,97,16,SAFE
43,26,93,10,REDUCE
52,94,99,16,STOP
38,27,90,20,SAFE
30,11,99,10,SAFE
52,78,99,25,STOP
29,13,87,16,SAFE
51,79,92,16,STOP
39,92,100,20,SAFE
28,19,92,16,SAFE
40,47,99,10,SAFE
40,81,98,25,SAFE
55,89,97,32,STOP
30,19,89,20,SAFE
36,56,87,10,SAFE
51,75,93,20,STOP
42,98,88,25,REDUCE
50,33,99,10,STOP
53,75,94,16,STOP
51,74,92,20,STOP
41,89,93,10,SAFE
45,30,85,20,REDUCE
28,91,92,16,SAFE
42,39,97,20,REDUCE
39,53,98,20,SAFE
29,53,93,32,SAFE
52,44,93,25,STOP
38,79,81,20,SAFE
37,42,89,25,SAFE
32,14,95,25,SAFE
41,81,92,25,SAFE
40,41,91,10,SAFE
43,85,98,10,REDUCE
52,10,84,32,STOP
29,30,81,25,SAFE
26,81,87,25,SAFE
31,67,95,20,SAFE
44,82,82,10,REDUCE
26,12,96,16,SAFE
51,47,84,32,STOP
47,74,81,25,REDUCE
25,68,96,25,SAFE
50,99,98,20,STOP
27,63,89,32,SAFE
28,83,89,25,SAFE
33,16,86,32,SAFE
28,30,91,25,SAFE
45,99,80,16,REDUCE
43,47,91,32,REDUCE
54,36,83,16,STOP
50,36,89,20,STOP
51,23,95,16,STOP
37,10,83,20,SAFE
31,32,90,16,SAFE
44,17,94,32,REDUCE
26,20,90,16,SAFE
29,74,98,25,SAFE
54,34,87,16,STOP
31,42,87,25,SAFE
26,29,87,32,SAFE
46,23,91,16,REDUCE
51,44,94,10,STOP
51,78,80,32,STOP
46,46,94,20,REDUCE
50,62,100,25,STOP
36,32,86,20,SAFE
45,18,98,10,REDUCE
50,80,89,16,STOP
51,76,81,16,STOP
47,63,93,25,REDUCE
37,66,87,20,SAFE
46,13,93,20,REDUCE
32,10,87,32,SAFE
38,86,99,16,SAFE
29,26,94,25,SAFE
40,38,83,25,SAFE
33,75,99,20,SAFE
25,71,88,16,SAFE
32,73,89,16,SAFE
43,21,97,16,REDUCE
31,99,95,32,SAFE
49,99,90,16,STOP
54,22,80,32,STOP
43,57,86,20,REDUCE
50,37,87,32,STOP
50,67,96,16,STOP
31,58,87,25,SAFE
44,88,84,20,REDUCE
27,74,83,16,SAFE
44,54,80,32,REDUCE
37,55,98,25,SAFE
37,35,93,20,SAFE
48,11,94,10,STOP
43,97,81,10,REDUCE
38,70,99,16,SAFE
46,24,95,32,REDUCE
55,39,89,16,STOP
33,32,91,20,SAFE
50,93,96,16,STOP
32,57,96,10,SAFE
50,88,100,10,STOP
26,24,100,25,SAFE
50,19,97,25,STOP
28,42,99,25,SAFE
34,29,82,32,SAFE
25,25,85,20,SAFE
47,12,85,16,REDUCE
36,99,87,10,SAFE
40,93,90,10,SAFE
31,97,88,10,SAFE
49,16,82,32,STOP
47,14,96,16,REDUCE
32,19,94,20,SAFE
39,31,97,25,SAFE
29,61,95,32,SAFE
39,31,95,10,SAFE
28,84,97,20,SAFE
50,47,89,10,STOP
40,12,90,16,SAFE
45,76,88,20,REDUCE
52,10,89,20,STOP
26,26,92,20,SAFE
39,84,87,20,SAFE
29,89,83,10,SAFE
53,37,99,32,STOP
27,41,87,16,SAFE
47,36,91,32,REDUCE
33,86,85,10,SAFE
32,85,97,32,SAFE
53,62,85,25,STOP
48,16,88,25,STOP
42,18,88,25,REDUCE
32,66,92,10,SAFE
47,33,98,20,REDUCE
43,17,81,32,REDUCE
31,55,99,10,SAFE
44,38,86,10,REDUCE
39,64,83,25,SAFE
35,12,99,20,SAFE
28,75,88,20,SAFE
46,82,88,10,REDUCE
27,37,98,32,SAFE
41,68,90,10,SAFE
41,60,94,16,SAFE
53,13,91,32,STOP
27,25,88,10,SAFE
54,63,91,25,STOP
35,66,82,32,SAFE
42,28,92,32,REDUCE
48,54,90,32,STOP
37,34,86,32,SAFE
33,60,100,25,SAFE
32,31,94,16,SAFE
48,23,89,16,STOP
37,17,88,32,SAFE
25,36,93,20,SAFE
49,26,83,25,STOP
52,22,85,32,STOP
48,93,81,20,STOP
47,27,94,16,REDUCE
29,90,86,20,SAFE
54,11,89,16,STOP
48,99,88,32,STOP
50,89,81,20,STOP
41,27,86,25,SAFE
49,16,83,20,STOP
47,15,84,25,REDUCE
30,15,87,20,SAFE
41,19,99,25,SAFE
33,10,92,25,SAFE
38,88,88,32,SAFE
39,23,99,10,SAFE
39,84,82,25,SAFE
26,13,98,16,SAFE
49,22,96,25,STOP
43,93,93,10,REDUCE
46,25,98,10,REDUCE
45,26,98,16,REDUCE
25,97,98,25,SAFE
34,26,94,10,SAFE
38,64,99,10,SAFE
35,86,81,10,SAFE
27,95,83,20,SAFE
43,61,100,25,REDUCE
25,35,96,16,SAFE
45,32,96,16,REDUCE
31,23,100,10,SAFE
26,95,86,20,SAFE
46,66,96,32,REDUCE
50,58,91,32,STOP
33,39,98,25,SAFE
27,89,86,32,SAFE
38,86,85,16,SAFE
32,63,90,25,SAFE
42,38,83,10,REDUCE
30,88,98,20,SAFE
54,27,82,10,STOP
33,94,99,25,SAFE
47,47,91,32,REDUCE
48,26,97,25,STOP
48,69,93,20,STOP
26,97,84,32,SAFE
25,23,98,16,SAFE
48,48,96,10,STOP
42,11,90,20,REDUCE
55,65,94,20,STOP
42,34,88,20,REDUCE
51,45,85,20,STOP
52,31,100,10,STOP
54,48,83,25,STOP
27,14,99,16,SAFE
33,84,89,20,SAFE
31,62,97,10,SAFE
53,24,84,20,STOP
26,85,88,20,SAFE
29,60,89,16,SAFE
27,83,86,25,SAFE
28,59,85,32,SAFE
54,99,96,10,STOP
36,84,87,25,SAFE
48,36,82,32,STOP
47,66,94,10,REDUCE
37,75,85,10,SAFE
31,83,98,20,SAFE
27,92,99,32,SAFE
53,67,100,16,STOP
44,58,99,20,REDUCE
33,42,87,32,SAFE
39,89,99,16,SAFE
35,47,84,25,SAFE
28,14,98,32,SAFE
49,52,89,16,STOP
55,49,86,10,STOP
47,53,92,25,REDUCE
33,49,86,20,SAFE
39,35,81,20,SAFE
31,13,81,16,SAFE
29,70,88,20,SAFE
26,21,99,32,SAFE
27,78,87,25,SAFE
31,78,87,25,SAFE
29,59,80,10,SAFE
42,68,91,16,REDUCE
28,41,83,32,SAFE
45,92,98,32,REDUCE
41,28,85,16,SAFE
40,74,91,10,SAFE
36,23,98,32,SAFE
47,32,88,25,REDUCE
49,85,94,10,STOP
50,16,86,20,STOP
27,64,83,16,SAFE
35,87,94,20,SAFE
38,89,84,32,SAFE
33,76,93,32,SAFE
54,38,91,10,STOP
45,76,91,20,REDUCE
34,89,89,20,SAFE
39,62,95,20,SAFE
32,63,94,10,SAFE
48,78,89,32,STOP
51,64,96,10,STOP
42,32,89,10,REDUCE
44,60,83,16,REDUCE
32,91,89,32,SAFE
29,89,100,20,SAFE
55,64,95,25,STOP
25,30,88,16,SAFE
48,100,86,16,STOP
36,41,84,10,SAFE
47,77,100,32,REDUCE
43,31,94,16,REDUCE
27,88,99,16,SAFE
40,11,82,16,SAFE
35,75,88,25,SAFE
42,65,99,10,REDUCE
47,22,81,10,REDUCE
28,70,95,16,SAFE
53,14,99,10,STOP
34,27,81,25,SAFE
42,53,98,16,REDUCE
35,92,90,16,SAFE
40,96,83,25,SAFE
40,15,87,16,SAFE
51,61,80,10,STOP
39,24,82,25,SAFE
31,94,81,20,SAFE
31,32,92,16,SAFE
32,51,91,32,SAFE
31,36,87,32,SAFE
49,88,86,20,STOP
54,16,99,25,STOP
43,97,86,10,REDUCE
27,88,84,20,SAFE
25,68,86,16,SAFE
52,95,99,16,STOP
46,44,93,25,REDUCE
43,21,85,32,REDUCE
26,82,88,20,SAFE
32,82,91,32,SAFE
26,50,93,20,SAFE
39,29,90,20,SAFE
31,35,89,10,SAFE
43,72,90,32,REDUCE
45,79,100,20,REDUCE
37,75,97,32,SAFE
48,15,95,16,STOP
31,53,97,10,SAFE
35,89,82,20,SAFE
50,85,83,32,STOP
32,78,99,32,SAFE
41,45,95,16,SAFE
46,36,80,20,REDUCE
36,97,82,25,SAFE
52,57,91,20,STOP
35,62,90,10,SAFE
40,97,97,32,SAFE
38,45,83,32,SAFE
47,76,92,10,REDUCE
26,99,82,16,SAFE
47,93,89,20,REDUCE
40,24,83,25,SAFE
39,42,80,25,SAFE
44,37,93,16,REDUCE
51,74,99,32,STOP
46,15,87,16,REDUCE
54,21,98,20,STOP
29,47,88,20,SAFE
54,57,95,32,STOP
45,41,86,25,REDUCE
49,24,100,32,STOP
47,82,90,20,REDUCE
46,25,88,10,REDUCE
50,72,83,25,STOP
43,44,96,20,REDUCE
31,94,91,20,SAFE
31,84,92,20,SAFE
47,44,90,10,REDUCE
30,36,92,10,SAFE
42,82,93,32,REDUCE
29,76,83,25,SAFE
51,52,93,16,STOP
43,52,98,20,REDUCE
51,25,93,20,STOP
38,99,81,20,SAFE
30,67,100,16,SAFE
44,20,96,10,REDUCE
47,26,96,20,REDUCE
46,32,98,10,REDUCE
37,51,94,20,SAFE
44,70,98,16,REDUCE
47,95,89,32,REDUCE
33,61,84,25,SAFE
54,37,94,20,STOP
39,12,94,20,SAFE
26,28,85,25,SAFE
49,56,88,16,STOP
42,72,94,20,REDUCE
51,100,98,16,STOP
35,70,82,16,SAFE
31,61,87,16,SAFE
32,89,96,10,SAFE
38,15,85,32,SAFE
47,12,85,25,REDUCE
50,53,92,20,STOP
33,39,96,20,SAFE
50,21,81,20,STOP
26,39,92,10,SAFE
39,30,88,10,SAFE
27,40,83,32,SAFE
33,87,82,32,SAFE
45,15,93,16,REDUCE
34,10,92,10,SAFE
33,64,91,16,SAFE
35,23,87,16,SAFE
47,18,85,32,REDUCE
38,100,95,25,SAFE
37,44,91,25,SAFE
37,96,89,32,SAFE
25,33,80,20,SAFE
31,11,91,25,SAFE
48,11,94,25,STOP
34,68,90,16,SAFE
25,54,81,16,SAFE
40,70,95,20,SAFE
49,75,99,20,STOP
40,87,90,10,SAFE
55,41,91,32,STOP
37,25,84,20,SAFE
39,91,90,10,SAFE
36,77,91,32,SAFE
55,48,95,32,STOP
33,60,87,25,SAFE
38,15,88,20,SAFE
55,81,82,10,STOP
33,35,88,16,SAFE
27,59,88,20,SAFE
43,68,93,32,REDUCE
45,65,84,25,REDUCE
36,71,97,20,SAFE
34,96,81,20,SAFE
51,92,96,32,STOP
32,19,100,10,SAFE
40,32,96,20,SAFE
49,22,99,32,STOP
38,48,84,20,SAFE
55,33,93,32,STOP
41,76,88,32,SAFE
32,51,98,32,SAFE
37,49,82,25,SAFE
40,10,86,16,SAFE
30,39,82,25,SAFE
38,93,88,16,SAFE
51,34,88,20,STOP
49,96,82,25,STOP
35,10,90,20,SAFE
51,46,95,20,STOP
37,86,80,25,SAFE
41,65,90,10,SAFE
44,85,87,25,REDUCE
54,80,89,25,STOP
54,50,100,16,STOP
55,31,98,10,STOP
37,79,84,25,SAFE
37,81,93,16,SAFE
42,79,95,20,REDUCE
50,82,97,32,STOP
37,68,99,32,SAFE
49,81,98,32,STOP
34,29,95,10,SAFE
54,78,89,20,STOP
33,10,96,10,SAFE
47,60,95,16,REDUCE
51,75,97,16,STOP
32,60,88,20,SAFE
41,32,91,32,SAFE
29,62,84,32,SAFE
52,100,98,20,STOP
48,41,96,32,STOP
52,97,81,32,STOP
44,23,91,20,REDUCE
41,12,88,10,SAFE
25,71,97,20,SAFE
30,99,85,20,SAFE
50,83,88,20,STOP
47,38,85,32,REDUCE
38,15,91,20,SAFE
45,49,90,10,REDUCE
55,31,91,25,STOP
41,11,81,32,SAFE
39,71,84,32,SAFE
46,70,88,16,REDUCE
28,76,81,25,SAFE
44,44,87,10,REDUCE
39,21,81,16,SAFE
27,89,98,16,SAFE
45,83,80,16,REDUCE
42,87,97,16,REDUCE
52,39,80,16,STOP
55,36,88,16,STOP
30,100,83,25,SAFE
53,67,94,25,STOP
52,35,82,10,STOP
50,89,87,20,STOP
32,94,81,16,SAFE
54,89,93,20,STOP
36,32,88,20,SAFE
29,71,100,10,SAFE
50,43,93,10,STOP
32,31,100,25,SAFE
50,100,80,25,STOP
42,69,89,32,REDUCE
26,33,85,20,SAFE
46,61,100,10,REDUCE
40,10,100,32,SAFE
27,81,97,20,SAFE
44,59,86,20,REDUCE
35,83,87,16,SAFE
50,41,89,10,STOP
34,16,99,16,SAFE
41,42,86,32,SAFE
26,91,89,25,SAFE
36,92,87,32,SAFE
38,24,95,25,SAFE
29,32,86,32,SAFE
29,44,84,20,SAFE
52,37,85,20,STOP
43,95,96,32,REDUCE
25,71,92,10,SAFE
32,91,93,32,SAFE
28,14,91,16,SAFE
26,80,85,16,SAFE
39,22,91,20,SAFE
51,20,99,25,STOP
47,47,90,25,REDUCE
35,91,97,32,SAFE
52,31,83,16,STOP
54,12,89,20,STOP
53,77,99,32,STOP
33,10,84,10,SAFE
49,30,83,32,STOP
27,78,80,10,SAFE
28,68,88,16,SAFE
35,87,95,20,SAFE
54,40,96,16,STOP
27,83,95,32,SAFE
48,29,83,20,STOP
48,35,99,16,STOP
50,58,83,32,STOP
46,94,81,16,REDUCE
25,96,100,10,SAFE
47,68,82,32,REDUCE
37,33,85,20,SAFE
52,41,92,32,STOP
31,40,98,32,SAFE
47,22,95,32,REDUCE
28,94,93,20,SAFE
26,67,99,20,SAFE
49,34,80,25,STOP
45,40,89,32,REDUCE
44,74,84,10,REDUCE
48,30,92,10,STOP
52,38,90,32,STOP
46,33,89,16,REDUCE
37,45,91,20,SAFE
46,56,100,10,REDUCE
36,16,89,10,SAFE
39,17,82,16,SAFE
36,43,89,16,SAFE
50,87,100,32,STOP
44,25,95,32,REDUCE
43,76,91,10,REDUCE
29,28,94,25,SAFE
36,81,84,32,SAFE
50,74,87,32,STOP
52,76,91,20,STOP
54,50,99,10,STOP
43,19,81,32,REDUCE
48,80,97,10,STOP
25,12,91,20,SAFE
34,49,85,20,SAFE
46,66,84,16,REDUCE
27,33,95,16,SAFE
46,65,99,25,REDUCE
44,61,82,16,REDUCE
46,12,92,25,REDUCE
52,24,84,16,STOP
53,49,92,20,STOP
30,23,98,25,SAFE
31,84,89,20,SAFE
52,17,84,20,STOP
52,44,80,16,STOP
30,67,87,20,SAFE
42,61,96,25,REDUCE
51,72,93,16,STOP
54,38,86,10,STOP
33,29,92,32,SAFE
37,76,99,16,SAFE
34,33,99,20,SAFE
35,22,98,32,SAFE
50,98,89,32,STOP
39,92,97,16,SAFE
51,62,86,16,STOP
50,87,91,16,STOP
53,95,84,25,STOP
43,32,98,32,REDUCE
49,90,86,16,STOP
54,47,92,20,STOP
47,69,91,10,REDUCE
26,62,82,32,SAFE
33,64,86,20,SAFE
28,28,91,20,SAFE
41,79,94,10,SAFE
31,76,94,10,SAFE
47,84,84,16,REDUCE
37,73,98,25,SAFE
51,95,90,32,STOP
34,97,95,10,SAFE
32,63,92,25,SAFE
45,91,81,10,REDUCE
47,67,91,20,REDUCE
25,17,80,20,SAFE
27,66,82,32,SAFE
53,27,82,32,STOP
37,30,97,10,SAFE
51,41,98,25,STOP
34,78,95,16,SAFE
32,20,100,20,SAFE
41,79,89,16,SAFE
40,82,89,25,SAFE
32,15,93,16,SAFE
44,30,89,32,REDUCE
29,62,89,25,SAFE
46,75,90,16,REDUCE
37,87,87,32,SAFE
38,69,97,25,SAFE
43,46,100,16,REDUCE
25,74,90,16,SAFE
30,28,86,10,SAFE
54,23,84,10,STOP
41,89,87,16,SAFE
38,51,81,32,SAFE
29,66,90,32,SAFE
50,17,98,10,STOP
49,69,97,16,STOP
25,72,92,32,SAFE
29,45,97,25,SAFE
36,87,98,32,SAFE
32,89,89,10,SAFE
34,31,82,10,SAFE
32,35,94,16,SAFE
47,78,92,25,REDUCE
54,52,91,16,STOP
27,35,91,16,SAFE
25,46,100,32,SAFE
26,18,90,16,SAFE
43,47,99,32,REDUCE
51,58,88,16,STOP
41,86,95,10,SAFE
26,61,85,10,SAFE
40,82,88,25,SAFE
35,10,99,25,SAFE
28,15,81,16,SAFE
55,62,89,10,STOP
28,29,86,20,SAFE
26,74,97,16,SAFE
55,28,80,16,STOP
49,82,81,25,STOP
45,45,81,32,REDUCE
28,46,92,32,SAFE
38,24,90,10,SAFE
30,96,95,20,SAFE
27,43,96,16,SAFE
32,10,93,10,SAFE
32,88,94,16,SAFE
41,96,89,20,SAFE
52,17,99,10,STOP
35,93,87,25,SAFE
45,34,98,20,REDUCE
42,36,84,16,REDUCE
28,74,98,10,SAFE
51,29,97,16,STOP
36,93,82,16,SAFE
47,71,82,16,REDUCE
30,90,82,32,SAFE
47,100,85,16,REDUCE
27,91,87,32,SAFE
52,96,81,20,STOP
54,22,87,32,STOP
55,44,94,16,STOP
51,49,91,20,STOP
27,73,98,16,SAFE
32,67,99,20,SAFE
55,79,93,25,STOP
30,45,80,25,SAFE
44,76,80,25,REDUCE
52,23,90,20,STOP
31,69,83,20,SAFE
33,61,80,32,SAFE
37,20,80,20,SAFE
33,95,86,20,SAFE
25,20,82,32,SAFE
53,80,99,16,STOP
42,12,85,10,REDUCE
29,51,81,16,SAFE
32,71,81,32,SAFE
30,65,87,20,SAFE
50,26,85,25,STOP
37,26,94,16,SAFE
25,84,82,32,SAFE
52,86,97,32,STOP
27,57,82,25,SAFE
29,19,94,16,SAFE
53,39,99,32,STOP
25,94,98,20,SAFE
43,24,86,32,REDUCE
54,79,91,25,STOP
34,24,95,25,SAFE
52,25,87,32,STOP
27,83,83,20,SAFE
40,34,81,16,SAFE
28,19,93,16,SAFE
53,19,95,32,STOP
45,60,97,32,REDUCE
30,52,86,32,SAFE
49,59,98,10,STOP
52,49,92,10,STOP
27,71,88,16,SAFE
48,26,92,20,STOP
25,88,93,32,SAFE
50,83,93,32,STOP
54,58,94,16,STOP
34,55,83,20,SAFE
42,68,92,16,REDUCE
53,45,91,20,STOP
33,28,98,20,SAFE
45,38,98,20,REDUCE
52,98,85,25,STOP
52,15,99,16,STOP
55,86,88,20,STOP
47,53,85,16,REDUCE
48,48,90,20,STOP
45,95,87,25,REDUCE
38,35,96,25,SAFE
36,76,93,25,SAFE
30,71,100,20,SAFE
54,57,83,16,STOP
49,11,85,16,STOP
47,99,94,16,REDUCE
51,21,82,25,STOP
33,63,92,16,SAFE
40,98,85,10,SAFE
29,41,80,10,SAFE
51,25,92,20,STOP
30,24,81,32,SAFE
42,24,83,32,REDUCE
38,61,83,20,SAFE
38,14,95,25,SAFE
46,82,86,16,REDUCE
27,48,99,20,SAFE
53,89,100,32,STOP
52,49,82,20,STOP
53,11,85,10,STOP
34,67,88,32,SAFE
43,30,96,20,REDUCE
51,74,90,20,STOP
35,28,92,20,SAFE
25,52,100,16,SAFE
25,56,99,10,SAFE
39,35,84,10,SAFE
41,35,83,32,SAFE
46,75,81,25,REDUCE
27,39,96,10,SAFE
41,11,98,10,SAFE
40,62,91,10,SAFE
51,26,94,25,STOP
42,84,82,10,REDUCE
43,67,97,10,REDUCE
53,47,84,16,STOP
51,50,88,10,STOP
29,64,95,20,SAFE
32,50,80,20,SAFE
39,82,91,20,SAFE
34,28,83,16,SAFE
32,72,85,10,SAFE
46,33,84,20,REDUCE
39,88,88,16,SAFE
52,56,81,25,STOP
47,59,90,16,REDUCE
41,87,82,10,SAFE
29,84,96,32,SAFE
34,88,100,20,SAFE
38,75,92,20,SAFE
33,70,84,16,SAFE
50,32,81,16,STOP
41,99,99,10,SAFE
27,94,94,10,SAFE
40,66,86,10,SAFE
39,71,91,20,SAFE
42,32,81,10,REDUCE
38,33,83,16,SAFE
46,51,84,10,REDUCE
41,30,98,16,SAFE
37,24,83,10,SAFE
32,93,92,20,SAFE
54,32,94,25,STOP
47,19,85,10,REDUCE
39,13,86,20,SAFE
47,98,97,16,REDUCE
37,13,87,16,SAFE
38,84,91,25,SAFE
25,37,94,25,SAFE
43,12,83,25,REDUCE
49,84,80,25,STOP
52,99,92,20,STOP
40,59,94,10,SAFE
31,84,87,10,SAFE
27,18,83,20,SAFE
32,43,92,25,SAFE
44,73,95,20,REDUCE
26,75,100,16,SAFE
38,42,99,20,SAFE
54,48,90,16,STOP
25,67,89,10,SAFE
45,13,95,16,REDUCE
33,82,86,10,SAFE
55,74,91,32,STOP
51,57,86,16,STOP
50,98,80,25,STOP
30,29,81,20,SAFE
28,21,93,32,SAFE
55,40,81,20,STOP
30,59,97,32,SAFE
46,38,92,25,REDUCE
53,31,87,20,STOP
35,41,85,32,SAFE
51,99,88,16,STOP
36,68,86,10,SAFE
49,78,80,16,STOP
47,29,99,10,REDUCE
33,89,91,20,SAFE
27,73,96,25,SAFE
27,77,89,10,SAFE
40,56,99,10,SAFE
53,91,84,16,STOP
30,71,90,25,SAFE
35,24,83,20,SAFE
25,10,84,10,SAFE
36,93,82,25,SAFE
29,84,81,10,SAFE
52,35,96,25,STOP
35,87,95,32,SAFE
39,61,95,32,SAFE
49,84,84,20,STOP
42,81,84,25,REDUCE
38,65,100,20,SAFE
53,81,81,25,STOP
45,24,92,20,REDUCE
53,39,97,20,STOP
48,40,84,32,STOP
32,35,90,25,SAFE
53,90,95,16,STOP
50,48,95,25,STOP
48,13,89,32,STOP
49,84,95,10,STOP
38,39,98,32,SAFE
25,64,94,10,SAFE
25,85,94,32,SAFE
38,29,86,32,SAFE
50,90,82,25,STOP
27,76,98,20,SAFE
51,54,95,25,STOP
27,11,93,32,SAFE
49,98,88,10,STOP
28,63,91,32,SAFE
52,57,91,32,STOP
34,62,96,16,SAFE
45,32,93,10,REDUCE
34,96,81,25,SAFE
49,50,80,32,STOP
38,29,85,16,SAFE
27,91,96,16,SAFE
29,35,84,16,SAFE
38,89,82,32,SAFE
44,66,97,10,REDUCE
28,78,83,25,SAFE
39,57,93,20,SAFE
37,32,93,16,SAFE
38,93,87,32,SAFE
54,49,94,16,STOP
27,51,89,16,SAFE
32,47,92,32,SAFE
38,56,94,16,SAFE
25,60,97,25,SAFE
54,89,96,32,STOP
38,95,94,32,SAFE
35,73,81,25,SAFE
52,51,99,16,STOP
47,64,87,16,REDUCE
55,23,84,16,STOP
31,98,92,20,SAFE
47,42,85,16,REDUCE
41,74,97,25,SAFE
31,44,87,10,SAFE
41,37,94,25,SAFE
39,12,96,20,SAFE
41,50,80,10,SAFE
52,97,96,10,STOP
43,14,82,10,REDUCE
48,36,94,32,STOP
31,72,99,32,SAFE
36,43,90,10,SAFE
33,53,83,25,SAFE
32,24,83,20,SAFE
40,64,84,25,SAFE
28,83,85,25,SAFE
32,48,84,25,SAFE
28,57,80,32,SAFE
38,54,92,16,SAFE
30,67,89,10,SAFE
48,83,98,25,STOP
51,13,86,25,STOP
55,50,89,20,STOP
43,26,91,10,REDUCE
41,22,89,32,SAFE
31,65,84,25,SAFE
35,52,99,10,SAFE
43,78,98,32,REDUCE
41,60,87,25,SAFE
50,80,86,16,STOP
52,64,91,25,STOP
50,49,83,32,STOP
55,82,81,32,STOP
35,58,91,25,SAFE
39,38,81,32,SAFE
27,36,91,16,SAFE
47,26,99,10,REDUCE
50,14,95,32,STOP
26,35,87,10,SAFE
40,72,95,16,SAFE
45,27,94,25,REDUCE
54,86,97,16,STOP
38,75,82,20,SAFE
26,65,90,20,SAFE
52,94,85,10,STOP
53,32,89,10,STOP
50,11,90,10,STOP
47,60,86,16,REDUCE
55,64,82,10,STOP
48,21,99,32,STOP
39,25,89,32,SAFE
34,60,92,16,SAFE
28,95,85,16,SAFE
40,25,83,16,SAFE
32,38,99,16,SAFE
30,34,87,25,SAFE
37,55,87,16,SAFE
51,95,85,25,STOP
31,24,90,10,SAFE
50,81,94,20,STOP
42,82,92,25,REDUCE
47,80,99,20,REDUCE
49,21,88,32,STOP
52,18,91,16,STOP
25,14,84,10,SAFE
30,29,100,25,SAFE
28,15,82,16,SAFE
44,52,91,25,REDUCE
37,62,87,32,SAFE
29,77,80,10,SAFE
55,66,84,25,STOP
55,86,96,10,STOP
48,27,96,10,STOP
34,15,92,25,SAFE
41,41,86,20,SAFE
43,25,94,20,REDUCE
51,52,83,10,STOP
52,59,93,16,STOP
48,39,96,25,STOP
44,82,99,10,REDUCE
29,43,80,16,SAFE
54,49,88,16,STOP
31,13,87,10,SAFE
40,28,84,16,SAFE
42,80,87,32,REDUCE
35,53,91,25,SAFE
48,100,80,25,STOP
29,39,93,10,SAFE
35,76,98,25,SAFE
30,57,83,10,SAFE
47,68,93,25,REDUCE
30,26,87,16,SAFE
40,29,88,10,SAFE
45,10,85,32,REDUCE
53,56,86,16,STOP
48,44,87,32,STOP
28,53,91,16,SAFE
30,79,89,16,SAFE
52,98,95,10,STOP
38,21,82,20,SAFE
40,18,93,16,SAFE
45,73,92,32,REDUCE
50,95,83,32,STOP
52,48,83,25,STOP
49,67,87,25,STOP
45,15,94,20,REDUCE
47,97,81,25,REDUCE
34,14,95,32,SAFE
28,21,94,16,SAFE
39,98,96,10,SAFE
51,45,88,16,STOP
30,93,98,25,SAFE
47,38,95,25,REDUCE
44,47,95,20,REDUCE
36,26,94,10,SAFE
36,21,88,16,SAFE
42,16,82,20,REDUCE
43,76,83,20,REDUCE
45,13,92,32,REDUCE
25,31,85,20,SAFE
33,89,98,20,SAFE
29,88,87,32,SAFE
45,14,82,20,REDUCE
54,52,92,20,STOP
33,62,97,10,SAFE
28,33,96,10,SAFE
55,46,81,10,STOP
50,96,86,10,STOP
32,20,98,16,SAFE
37,54,89,16,SAFE
53,98,83,25,STOP
46,100,93,20,REDUCE
36,86,81,16,SAFE
28,67,90,16,SAFE
41,27,93,25,SAFE
53,70,86,25,STOP
46,16,96,25,REDUCE
41,71,84,10,SAFE
38,96,94,32,SAFE
30,60,86,20,SAFE
52,25,82,25,STOP
54,34,95,32,STOP
41,82,90,25,SAFE
54,61,100,10,STOP
51,24,80,32,STOP
53,44,95,16,STOP
51,48,95,20,STOP
46,43,91,25,REDUCE
40,92,81,16,SAFE
47,100,81,20,REDUCE
29,46,97,16,SAFE
30,51,98,25,SAFE
41,13,85,16,SAFE
53,52,89,20,STOP
39,67,93,25,SAFE
55,49,86,10,STOP
30,34,83,16,SAFE
30,30,83,10,SAFE
34,58,90,20,SAFE
52,97,95,32,STOP
53,49,93,25,STOP
36,58,81,10,SAFE
52,98,85,16,STOP
37,99,100,25,SAFE
30,92,86,32,SAFE
30,96,94,25,SAFE
52,33,87,25,STOP
37,15,82,20,SAFE
42,100,82,32,REDUCE
47,84,91,32,REDUCE
50,97,83,25,STOP
42,51,97,16,REDUCE
38,71,85,25,SAFE
43,33,80,10,REDUCE
29,61,97,32,SAFE
27,72,89,20,SAFE
37,23,99,32,SAFE
25,67,98,10,SAFE
37,94,93,16,SAFE
43,22,80,10,REDUCE
40,74,81,32,SAFE
43,69,80,16,REDUCE
54,45,85,32,STOP
31,85,97,10,SAFE
46,75,93,10,REDUCE
43,64,83,20,REDUCE
36,38,93,10,SAFE
32,100,86,25,SAFE
51,99,91,25,STOP
37,90,88,10,SAFE
47,59,92,20,REDUCE
44,97,80,16,REDUCE
30,47,82,25,SAFE
34,69,84,10,SAFE
27,41,97,16,SAFE
49,34,82,32,STOP
46,59,86,16,REDUCE
27,49,98,32,SAFE
36,25,91,10,SAFE
36,60,94,20,SAFE
54,34,100,25,STOP
31,97,91,25,SAFE
47,68,90,16,REDUCE
47,72,82,20,REDUCE
26,79,87,25,SAFE
32,51,82,32,SAFE
33,41,99,32,SAFE
27,66,86,25,SAFE
43,89,91,32,REDUCE
48,38,86,16,STOP
49,54,88,16,STOP
54,77,83,25,STOP
26,69,94,10,SAFE
44,52,91,25,REDUCE
39,63,94,20,SAFE
48,17,87,32,STOP
48,94,88,25,STOP
55,22,89,16,STOP
36,44,94,10,SAFE
33,36,85,25,SAFE
52,57,92,25,STOP
34,26,90,10,SAFE
36,72,81,10,SAFE
26,54,93,25,SAFE
26,48,86,16,SAFE
44,71,97,25,REDUCE
39,42,84,32,SAFE
40,27,94,25,SAFE
45,38,83,16,REDUCE
25,98,81,25,SAFE
33,28,90,25,SAFE
29,68,88,25,SAFE
37,40,90,16,SAFE
38,72,82,10,SAFE
28,51,100,20,SAFE
55,37,85,20,STOP
45,27,90,20,REDUCE
40,25,86,25,SAFE
42,14,83,10,REDUCE
51,98,88,20,STOP
26,93,86,10,SAFE
40,49,85,25,SAFE
43,60,85,10,REDUCE
33,14,87,20,SAFE
36,59,91,20,SAFE
31,31,94,20,SAFE
41,81,94,16,SAFE
48,19,94,25,STOP
47,48,99,10,REDUCE
32,32,91,32,SAFE
35,22,84,25,SAFE
32,66,91,16,SAFE
29,41,93,16,SAFE
27,71,83,16,SAFE
43,99,93,16,REDUCE
44,48,94,10,REDUCE
38,53,91,16,SAFE
45,11,93,10,REDUCE
25,27,93,32,SAFE
30,84,85,16,SAFE
46,83,88,16,REDUCE
31,38,82,10,SAFE
47,40,84,25,REDUCE
43,74,99,32,REDUCE
54,54,100,20,STOP
52,61,100,10,STOP
34,85,100,10,SAFE
28,61,90,32,SAFE
36,19,84,20,SAFE
26,82,92,20,SAFE
36,20,81,20,SAFE
38,73,85,10,SAFE
53,82,87,25,STOP
54,92,87,16,STOP
38,94,98,32,SAFE
55,64,96,10,STOP
40,45,82,20,SAFE
55,52,86,32,STOP
44,45,97,16,REDUCE
37,24,93,16,SAFE
31,83,87,20,SAFE
32,99,99,25,SAFE
32,25,84,25,SAFE
49,61,93,25,STOP
48,23,81,16,STOP
47,48,93,32,REDUCE
32,78,95,32,SAFE
54,37,98,20,STOP
44,47,81,16,REDUCE
50,43,95,16,STOP
43,13,98,16,REDUCE
34,100,96,32,SAFE
42,89,83,25,REDUCE
54,63,99,20,STOP
50,67,86,25,STOP
41,100,81,25,SAFE
25,34,95,25,SAFE
40,34,92,16,SAFE
25,60,98,25,SAFE
53,89,97,32,STOP
38,95,80,20,SAFE
32,74,89,25,SAFE
44,67,87,10,REDUCE
50,63,83,32,STOP
36,51,82,32,SAFE
39,12,93,10,SAFE
31,10,86,10,SAFE
25,15,92,10,SAFE
52,40,99,20,STOP
26,39,87,25,SAFE
52,76,94,20,STOP
47,78,99,20,REDUCE
50,63,94,20,STOP
34,15,93,10,SAFE
35,80,99,25,SAFE
35,31,90,32,SAFE
51,44,95,25,STOP
52,99,92,25,STOP
27,10,93,25,SAFE
53,89,82,20,STOP
34,63,91,25,SAFE
46,66,84,32,REDUCE
27,82,99,16,SAFE
53,62,98,10,STOP
34,72,82,16,SAFE
28,21,97,16,SAFE
50,77,99,20,STOP
29,45,91,20,SAFE
25,17,80,10,SAFE
55,25,83,20,STOP
33,35,87,20,SAFE
52,80,82,20,STOP
48,32,85,20,STOP
52,60,94,25,STOP
52,14,89,32,STOP
38,47,91,25,SAFE
35,65,93,20,SAFE
33,18,94,25,SAFE
34,79,91,25,SAFE
44,37,96,32,REDUCE
25,99,90,32,SAFE
34,17,83,20,SAFE
33,52,91,32,SAFE
31,96,93,20,SAFE
26,39,94,32,SAFE
46,94,100,10,REDUCE
44,40,85,16,REDUCE
33,91,95,10,SAFE
47,72,92,16,REDUCE
32,82,93,20,SAFE
51,25,98,32,STOP
55,54,92,16,STOP
31,91,92,25,SAFE
55,98,95,25,STOP
36,62,86,10,SAFE
42,90,96,25,REDUCE
52,16,91,20,STOP
37,53,98,32,SAFE
27,68,81,25,SAFE
31,50,83,20,SAFE
31,13,85,10,SAFE
51,90,88,10,STOP
29,59,85,20,SAFE
39,26,96,16,SAFE
31,31,99,20,SAFE
31,81,96,10,SAFE
41,68,85,25,SAFE
40,10,98,16,SAFE
48,66,92,10,STOP
45,87,97,10,REDUCE
43,24,88,32,REDUCE
49,29,80,16,STOP
29,18,89,32,SAFE
26,44,98,32,SAFE
32,10,86,32,SAFE
32,21,85,20,SAFE
44,26,100,25,REDUCE
28,95,100,16,SAFE
51,10,94,25,STOP
25,63,97,10,SAFE
35,82,100,32,SAFE
49,28,80,16,STOP
40,48,91,20,SAFE
52,64,91,20,STOP
30,14,94,20,SAFE
37,42,93,10,SAFE
54,76,95,10,STOP
33,72,80,20,SAFE
44,46,94,25,REDUCE
30,54,84,32,SAFE
50,26,96,16,STOP
33,24,97,25,SAFE
42,59,97,25,REDUCE
55,47,82,25,STOP
52,100,93,32,STOP
44,77,98,32,REDUCE
52,81,84,10,STOP
54,44,81,25,STOP
49,80,80,20,STOP
27,84,87,25,SAFE
43,43,95,32,REDUCE
55,98,85,25,STOP
45,55,80,10,REDUCE
52,77,81,25,STOP
34,34,100,20,SAFE
51,69,100,25,STOP
52,11,90,20,STOP
32,99,94,25,SAFE
37,77,90,25,SAFE
37,52,87,16,SAFE
35,58,81,20,SAFE
47,15,84,25,REDUCE
44,48,86,20,REDUCE
31,50,87,32,SAFE
37,67,92,20,SAFE
25,80,100,32,SAFE
38,90,80,16,SAFE
26,50,94,16,SAFE
46,25,88,20,REDUCE
41,90,95,25,SAFE
41,100,86,20,SAFE
51,94,85,20,STOP
37,46,95,20,SAFE
48,44,80,16,STOP
48,11,82,20,STOP
49,32,83,10,STOP
31,62,99,25,SAFE
35,65,99,16,SAFE
47,76,100,16,REDUCE
32,38,81,32,SAFE
52,61,86,32,STOP
38,60,88,25,SAFE
46,22,89,32,REDUCE
45,91,96,16,REDUCE
26,45,88,20,SAFE
52,97,93,32,STOP
52,98,94,32,STOP
37,34,80,10,SAFE
26,78,89,10,SAFE
33,91,96,32,SAFE
36,20,98,10,SAFE
36,32,98,20,SAFE
26,84,91,32,SAFE
49,22,97,20,STOP
33,72,83,20,SAFE
47,98,87,10,REDUCE
55,48,86,25,STOP
39,94,93,10,SAFE
30,100,82,25,SAFE
32,65,85,10,SAFE
53,93,88,20,STOP
41,70,91,16,SAFE
54,75,80,20,STOP
29,52,82,25,SAFE
25,53,88,10,SAFE
34,99,86,10,SAFE
50,92,91,10,STOP
43,36,81,16,REDUCE
42,48,86,25,REDUCE
48,12,89,20,STOP
47,77,97,20,REDUCE
25,51,82,10,SAFE
30,52,89,20,SAFE
50,64,93,16,STOP
51,12,84,25,STOP
27,38,99,16,SAFE
36,19,87,16,SAFE
41,87,98,10,SAFE
33,12,90,16,SAFE
33,49,97,16,SAFE
47,69,91,10,REDUCE
54,72,86,20,STOP
50,64,89,20,STOP
43,84,87,25,REDUCE
26,23,81,16,SAFE
42,13,96,16,REDUCE
47,96,99,20,REDUCE
26,29,85,20,SAFE
47,63,88,25,REDUCE
25,48,96,20,SAFE
40,90,99,20,SAFE
31,48,90,10,SAFE
41,10,86,16,SAFE
30,75,84,25,SAFE
43,63,98,10,REDUCE
52,33,98,32,STOP
55,72,90,32,STOP
47,20,82,10,REDUCE
35,41,90,10,SAFE
40,82,91,32,SAFE
50,86,87,25,STOP
41,57,84,25,SAFE
52,43,95,25,STOP
29,38,92,32,SAFE
55,47,98,32,STOP
42,38,85,32,REDUCE
30,71,88,25,SAFE
51,68,90,25,STOP
31,82,85,16,SAFE
34,35,84,20,SAFE
41,40,92,25,SAFE
25,63,92,25,SAFE
55,69,83,32,STOP
46,20,98,10,REDUCE
27,31,84,16,SAFE
36,30,98,16,SAFE
36,84,94,10,SAFE
38,81,84,20,SAFE
42,48,83,16,REDUCE
36,52,98,25,SAFE
33,52,85,25,SAFE
48,24,82,10,STOP
29,51,81,10,SAFE
37,65,95,25,SAFE
43,73,80,10,REDUCE
46,25,99,32,REDUCE
44,11,86,25,REDUCE
31,81,82,25,SAFE
28,97,81,25,SAFE
40,27,99,32,SAFE
49,25,87,32,STOP
27,20,95,25,SAFE
45,14,87,32,REDUCE
33,58,95,16,SAFE
30,66,100,32,SAFE
47,32,95,10,REDUCE
38,44,93,25,SAFE
35,55,100,25,SAFE
34,91,89,25,SAFE
42,99,98,32,REDUCE
54,78,95,25,STOP
42,94,87,32,REDUCE
53,98,88,20,STOP
28,30,83,16,SAFE
55,15,90,32,STOP
43,95,91,10,REDUCE
33,73,85,25,SAFE
33,88,96,20,SAFE
43,10,97,32,REDUCE
30,98,97,20,SAFE
52,76,92,16,STOP
28,45,85,10,SAFE
54,69,87,16,STOP
25,69,97,10,SAFE
50,29,100,25,STOP
40,82,93,10,SAFE
41,49,99,16,SAFE
40,76,93,10,SAFE
55,50,86,25,STOP
36,60,84,25,SAFE
51,50,89,32,STOP
54,80,93,25,STOP
44,34,83,32,REDUCE
54,79,85,16,STOP
45,75,91,10,REDUCE
49,100,88,10,STOP
44,44,94,25,REDUCE
27,14,84,10,SAFE
27,10,88,16,SAFE
47,66,80,25,REDUCE
27,61,92,16,SAFE
37,19,81,10,SAFE
55,41,87,20,STOP
55,93,98,25,STOP
37,29,90,32,SAFE
33,77,100,25,SAFE
44,18,83,10,REDUCE
38,94,90,16,SAFE
54,29,86,20,STOP
31,33,88,16,SAFE
35,70,97,32,SAFE
43,94,98,20,REDUCE
43,58,99,16,REDUCE
35,35,93,32,SAFE
33,14,90,10,SAFE
40,40,95,25,SAFE
47,63,89,25,REDUCE
27,78,89,32,SAFE
43,11,87,32,REDUCE
31,40,93,16,SAFE
34,40,95,25,SAFE
55,82,90,10,STOP
51,36,81,32,STOP
54,27,87,10,STOP
26,65,100,25,SAFE
30,53,91,10,SAFE
41,65,87,32,SAFE
50,18,87,25,STOP
50,60,93,25,STOP
43,50,100,20,REDUCE
38,12,93,32,SAFE
44,88,96,25,REDUCE
25,84,81,25,SAFE
29,47,89,10,SAFE
43,46,84,25,REDUCE
31,21,95,32,SAFE
32,63,99,25,SAFE
53,14,85,25,STOP
42,73,95,16,REDUCE
55,87,96,20,STOP
51,57,93,25,STOP
50,26,84,16,STOP
27,25,93,32,SAFE
34,47,82,25,SAFE
49,84,99,20,STOP
36,98,88,25,SAFE
41,37,82,32,SAFE
50,19,86,32,STOP
28,15,97,32,SAFE
25,22,95,10,SAFE
55,86,81,10,STOP
43,19,98,32,REDUCE
33,85,99,16,SAFE
45,89,97,16,REDUCE
42,14,90,32,REDUCE
28,94,96,25,SAFE
36,52,98,10,SAFE
48,25,92,10,STOP
39,22,88,10,SAFE
28,67,94,32,SAFE
50,18,88,25,STOP
34,81,94,25,SAFE
54,74,100,25,STOP
42,74,85,10,REDUCE
53,10,88,10,STOP
32,46,94,16,SAFE
50,30,87,32,STOP
35,39,86,10,SAFE
31,56,84,25,SAFE
41,95,100,16,SAFE
35,93,82,20,SAFE
28,64,98,16,SAFE
39,50,97,32,SAFE
50,64,88,10,STOP
41,41,91,32,SAFE
39,52,90,20,SAFE
44,35,89,20,REDUCE
33,33,89,16,SAFE
55,99,94,20,STOP
41,92,83,10,SAFE
30,85,91,32,SAFE
26,88,89,20,SAFE
37,84,89,16,SAFE
32,47,92,16,SAFE
29,26,85,16,SAFE
46,11,95,10,REDUCE
47,88,92,32,REDUCE
53,60,86,10,STOP
36,33,95,32,SAFE
55,78,81,25,STOP
54,58,82,32,STOP
28,58,92,32,SAFE
29,29,94,10,SAFE
36,57,95,32,SAFE
27,36,89,20,SAFE
44,46,98,16,REDUCE
32,96,98,10,SAFE
35,77,91,16,SAFE
25,15,100,32,SAFE
37,81,83,16,SAFE
40,29,80,20,SAFE
28,71,86,20,SAFE
48,83,91,10,STOP
32,48,81,32,SAFE
26,95,85,20,SAFE
46,83,98,20,REDUCE
26,67,90,32,SAFE
52,34,92,20,STOP
33,61,86,16,SAFE
53,15,93,16,STOP
33,25,95,16,SAFE
49,90,95,25,STOP
51,54,86,32,STOP
41,43,99,32,SAFE
48,76,86,25,STOP
47,56,80,16,REDUCE
52,40,89,20,STOP
27,56,88,20,SAFE
28,31,95,32,SAFE
42,15,86,32,REDUCE
28,92,87,20,SAFE
37,20,82,10,SAFE
47,34,88,25,REDUCE
35,66,98,10,SAFE
52,64,80,16,STOP
44,42,82,32,REDUCE
38,31,84,20,SAFE
43,26,84,32,REDUCE
30,38,97,32,SAFE
55,11,93,25,STOP
29,70,82,16,SAFE
52,32,96,16,STOP
45,68,95,32,REDUCE
44,81,85,10,REDUCE
26,86,83,20,SAFE
53,57,80,16,STOP
48,75,88,25,STOP
37,66,86,25,SAFE
31,54,97,25,SAFE
29,67,100,32,SAFE
43,34,90,16,REDUCE
36,42,92,10,SAFE
48,76,87,10,STOP
40,57,86,16,SAFE
25,57,88,16,SAFE
34,80,89,20,SAFE
54,66,88,16,STOP
48,54,89,32,STOP
46,35,99,16,REDUCE
27,34,99,16,SAFE
41,32,90,32,SAFE
48,34,92,10,STOP
55,65,80,25,STOP
28,83,86,32,SAFE
33,89,86,32,SAFE
40,27,98,20,SAFE
49,37,90,32,STOP
33,18,99,20,SAFE
51,56,98,16,STOP
32,36,92,16,SAFE
43,62,100,32,REDUCE
44,78,95,20,REDUCE
41,13,82,16,SAFE
39,88,99,25,SAFE
33,89,100,20,SAFE
41,18,93,10,SAFE
28,70,82,20,SAFE
50,66,84,25,STOP
44,35,100,16,REDUCE
30,72,91,10,SAFE
28,79,96,32,SAFE
32,23,90,16,SAFE
35,97,94,16,SAFE
38,85,98,10,SAFE
27,99,100,25,SAFE
36,72,99,16,SAFE
42,75,80,25,REDUCE
45,83,91,10,REDUCE
34,70,98,16,SAFE
27,61,89,10,SAFE
37,97,80,10,SAFE
54,59,85,32,STOP
43,30,82,16,REDUCE
46,66,90,10,REDUCE
33,84,97,32,SAFE
51,14,90,10,STOP
55,89,88,16,STOP
50,59,82,20,STOP
25,46,83,20,SAFE
43,34,98,10,REDUCE
38,59,98,20,SAFE
42,17,91,16,REDUCE
53,18,99,25,STOP
42,71,81,20,REDUCE
40,49,81,25,SAFE
40,71,84,32,SAFE
44,86,87,25,REDUCE
55,18,83,25,STOP
38,21,91,16,SAFE
35,41,80,16,SAFE
29,82,81,16,SAFE
34,12,91,32,SAFE
31,94,82,32,SAFE
55,65,94,32,STOP
38,34,100,32,SAFE
36,65,81,25,SAFE
31,62,96,16,SAFE
34,31,94,16,SAFE
41,69,81,20,SAFE
50,51,84,10,STOP
25,74,95,20,SAFE
51,43,93,20,STOP
28,42,92,32,SAFE
50,68,81,25,STOP
27,100,85,10,SAFE
52,45,91,20,STOP
37,59,89,32,SAFE
33,91,100,32,SAFE
42,62,93,32,REDUCE
43,72,96,16,REDUCE
53,85,86,32,STOP
55,71,97,16,STOP
38,14,90,16,SAFE
28,71,85,32,SAFE
43,49,86,20,REDUCE
35,52,98,16,SAFE
27,14,97,10,SAFE
47,34,93,20,REDUCE
27,65,82,20,SAFE
36,54,82,10,SAFE
49,75,100,32,STOP
42,25,81,16,REDUCE
52,49,85,20,STOP
35,72,85,16,SAFE
47,84,97,20,REDUCE
25,19,90,16,SAFE
51,23,99,16,STOP
42,29,81,32,REDUCE
54,47,81,16,STOP
46,10,97,10,REDUCE
44,22,80,25,REDUCE
49,62,80,10,STOP
28,42,100,10,SAFE
50,32,88,32,STOP
27,19,88,10,SAFE
29,87,95,16,SAFE
55,61,94,10,STOP
44,82,90,25,REDUCE
48,43,93,32,STOP
28,86,82,20,SAFE
37,11,99,10,SAFE
53,77,98,25,STOP
38,71,94,16,SAFE
31,95,87,16,SAFE
53,43,88,20,STOP
44,68,95,25,REDUCE
29,87,81,25,SAFE
40,24,81,16,SAFE
45,93,81,16,REDUCE
36,21,84,20,SAFE
52,12,100,25,STOP
40,79,90,20,SAFE
28,90,97,16,SAFE
42,63,94,16,REDUCE
45,67,85,10,REDUCE
30,69,98,32,SAFE
53,43,85,32,STOP
42,64,96,25,REDUCE
55,29,88,10,STOP
44,49,95,32,REDUCE
48,86,85,10,STOP
50,97,81,16,STOP
37,76,89,10,SAFE
53,32,99,32,STOP
31,79,85,10,SAFE
35,49,97,32,SAFE
39,82,87,32,SAFE
49,60,97,16,STOP
25,97,93,32,SAFE
41,33,91,25,SAFE
47,35,84,10,REDUCE
47,25,85,20,REDUCE
47,11,84,16,REDUCE
30,76,94,25,SAFE
42,73,99,20,REDUCE
36,12,86,16,SAFE
48,44,87,25,STOP
29,84,96,10,SAFE
41,51,89,20,SAFE
34,29,83,25,SAFE
32,79,87,25,SAFE
47,13,85,20,REDUCE
39,95,88,32,SAFE
27,41,82,25,SAFE
27,51,93,20,SAFE
52,48,92,32,STOP
50,12,87,10,STOP
31,34,94,32,SAFE
37,39,80,25,SAFE
26,11,87,32,SAFE
40,58,89,16,SAFE
35,72,99,10,SAFE
31,69,86,16,SAFE
54,12,92,16,STOP
26,89,98,20,SAFE
35,93,99,25,SAFE
44,89,99,32,REDUCE
25,53,80,10,SAFE
36,80,95,32,SAFE
38,69,100,16,SAFE
45,27,97,20,REDUCE
29,52,82,32,SAFE
54,80,88,16,STOP
31,86,84,10,SAFE
46,94,98,16,REDUCE
26,26,100,10,SAFE
30,57,84,10,SAFE
37,10,99,10,SAFE
41,89,93,25,SAFE
28,91,88,32,SAFE
46,52,95,20,REDUCE
55,53,89,16,STOP
29,97,81,25,SAFE
42,27,82,10,REDUCE
40,44,87,20,SAFE
50,26,95,32,STOP
35,60,81,16,SAFE
52,56,99,20,STOP
25,21,92,10,SAFE
27,13,84,20,SAFE
45,20,80,10,REDUCE
38,60,95,25,SAFE
29,25,100,32,SAFE
54,67,94,20,STOP
50,73,88,25,STOP
40,40,94,10,SAFE
53,44,100,10,STOP
25,61,96,20,SAFE
40,26,97,20,SAFE
43,89,83,25,REDUCE
29,22,81,25,SAFE
51,19,100,10,STOP
28,59,81,16,SAFE
52,68,86,32,STOP
52,97,96,16,STOP
53,47,91,10,STOP
47,76,88,10,REDUCE
33,65,85,25,SAFE
55,73,90,32,STOP
46,36,94,32,REDUCE
35,32,85,32,SAFE
29,64,87,32,SAFE
34,66,85,10,SAFE
34,39,100,25,SAFE
44,73,98,16,REDUCE
40,59,96,10,SAFE
49,53,84,32,STOP
34,53,90,20,SAFE
37,66,91,20,SAFE
26,21,98,16,SAFE
34,99,95,32,SAFE
34,23,88,25,SAFE
49,88,90,16,STOP
29,62,85,32,SAFE
33,64,95,32,SAFE
35,72,94,25,SAFE
37,70,83,25,SAFE
45,60,88,32,REDUCE
35,16,90,32,SAFE
38,48,89,32,SAFE
32,82,86,10,SAFE
50,41,83,25,STOP
29,58,81,32,SAFE
28,41,81,10,SAFE
39,12,87,32,SAFE
26,74,88,32,SAFE
34,10,82,16,SAFE
25,74,90,25,SAFE
28,79,90,10,SAFE
41,53,92,20,SAFE
42,92,100,25,REDUCE
42,62,99,16,REDUCE
50,34,94,20,STOP
28,93,96,10,SAFE
39,31,94,20,SAFE
32,34,88,32,SAFE
50,66,92,20,STOP
52,72,94,10,STOP
42,63,80,10,REDUCE
33,76,93,10,SAFE
27,56,95,32,SAFE
29,75,86,16,SAFE
45,40,98,20,REDUCE
27,97,82,20,SAFE
49,45,95,32,STOP
28,84,93,16,SAFE
55,82,97,20,STOP
43,53,91,16,REDUCE
35,22,90,16,SAFE
36,41,96,10,SAFE
37,84,97,10,SAFE
47,93,82,25,REDUCE
37,99,98,16,SAFE
25,42,89,10,SAFE
32,42,91,16,SAFE
33,69,89,32,SAFE
53,100,83,25,STOP
33,73,99,16,SAFE
36,94,80,25,SAFE
40,53,83,10,SAFE
42,48,98,10,REDUCE
27,92,91,20,SAFE
54,78,97,20,STOP
46,25,93,16,REDUCE
26,14,86,25,SAFE
55,96,90,20,STOP
33,14,81,20,SAFE
27,72,90,10,SAFE
33,69,99,32,SAFE
49,93,88,20,STOP
50,88,80,20,STOP
52,59,97,25,STOP
50,35,87,10,STOP
31,69,87,10,SAFE
30,16,93,25,SAFE
34,81,81,32,SAFE
38,100,94,20,SAFE
43,30,84,20,REDUCE
25,76,99,20,SAFE
43,98,87,20,REDUCE
52,70,90,16,STOP
30,88,100,32,SAFE
26,64,84,16,SAFE
32,62,94,32,SAFE
46,28,100,10,REDUCE
48,86,81,20,STOP
54,90,93,25,STOP
34,56,89,20,SAFE
44,57,94,20,REDUCE
34,27,88,32,SAFE
51,29,96,20,STOP
39,60,85,25,SAFE
42,60,83,25,REDUCE
35,69,98,25,SAFE
27,25,80,20,SAFE
52,57,99,25,STOP
34,90,93,16,SAFE
36,63,82,25,SAFE
45,10,87,20,REDUCE
32,43,94,10,SAFE
29,54,80,25,SAFE
41,42,92,32,SAFE
52,78,93,16,STOP
27,91,83,32,SAFE
31,77,85,32,SAFE
48,45,94,10,STOP
28,11,86,25,SAFE
26,16,100,25,SAFE
38,39,95,32,SAFE
47,36,100,25,REDUCE
52,96,81,25,STOP
44,59,87,25,REDUCE
32,97,88,25,SAFE
34,59,83,20,SAFE
25,15,95,16,SAFE
36,17,82,32,SAFE
49,69,94,20,STOP
41,82,83,32,SAFE
32,49,80,20,SAFE
30,94,100,16,SAFE
34,58,93,20,SAFE
51,42,98,20,STOP
30,71,99,20,SAFE
37,33,94,32,SAFE
35,20,83,20,SAFE
44,30,99,10,REDUCE
44,48,83,10,REDUCE
48,47,92,20,STOP
26,14,82,10,SAFE
39,48,96,20,SAFE
54,76,97,25,STOP
50,95,84,10,STOP
39,47,90,25,SAFE
46,58,97,16,REDUCE
51,77,93,25,STOP
32,81,80,25,SAFE
44,67,87,25,REDUCE
51,92,81,20,STOP
43,59,97,25,REDUCE
41,23,95,25,SAFE
52,54,99,25,STOP
43,33,98,20,REDUCE
55,65,95,20,STOP
54,47,84,25,STOP
36,62,99,10,SAFE
55,43,90,16,STOP
25,16,98,10,SAFE
35,58,90,20,SAFE
31,36,88,16,SAFE
53,62,94,25,STOP
25,12,81,20,SAFE
52,77,94,25,STOP
43,97,100,32,REDUCE
31,56,98,20,SAFE
53,57,85,32,STOP
30,75,83,32,SAFE
34,27,96,10,SAFE
33,66,88,10,SAFE
34,88,97,20,SAFE
31,47,82,20,SAFE
51,50,96,20,STOP
41,76,87,32,SAFE
39,56,99,32,SAFE
31,93,100,32,SAFE
35,81,85,25,SAFE
29,47,89,20,SAFE
43,25,95,16,REDUCE
35,90,90,20,SAFE
46,71,89,10,REDUCE
43,39,82,10,REDUCE
26,37,92,10,SAFE
26,16,80,32,SAFE
25,18,85,32,SAFE
53,60,88,16,STOP
30,25,94,32,SAFE
36,19,80,32,SAFE
38,99,93,10,SAFE
52,100,96,20,STOP
35,69,99,20,SAFE
30,34,80,10,SAFE
38,77,85,16,SAFE
49,99,90,25,STOP
45,96,91,32,REDUCE
40,39,95,32,SAFE
44,55,97,32,REDUCE
51,18,91,25,STOP
38,73,89,20,SAFE
35,58,99,32,SAFE
38,48,87,25,SAFE
31,99,94,16,SAFE
31,59,88,10,SAFE
30,78,93,20,SAFE
55,62,97,20,STOP
27,77,93,20,SAFE
34,36,82,16,SAFE
43,89,99,16,REDUCE
55,68,100,25,STOP
51,85,81,16,STOP
32,23,81,25,SAFE
30,22,87,10,SAFE
45,80,91,25,REDUCE
33,67,99,16,SAFE
25,30,84,16,SAFE
42,95,84,10,REDUCE
35,65,90,10,SAFE
53,23,83,16,STOP
30,74,93,32,SAFE
25,54,86,16,SAFE
25,81,90,20,SAFE
27,55,100,10,SAFE
54,61,86,10,STOP
43,32,83,32,REDUCE
25,85,96,20,SAFE
53,80,80,16,STOP
44,30,81,10,REDUCE
34,33,89,20,SAFE
31,25,84,25,SAFE
30,15,93,32,SAFE
45,86,93,20,REDUCE
49,60,100,16,STOP
48,53,94,25,STOP
47,69,89,32,REDUCE
31,64,96,16,SAFE
44,92,81,16,REDUCE
50,94,84,16,STOP
33,45,83,16,SAFE
40,82,86,10,SAFE
38,28,99,25,SAFE
31,25,94,20,SAFE
51,36,99,10,STOP
32,13,84,32,SAFE
35,52,85,16,SAFE
38,95,86,25,SAFE
34,16,95,20,SAFE
44,72,89,10,REDUCE
37,52,95,10,SAFE
54,35,93,16,STOP
49,57,80,10,STOP
54,22,100,20,STOP
53,64,98,20,STOP
48,61,91,16,STOP
43,69,96,20,REDUCE
26,11,87,20,SAFE
50,83,98,25,STOP
55,34,83,32,STOP
51,55,87,32,STOP
28,76,80,20,SAFE
45,90,92,20,REDUCE
54,30,93,32,STOP
27,76,89,32,SAFE
25,39,92,32,SAFE
34,39,90,16,SAFE
47,25,93,10,REDUCE
36,78,90,25,SAFE
25,11,95,25,SAFE
28,39,94,20,SAFE
40,34,94,20,SAFE
35,99,97,25,SAFE
45,43,90,25,REDUCE
26,94,97,10,SAFE
30,49,86,16,SAFE
33,70,99,10,SAFE
36,30,88,25,SAFE
53,29,85,16,STOP
52,68,87,20,STOP
54,27,99,25,STOP
31,64,83,32,SAFE
42,35,100,32,REDUCE
31,20,89,32,SAFE
52,77,89,16,STOP
35,63,92,20,SAFE
32,99,95,25,SAFE
40,84,93,32,SAFE
26,64,80,25,SAFE
44,12,87,32,REDUCE
42,47,87,20,REDUCE
49,60,96,10,STOP
47,60,87,10,REDUCE
51,60,88,10,STOP
45,55,94,25,REDUCE
30,48,95,16,SAFE
43,77,94,20,REDUCE
53,70,90,32,STOP
55,38,93,16,STOP
47,10,94,25,REDUCE
40,46,98,32,SAFE
50,18,94,10,STOP
26,10,96,10,SAFE
33,72,99,10,SAFE
33,40,93,20,SAFE
48,20,90,20,STOP
53,95,83,20,STOP
34,12,88,20,SAFE
32,90,86,10,SAFE
32,90,81,25,SAFE
44,57,93,25,REDUCE
27,23,93,10,SAFE
31,43,100,20,SAFE
38,44,100,20,SAFE
53,86,88,25,STOP
47,27,90,10,REDUCE
32,84,91,10,SAFE
45,23,90,16,REDUCE
29,38,89,25,SAFE
33,62,97,25,SAFE
45,54,91,10,REDUCE
33,82,84,25,SAFE
27,89,96,16,SAFE
28,70,82,32,SAFE
32,82,81,32,SAFE
34,98,85,16,SAFE
26,10,89,16,SAFE
30,17,85,20,SAFE
50,48,86,20,STOP
49,19,96,10,STOP
27,90,93,20,SAFE
44,85,87,10,REDUCE
53,28,80,20,STOP
52,67,80,20,STOP
29,23,91,10,SAFE
44,65,91,10,REDUCE
30,62,98,20,SAFE
50,29,85,20,STOP
41,53,86,32,SAFE
55,45,95,10,STOP
53,42,91,20,STOP
34,65,96,25,SAFE
46,33,80,25,REDUCE
32,15,95,16,SAFE
45,44,100,32,REDUCE
41,38,91,32,SAFE
36,96,88,20,SAFE
34,62,81,25,SAFE
47,52,96,25,REDUCE
45,83,91,10,REDUCE
34,84,84,20,SAFE
47,87,91,25,REDUCE
40,72,86,16,SAFE
45,25,87,16,REDUCE
54,28,81,25,STOP
48,54,91,32,STOP
38,56,92,20,SAFE
30,83,81,10,SAFE
36,13,100,25,SAFE
53,25,92,16,STOP
47,88,94,25,REDUCE
29,72,86,32,SAFE
47,41,94,20,REDUCE
34,35,89,25,SAFE
32,11,85,20,SAFE
52,50,96,16,STOP
29,11,80,20,SAFE
33,77,97,16,SAFE
45,28,98,16,REDUCE
34,23,87,16,SAFE
29,71,95,10,SAFE
25,53,80,10,SAFE
45,40,87,16,REDUCE
29,26,85,16,SAFE
54,33,100,16,STOP
53,43,82,10,STOP
45,69,91,16,REDUCE
41,15,98,10,SAFE
39,99,98,10,SAFE
47,64,86,16,REDUCE
39,81,81,25,SAFE
44,70,100,20,REDUCE
27,26,84,10,SAFE
43,38,88,16,REDUCE
50,72,88,20,STOP
28,52,81,10,SAFE
26,55,98,10,SAFE
50,86,100,16,STOP
48,97,86,32,STOP
53,83,92,10,STOP
44,66,89,25,REDUCE
36,44,82,10,SAFE
39,17,96,32,SAFE
25,37,91,25,SAFE
48,18,92,10,STOP
45,22,81,16,REDUCE
41,58,82,32,SAFE
46,25,80,25,REDUCE
47,36,84,20,REDUCE
40,12,80,10,SAFE
49,38,81,20,STOP
32,89,94,16,SAFE
30,15,96,25,SAFE
26,66,87,25,SAFE
46,23,93,16,REDUCE
33,47,96,20,SAFE
26,44,85,32,SAFE
38,47,81,16,SAFE
31,88,99,32,SAFE
31,17,80,20,SAFE
42,74,97,25,REDUCE
52,78,98,10,STOP
50,49,81,16,STOP
51,70,96,10,STOP
47,42,85,20,REDUCE
52,25,94,16,STOP
40,67,82,32,SAFE
41,73,89,32,SAFE
29,60,85,32,SAFE
42,50,99,25,REDUCE
53,92,89,20,STOP
54,83,96,32,STOP
30,100,100,25,SAFE
49,75,96,25,STOP
51,29,84,20,STOP
50,38,91,16,STOP
45,55,93,10,REDUCE
51,80,92,10,STOP
39,40,80,25,SAFE
34,40,89,20,SAFE
27,30,84,20,SAFE
47,44,98,25,REDUCE
51,13,96,32,STOP
38,86,96,10,SAFE
30,85,84,25,SAFE
29,56,94,20,SAFE
52,44,98,16,STOP
55,37,96,10,STOP
55,74,91,32,STOP
42,96,91,32,REDUCE
31,63,94,10,SAFE
46,100,84,20,REDUCE
46,56,99,32,REDUCE
34,53,99,25,SAFE
34,67,98,32,SAFE
28,55,94,16,SAFE
36,27,82,10,SAFE
29,14,87,16,SAFE
30,32,87,25,SAFE
41,83,83,20,SAFE
38,70,89,25,SAFE
48,38,80,32,STOP
52,42,89,25,STOP
50,85,86,10,STOP
29,37,87,16,SAFE
42,81,97,32,REDUCE
37,60,89,25,SAFE
27,86,86,20,SAFE
50,92,89,20,STOP
40,18,88,25,SAFE
30,61,82,10,SAFE
42,62,96,16,REDUCE
55,75,88,32,STOP
38,50,92,25,SAFE
42,81,81,16,REDUCE
31,97,95,10,SAFE
30,67,87,16,SAFE
41,45,89,20,SAFE
48,20,98,16,STOP
27,63,95,32,SAFE
25,64,94,20,SAFE
26,38,93,32,SAFE
40,77,84,10,SAFE
41,12,81,25,SAFE
30,63,100,10,SAFE
36,65,83,16,SAFE
53,84,89,25,STOP
33,64,83,32,SAFE
53,71,89,20,STOP
48,96,94,20,STOP
33,100,80,25,SAFE
49,42,100,32,STOP
28,28,92,20,SAFE
45,76,94,16,REDUCE
49,50,93,32,STOP
54,57,88,25,STOP
46,65,90,10,REDUCE
44,42,97,16,REDUCE
29,29,87,25,SAFE
50,82,85,10,STOP
49,32,92,10,STOP
34,11,87,32,SAFE
33,36,99,16,SAFE
53,62,84,10,STOP
43,48,90,20,REDUCE
51,62,99,16,STOP
38,79,85,10,SAFE
30,66,97,16,SAFE
46,12,80,20,REDUCE
50,83,99,16,STOP
52,37,83,20,STOP
55,19,84,16,STOP
55,100,91,16,STOP
27,83,88,10,SAFE
35,92,100,25,SAFE
47,42,81,16,REDUCE
37,21,82,20,SAFE
27,56,91,10,SAFE
27,71,81,25,SAFE
54,96,85,32,STOP
48,10,93,25,STOP
39,39,94,25,SAFE
34,50,87,20,SAFE
46,81,96,16,REDUCE
50,94,85,20,STOP
45,19,100,10,REDUCE
29,13,80,32,SAFE
53,24,98,20,STOP
29,98,96,20,SAFE
38,61,98,10,SAFE
48,54,100,32,STOP
48,52,85,20,STOP
34,93,86,20,SAFE
42,29,87,20,REDUCE
35,93,81,10,SAFE
41,100,93,32,SAFE
46,74,93,20,REDUCE
52,43,80,10,STOP
45,71,84,16,REDUCE
32,22,95,10,SAFE
31,78,82,25,SAFE
50,37,81,16,STOP
31,69,96,32,SAFE
52,92,99,16,STOP
34,50,97,20,SAFE
40,92,99,10,SAFE
41,30,93,10,SAFE
26,50,94,25,SAFE
51,42,98,32,STOP
40,64,84,25,SAFE
53,14,88,10,STOP
38,48,86,25,SAFE
33,82,86,25,SAFE
50,15,82,32,STOP
27,59,82,10,SAFE
51,45,80,10,STOP
41,42,89,25,SAFE
41,18,83,20,SAFE
30,21,89,10,SAFE
43,42,90,32,REDUCE
42,88,91,16,REDUCE
42,75,81,16,REDUCE
55,48,86,16,STOP
49,61,98,20,STOP
37,61,91,16,SAFE
35,67,81,16,SAFE
53,13,99,20,STOP
46,37,85,10,REDUCE
46,30,96,20,REDUCE
29,90,99,25,SAFE
26,25,90,10,SAFE
41,66,83,20,SAFE
52,62,89,10,STOP
42,57,92,16,REDUCE
45,12,82,25,REDUCE
39,93,83,20,SAFE
26,92,83,16,SAFE
48,40,100,20,STOP
50,22,88,32,STOP
36,47,96,32,SAFE
33,19,96,32,SAFE
28,100,99,16,SAFE
27,18,94,20,SAFE
32,16,92,32,SAFE
28,89,84,10,SAFE
47,13,85,20,REDUCE
34,29,93,32,SAFE
33,50,92,25,SAFE
28,47,82,25,SAFE
48,92,100,10,STOP
46,85,98,16,REDUCE
27,97,92,16,SAFE
35,14,93,32,SAFE
40,45,89,20,SAFE
30,67,86,32,SAFE
35,46,99,32,SAFE
34,30,97,10,SAFE
34,57,97,10,SAFE
40,53,93,25,SAFE
49,14,95,20,STOP
37,79,96,10,SAFE
40,28,88,20,SAFE
51,50,98,10,STOP
31,18,83,25,SAFE
36,85,91,32,SAFE
45,78,95,10,REDUCE
26,67,83,16,SAFE
26,90,96,16,SAFE
54,70,100,10,STOP
34,60,84,32,SAFE
28,63,97,20,SAFE
29,83,80,10,SAFE
34,48,93,20,SAFE
45,78,98,16,REDUCE
50,81,96,16,STOP
36,34,84,20,SAFE
44,29,88,16,REDUCE
39,53,93,16,SAFE
51,39,88,10,STOP
55,31,83,20,STOP
40,44,82,25,SAFE
43,52,94,32,REDUCE
48,65,97,16,STOP
53,16,82,16,STOP
46,74,99,10,REDUCE
45,97,85,20,REDUCE
50,22,98,16,STOP
27,69,91,32,SAFE
39,43,83,16,SAFE
49,15,99,16,STOP
31,24,98,32,SAFE
30,25,95,16,SAFE
28,88,91,20,SAFE
33,93,98,25,SAFE
45,72,86,10,REDUCE
55,62,96,10,STOP
30,19,88,20,SAFE
27,27,85,32,SAFE
49,86,98,25,STOP
49,42,93,32,STOP
47,45,87,32,REDUCE
29,71,99,32,SAFE
49,29,98,32,STOP
51,24,98,25,STOP
34,18,90,20,SAFE
41,45,89,16,SAFE
28,34,80,25,SAFE
28,43,80,32,SAFE
33,35,94,32,SAFE
32,32,84,16,SAFE
28,47,99,10,SAFE
50,21,86,10,STOP
40,86,95,10,SAFE
30,23,94,32,SAFE
52,100,87,16,STOP
38,67,90,10,SAFE
39,97,80,16,SAFE
47,15,90,10,REDUCE
43,96,98,20,REDUCE
37,66,80,10,SAFE
28,24,91,16,SAFE
47,99,90,25,REDUCE
51,46,89,10,STOP
27,86,87,20,SAFE
48,84,81,10,STOP
34,62,81,20,SAFE
29,78,90,32,SAFE
31,69,82,32,SAFE
55,42,97,16,STOP
51,14,88,16,STOP
27,69,89,25,SAFE
38,74,95,16,SAFE
41,92,85,20,SAFE
32,24,80,25,SAFE
47,31,96,10,REDUCE
36,29,80,16,SAFE
48,100,82,10,STOP
33,51,80,10,SAFE
50,34,87,10,STOP
46,97,97,20,REDUCE
25,85,86,16,SAFE
49,42,88,32,STOP
49,33,84,32,STOP
32,15,96,32,SAFE
48,65,91,20,STOP
37,88,95,16,SAFE
33,63,97,10,SAFE
49,58,95,32,STOP
41,44,95,10,SAFE
35,19,82,32,SAFE
35,74,100,10,SAFE
34,26,100,16,SAFE
25,37,91,16,SAFE
49,42,82,10,STOP
30,96,81,16,SAFE
29,31,87,25,SAFE
31,45,99,20,SAFE
42,38,84,25,REDUCE
38,20,85,25,SAFE
38,66,81,20,SAFE
28,54,84,16,SAFE
33,17,82,10,SAFE
39,44,80,32,SAFE
27,10,86,20,SAFE
43,56,93,10,REDUCE
31,41,94,32,SAFE
55,43,98,20,STOP
29,43,88,25,SAFE
45,48,94,16,REDUCE
39,14,95,20,SAFE
38,50,93,25,SAFE
27,52,93,32,SAFE
31,21,89,16,SAFE
47,88,100,10,REDUCE
41,33,84,25,SAFE
36,59,88,10,SAFE
44,12,81,10,REDUCE
54,67,93,20,STOP
27,34,86,32,SAFE
38,19,93,10,SAFE
30,15,96,20,SAFE
26,17,96,10,SAFE
35,50,87,20,SAFE
42,97,80,16,REDUCE
51,17,100,32,STOP
45,15,92,25,REDUCE
52,76,81,20,STOP
48,89,83,32,STOP
36,13,81,16,SAFE
49,70,87,16,STOP
48,69,86,32,STOP
31,68,88,20,SAFE
49,99,89,16,STOP
28,97,82,10,SAFE
35,65,99,25,SAFE
40,11,81,16,SAFE
27,16,85,10,SAFE
55,51,98,10,STOP
30,100,84,25,SAFE
41,48,89,10,SAFE
51,31,81,16,STOP
48,20,88,32,STOP
37,94,93,10,SAFE
38,91,83,32,SAFE
31,31,92,10,SAFE
29,91,81,32,SAFE
33,99,99,32,SAFE
41,21,93,25,SAFE
53,92,99,20,STOP
25,88,95,20,SAFE
27,19,88,16,SAFE
55,98,89,16,STOP
42,15,99,10,REDUCE
46,54,100,25,REDUCE
53,81,86,10,STOP
45,38,93,20,REDUCE
55,29,100,20,STOP
36,95,88,16,SAFE
53,32,100,32,STOP
52,62,99,16,STOP
41,51,87,25,SAFE
31,35,90,16,SAFE
31,34,87,20,SAFE
28,42,95,32,SAFE
37,43,100,32,SAFE
28,83,94,16,SAFE
35,91,90,10,SAFE
54,80,90,10,STOP
54,57,89,16,STOP
45,13,86,16,REDUCE
44,30,92,10,REDUCE
52,33,85,20,STOP
30,49,90,16,SAFE
28,61,88,10,SAFE
48,28,97,16,STOP
26,89,89,20,SAFE
27,99,82,16,SAFE
43,76,94,32,REDUCE
54,55,97,16,STOP
32,60,91,10,SAFE
41,82,83,10,SAFE
44,64,81,20,REDUCE
41,67,88,16,SAFE
28,92,88,10,SAFE
37,99,91,20,SAFE
44,61,84,32,REDUCE
40,68,87,20,SAFE
42,55,94,10,REDUCE
29,96,82,32,SAFE
51,68,83,20,STOP
44,39,94,10,REDUCE
53,53,91,25,STOP
44,68,99,16,REDUCE
39,47,80,10,SAFE
51,58,85,20,STOP
35,22,86,16,SAFE
26,51,100,16,SAFE
47,25,88,10,REDUCE
34,42,86,20,SAFE
51,49,91,10,STOP
53,95,91,32,STOP
50,25,99,25,STOP
53,28,99,16,STOP
41,73,98,25,SAFE
34,42,98,16,SAFE
48,41,100,25,STOP
38,90,88,16,SAFE
29,90,95,16,SAFE
48,74,99,10,STOP
39,11,94,16,SAFE
41,65,93,10,SAFE
42,92,88,10,REDUCE
40,81,97,32,SAFE
55,97,94,25,STOP
32,71,92,25,SAFE
29,19,98,25,SAFE
52,47,87,32,STOP
49,47,87,16,STOP
32,57,96,25,SAFE
28,95,92,16,SAFE
47,81,91,32,REDUCE
42,40,93,16,REDUCE
51,33,93,25,STOP
51,41,80,20,STOP
41,29,99,32,SAFE
51,82,89,16,STOP
48,77,98,25,STOP
40,82,90,25,SAFE
42,96,89,10,REDUCE
40,82,80,25,SAFE
30,10,80,20,SAFE
31,21,93,10,SAFE
40,79,80,25,SAFE
42,15,90,32,REDUCE
32,16,92,10,SAFE
37,39,96,20,SAFE
34,36,88,16,SAFE
41,71,91,20,SAFE
41,94,99,20,SAFE
51,74,93,16,STOP
50,37,89,16,STOP
30,55,85,16,SAFE
40,41,98,32,SAFE
28,71,98,32,SAFE
52,83,80,20,STOP
30,56,89,16,SAFE
43,60,86,20,REDUCE
35,67,93,10,SAFE
25,36,86,25,SAFE
34,46,88,16,SAFE
40,57,91,25,SAFE
36,53,83,10,SAFE
34,100,92,20,SAFE
28,69,97,32,SAFE
44,47,91,20,REDUCE
54,72,91,10,STOP
44,16,97,25,REDUCE
30,60,95,16,SAFE
38,98,89,32,SAFE
28,88,95,20,SAFE
39,58,86,16,SAFE
26,14,99,10,SAFE
54,24,81,32,STOP
35,66,91,10,SAFE
38,31,81,20,SAFE
44,59,80,25,REDUCE
50,87,87,16,STOP
27,35,96,20,SAFE
30,85,98,10,SAFE
54,14,81,16,STOP
33,43,96,32,SAFE
30,41,87,10,SAFE
27,56,87,32,SAFE
49,57,84,20,STOP
55,17,80,25,STOP
38,61,83,25,SAFE
41,27,95,10,SAFE
48,32,82,32,STOP
51,24,84,32,STOP
43,90,95,10,REDUCE
54,72,82,25,STOP
26,31,93,32,SAFE
35,47,97,16,SAFE
34,37,91,20,SAFE
29,43,96,10,SAFE
38,82,86,20,SAFE
34,79,81,10,SAFE
52,22,95,25,STOP
46,65,97,32,REDUCE
43,62,92,32,REDUCE
50,96,87,32,STOP
36,64,82,25,SAFE
27,77,90,25,SAFE
55,91,95,16,STOP
27,67,97,16,SAFE
30,94,81,25,SAFE
30,78,87,10,SAFE
40,22,92,25,SAFE
48,52,90,25,STOP
37,36,88,32,SAFE
47,83,96,25,REDUCE
26,26,85,16,SAFE
37,26,97,32,SAFE
40,10,95,16,SAFE
30,86,94,32,SAFE
45,74,93,16,REDUCE
29,61,99,32,SAFE
27,70,94,32,SAFE
48,87,100,20,STOP
34,41,82,16,SAFE
28,29,90,32,SAFE
31,74,94,25,SAFE
26,34,94,20,SAFE
28,21,89,32,SAFE
33,67,99,20,SAFE
51,26,80,32,STOP
29,10,95,10,SAFE
38,17,80,20,SAFE
54,38,93,10,STOP
47,79,100,25,REDUCE
43,50,80,25,REDUCE
47,26,97,20,REDUCE
47,40,95,25,REDUCE
50,29,88,16,STOP
34,24,100,16,SAFE
48,12,91,10,STOP
47,64,88,16,REDUCE
49,81,87,16,STOP
39,86,97,16,SAFE
50,59,94,25,STOP
27,53,96,16,SAFE
51,10,96,20,STOP
29,87,94,32,SAFE
30,100,90,25,SAFE
45,33,94,32,REDUCE
40,100,93,20,SAFE
30,92,87,10,SAFE
38,67,97,10,SAFE
52,36,95,16,STOP
35,66,94,10,SAFE
37,70,86,20,SAFE
37,70,85,10,SAFE
39,70,86,25,SAFE
50,39,100,32,STOP
25,80,87,10,SAFE
43,17,100,25,REDUCE
36,87,80,10,SAFE
29,19,85,20,SAFE
54,79,92,25,STOP
51,38,94,25,STOP
30,27,83,20,SAFE
31,91,88,16,SAFE
39,99,86,25,SAFE
49,46,93,10,STOP
35,45,81,20,SAFE
39,45,96,25,SAFE
53,84,92,10,STOP
50,19,87,10,STOP
40,63,90,32,SAFE
33,51,82,16,SAFE
27,79,95,32,SAFE
54,84,94,10,STOP
37,24,85,25,SAFE
49,73,89,32,STOP
29,57,95,32,SAFE
53,17,85,16,STOP
46,73,99,25,REDUCE
45,44,80,10,REDUCE
25,78,100,32,SAFE
29,87,82,32,SAFE
52,39,83,10,STOP
44,65,85,10,REDUCE
33,56,99,10,SAFE
44,91,87,16,REDUCE
39,47,84,10,SAFE
55,22,82,25,STOP
35,73,89,32,SAFE
40,39,98,20,SAFE
28,58,83,16,SAFE
45,93,98,20,REDUCE
37,64,91,10,SAFE
53,67,93,32,STOP
33,15,87,20,SAFE
54,34,99,25,STOP
44,25,87,10,REDUCE
41,34,81,32,SAFE
32,78,87,10,SAFE
50,67,90,10,STOP
54,25,82,10,STOP
41,91,95,32,SAFE
25,20,87,16,SAFE
25,63,91,32,SAFE
37,14,97,32,SAFE
35,99,87,16,SAFE
33,94,82,16,SAFE
28,63,93,25,SAFE
48,83,84,10,STOP
26,100,82,25,SAFE
32,91,91,10,SAFE
39,100,80,10,SAFE
53,28,84,32,STOP
45,46,91,32,REDUCE
48,73,82,25,STOP
43,35,98,25,REDUCE
27,16,82,32,SAFE
34,92,89,16,SAFE
48,38,92,25,STOP
38,78,83,32,SAFE
34,88,90,10,SAFE
55,81,83,32,STOP
29,80,89,25,SAFE
53,70,98,16,STOP
44,22,87,20,REDUCE
49,58,100,32,STOP
46,30,80,16,REDUCE
44,37,93,32,REDUCE
50,59,83,20,STOP
25,94,97,25,SAFE
55,51,87,25,STOP
35,82,93,10,SAFE
35,54,93,25,SAFE
31,47,87,32,SAFE
46,24,85,25,REDUCE
35,85,89,16,SAFE
31,90,81,32,SAFE
49,91,81,10,STOP
48,46,95,20,STOP
45,83,80,20,REDUCE
32,49,82,16,SAFE
48,90,98,25,STOP
46,74,88,16,REDUCE
51,23,83,16,STOP
42,86,84,25,REDUCE
41,38,87,25,SAFE
38,44,96,16,SAFE
45,41,98,16,REDUCE
28,79,84,32,SAFE
40,90,83,25,SAFE
52,28,93,10,STOP
49,82,91,25,STOP
29,69,82,16,SAFE
31,64,89,16,SAFE
38,41,98,25,SAFE
51,80,99,10,STOP
29,70,97,10,SAFE
49,17,82,25,STOP
29,59,82,10,SAFE
38,93,95,32,SAFE
54,87,100,16,STOP
46,81,93,25,REDUCE
32,35,95,10,SAFE
47,41,88,20,REDUCE
40,85,95,20,SAFE
26,30,96,32,SAFE
48,31,92,32,STOP
41,21,98,25,SAFE
35,84,92,10,SAFE
27,20,100,25,SAFE
55,17,89,25,STOP
36,58,91,16,SAFE
36,70,81,20,SAFE
55,73,82,20,STOP
51,45,85,16,STOP
45,76,89,20,REDUCE
52,29,82,16,STOP
48,80,89,32,STOP
29,99,89,20,SAFE
28,91,90,10,SAFE
39,35,85,16,SAFE
40,32,98,16,SAFE
47,24,98,16,REDUCE
48,23,92,25,STOP
41,64,85,10,SAFE
40,47,96,32,SAFE
26,56,89,10,SAFE
29,24,97,16,SAFE
30,86,84,32,SAFE
42,47,99,32,REDUCE
48,34,93,20,STOP
27,96,98,10,SAFE
31,43,89,25,SAFE
27,96,90,10,SAFE
29,51,83,25,SAFE
50,45,89,20,STOP
26,80,86,32,SAFE
41,47,99,20,SAFE
40,73,89,16,SAFE
31,51,81,10,SAFE
44,35,97,25,REDUCE
30,51,98,32,SAFE
29,67,91,20,SAFE
47,78,94,32,REDUCE
46,29,97,10,REDUCE
33,33,82,20,SAFE
25,70,97,20,SAFE
37,60,88,10,SAFE
37,30,98,32,SAFE
35,64,97,25,SAFE
43,21,86,10,REDUCE
36,89,80,25,SAFE
47,44,85,25,REDUCE
51,78,95,25,STOP
35,24,92,16,SAFE
28,92,82,10,SAFE
55,75,100,25,STOP
32,91,85,32,SAFE
29,19,84,25,SAFE
49,71,92,32,STOP
48,66,93,10,STOP
35,98,84,32,SAFE
41,93,90,20,SAFE
49,66,84,25,STOP
44,22,97,10,REDUCE
35,77,90,10,SAFE
34,16,85,25,SAFE
41,88,98,16,SAFE
53,90,83,20,STOP
28,78,87,10,SAFE
25,60,84,25,SAFE
33,24,89,16,SAFE
28,54,95,32,SAFE
40,31,93,25,SAFE
33,15,96,16,SAFE
34,66,81,16,SAFE
43,71,95,10,REDUCE
35,50,83,20,SAFE
52,18,94,32,STOP
30,76,92,32,SAFE
51,22,88,16,STOP
27,10,85,25,SAFE
50,87,98,32,STOP
47,60,89,16,REDUCE
35,91,86,25,SAFE
28,35,81,16,SAFE
47,89,99,16,REDUCE
49,41,85,20,STOP
42,90,90,16,REDUCE
42,68,91,10,REDUCE
31,74,97,32,SAFE
25,44,92,10,SAFE
51,77,82,10,STOP
35,27,91,10,SAFE
45,39,96,20,REDUCE
52,43,83,16,STOP
44,27,82,32,REDUCE
46,45,100,32,REDUCE
26,75,83,20,SAFE
39,76,87,10,SAFE
37,35,83,32,SAFE
38,56,99,25,SAFE
55,61,92,20,STOP
36,50,90,20,SAFE
32,83,95,25,SAFE
29,97,93,16,SAFE
43,42,81,10,REDUCE
25,19,92,16,SAFE
41,53,94,16,SAFE
28,48,94,10,SAFE
28,50,94,32,SAFE
54,27,87,16,STOP
39,54,94,10,SAFE
40,82,80,16,SAFE
45,64,89,25,REDUCE
31,21,84,32,SAFE
47,65,84,25,REDUCE
30,60,93,20,SAFE
46,35,100,16,REDUCE
48,83,98,20,STOP
49,56,100,10,STOP
49,57,82,32,STOP
40,72,99,20,SAFE
35,93,82,20,SAFE
54,31,99,16,STOP
32,83,95,20,SAFE
37,18,84,32,SAFE
26,26,93,16,SAFE
33,19,81,20,SAFE
35,73,93,16,SAFE
33,64,92,32,SAFE
40,19,82,16,SAFE
43,73,98,16,REDUCE
42,91,95,32,REDUCE
28,89,84,20,SAFE
26,24,84,25,SAFE
47,89,91,10,REDUCE
50,56,96,16,STOP
34,94,94,10,SAFE
50,89,98,16,STOP
33,31,92,25,SAFE
41,40,100,20,SAFE
44,23,83,25,REDUCE
38,92,95,25,SAFE
31,40,85,32,SAFE
30,73,87,20,SAFE
36,18,88,25,SAFE
37,46,87,16,SAFE
37,47,100,10,SAFE
28,31,98,16,SAFE
29,63,86,20,SAFE
27,86,84,25,SAFE
54,67,81,32,STOP
44,98,100,16,REDUCE
47,84,96,20,REDUCE
52,23,94,10,STOP
35,30,91,32,SAFE
37,10,92,32,SAFE
50,15,85,25,STOP
37,28,83,20,SAFE
38,22,93,10,SAFE
54,30,92,25,STOP
38,59,88,10,SAFE
47,32,88,20,REDUCE
38,10,84,32,SAFE
55,98,81,32,STOP
43,29,84,16,REDUCE
35,39,99,25,SAFE
51,70,80,10,STOP
51,89,95,10,STOP
30,100,89,20,SAFE
38,47,94,16,SAFE
47,95,91,32,REDUCE
33,85,95,16,SAFE
48,40,83,32,STOP
25,39,81,10,SAFE
41,55,94,25,SAFE
37,46,90,25,SAFE
45,22,97,10,REDUCE
26,63,95,20,SAFE
37,13,89,32,SAFE
53,37,99,20,STOP
53,14,99,16,STOP
53,100,100,10,STOP
31,28,100,25,SAFE
37,19,89,25,SAFE
52,96,98,16,STOP
48,62,94,10,STOP
36,74,87,10,SAFE
45,89,81,32,REDUCE
53,22,85,25,STOP
46,13,95,10,REDUCE
44,44,88,10,REDUCE
27,33,85,10,SAFE
40,49,80,25,SAFE
40,95,80,20,SAFE
34,34,85,20,SAFE
43,13,83,10,REDUCE
53,51,96,25,STOP
51,61,90,32,STOP
50,58,86,32,STOP
48,12,86,10,STOP
47,76,95,10,REDUCE
28,14,100,32,SAFE
30,87,86,16,SAFE
50,50,99,16,STOP
45,71,86,32,REDUCE
54,84,84,10,STOP
26,91,87,20,SAFE
51,80,88,16,STOP
33,93,85,25,SAFE
38,22,93,10,SAFE
45,74,96,32,REDUCE
48,65,85,25,STOP
40,62,81,32,SAFE
51,58,92,25,STOP
45,62,92,25,REDUCE
28,28,88,25,SAFE
42,72,93,20,REDUCE
41,94,95,16,SAFE
34,96,88,16,SAFE
50,43,81,20,STOP
37,30,95,25,SAFE
52,76,89,25,STOP
55,56,99,32,STOP
47,63,83,25,REDUCE
46,37,97,20,REDUCE
51,43,84,16,STOP
47,30,95,25,REDUCE
54,13,92,20,STOP
35,44,92,16,SAFE
45,13,99,10,REDUCE
26,44,80,16,SAFE
39,65,99,32,SAFE
42,14,92,16,REDUCE
27,25,89,25,SAFE
55,80,86,25,STOP
35,12,88,16,SAFE
32,63,92,25,SAFE
41,23,82,32,SAFE
44,46,88,16,REDUCE
28,81,89,10,SAFE
53,85,84,32,STOP
40,73,86,16,SAFE
46,78,86,32,REDUCE
28,48,84,20,SAFE
35,77,86,25,SAFE
35,11,87,32,SAFE
52,20,83,20,STOP
27,81,99,20,SAFE
48,64,92,16,STOP
54,44,90,32,STOP
27,64,97,16,SAFE
42,24,98,20,REDUCE
37,23,87,16,SAFE
31,76,88,16,SAFE
34,43,100,10,SAFE
51,80,100,32,STOP
27,65,93,16,SAFE
46,34,93,16,REDUCE
49,51,85,32,STOP
55,99,96,25,STOP
31,18,94,20,SAFE
38,78,89,10,SAFE
27,82,96,25,SAFE
53,46,83,25,STOP
50,36,81,16,STOP
36,72,80,25,SAFE
45,89,99,20,REDUCE
42,70,87,20,REDUCE
47,10,97,10,REDUCE
55,15,87,25,STOP
43,75,98,25,REDUCE
37,98,93,10,SAFE
29,13,100,32,SAFE
46,59,80,10,REDUCE
38,64,86,25,SAFE
46,100,94,25,REDUCE
32,54,86,25,SAFE
52,32,98,32,STOP
51,39,82,10,STOP
55,86,99,32,STOP
25,44,82,16,SAFE
43,100,95,10,REDUCE
54,67,90,25,STOP
55,81,100,25,STOP
51,12,92,25,STOP
41,95,96,16,SAFE
29,35,90,32,SAFE
43,65,99,10,REDUCE
47,83,95,25,REDUCE
47,13,97,32,REDUCE
37,29,81,25,SAFE
33,64,88,10,SAFE
39,95,96,20,SAFE
46,99,85,25,REDUCE
54,15,81,20,STOP
50,72,83,20,STOP
36,79,80,20,SAFE
42,44,92,32,REDUCE
42,60,89,16,REDUCE
40,39,99,10,SAFE
51,13,88,25,STOP
30,31,85,32,SAFE
36,83,96,20,SAFE
54,99,88,16,STOP
54,97,98,20,STOP
40,10,85,16,SAFE
44,51,91,25,REDUCE
26,83,89,32,SAFE
31,28,80,32,SAFE
54,64,80,20,STOP
26,22,89,25,SAFE
52,34,89,10,STOP
39,26,95,25,SAFE
42,24,85,25,REDUCE
35,48,97,25,SAFE
43,94,98,32,REDUCE
50,92,81,32,STOP
46,82,83,25,REDUCE
26,24,86,32,SAFE
48,100,97,32,STOP
51,55,80,10,STOP
35,74,86,20,SAFE
41,32,86,16,SAFE
49,88,81,20,STOP
30,61,80,16,SAFE
35,87,82,10,SAFE
52,16,94,32,STOP
28,79,93,10,SAFE
40,22,94,32,SAFE
54,79,100,20,STOP
46,95,81,20,REDUCE
35,29,82,25,SAFE
52,98,99,20,STOP
38,23,85,32,SAFE
29,61,98,32,SAFE
25,57,81,32,SAFE
36,83,92,16,SAFE
49,12,95,16,STOP
36,21,98,16,SAFE
52,42,81,20,STOP
44,37,100,32,REDUCE
45,73,94,32,REDUCE
54,25,97,32,STOP
39,42,96,25,SAFE
41,28,98,10,SAFE
51,50,87,25,STOP
41,68,87,25,SAFE
48,63,86,16,STOP
30,36,86,25,SAFE
50,52,89,20,STOP
51,39,83,32,STOP
42,32,83,25,REDUCE
43,23,86,10,REDUCE
52,70,92,16,STOP
36,66,97,16,SAFE
41,22,94,32,SAFE
45,68,91,10,REDUCE
41,58,92,25,SAFE
43,88,81,20,REDUCE
50,37,98,20,STOP
34,90,100,10,SAFE
27,26,89,32,SAFE
47,69,100,32,REDUCE
55,45,85,16,STOP
30,74,84,10,SAFE
49,100,90,16,STOP
42,13,98,25,REDUCE
55,92,91,32,STOP
46,31,87,25,REDUCE
35,74,88,20,SAFE
48,95,95,32,STOP
50,20,97,10,STOP
38,54,92,32,SAFE
54,38,80,32,STOP
53,82,90,25,STOP
40,94,85,16,SAFE
30,25,93,20,SAFE
45,40,95,25,REDUCE
33,61,100,25,SAFE
33,26,85,10,SAFE
44,95,85,20,REDUCE
31,71,82,10,SAFE
40,26,91,25,SAFE
41,66,88,25,SAFE
28,10,87,32,SAFE
30,44,84,10,SAFE
55,77,99,10,STOP
48,84,95,16,STOP
47,21,90,25,REDUCE
50,58,94,16,STOP
43,81,90,16,REDUCE
48,26,90,16,STOP
46,66,99,10,REDUCE
55,13,87,25,STOP
52,21,95,16,STOP
30,27,88,32,SAFE
55,56,95,20,STOP
48,55,86,25,STOP
38,89,81,32,SAFE
55,97,90,16,STOP
51,45,85,20,STOP
45,18,84,25,REDUCE
45,56,96,25,REDUCE
55,63,82,32,STOP
38,29,82,16,SAFE
32,76,96,25,SAFE
46,49,98,16,REDUCE
40,72,91,25,SAFE
47,43,84,25,REDUCE
37,58,83,20,SAFE
28,31,90,16,SAFE
42,24,95,20,REDUCE
37,55,92,10,SAFE
54,45,92,25,STOP
34,78,98,32,SAFE
54,32,99,32,STOP
52,76,92,25,STOP
25,39,81,25,SAFE
48,71,91,25,STOP
29,72,86,20,SAFE
30,64,83,16,SAFE
35,60,97,16,SAFE
55,22,96,25,STOP
29,28,85,10,SAFE
48,45,96,16,STOP
38,82,100,10,SAFE
41,41,92,25,SAFE
32,42,97,16,SAFE
44,46,94,32,REDUCE
31,10,83,20,SAFE
51,92,96,20,STOP
41,46,89,10,SAFE
52,65,90,10,STOP
26,77,89,10,SAFE
34,54,96,16,SAFE
44,85,87,25,REDUCE
38,82,90,20,SAFE
41,81,98,25,SAFE
39,27,90,25,SAFE
29,77,95,16,SAFE
38,60,90,20,SAFE
51,42,88,32,STOP
51,12,87,32,STOP
46,44,88,25,REDUCE
26,99,86,16,SAFE
53,87,93,16,STOP
49,34,86,10,STOP
53,99,93,16,STOP
53,86,99,10,STOP
27,97,84,10,SAFE
26,74,87,20,SAFE
35,47,80,25,SAFE
45,15,96,20,REDUCE
32,80,97,32,SAFE
45,32,81,25,REDUCE
43,84,97,25,REDUCE
30,26,87,20,SAFE
35,25,93,20,SAFE
51,11,82,25,STOP
33,70,91,32,SAFE
49,89,81,10,STOP
26,52,85,32,SAFE
44,82,89,32,REDUCE
52,78,95,25,STOP
29,76,80,20,SAFE
29,100,81,25,SAFE
39,63,87,25,SAFE
34,31,86,25,SAFE
35,94,84,16,SAFE
46,95,86,25,REDUCE
25,62,81,32,SAFE
39,45,92,32,SAFE
32,10,88,16,SAFE
27,55,90,10,SAFE
39,47,88,32,SAFE
36,27,86,25,SAFE
47,30,92,32,REDUCE
37,37,87,25,SAFE
25,90,99,25,SAFE
39,37,87,20,SAFE
25,67,100,10,SAFE
39,82,93,16,SAFE
34,63,94,16,SAFE
25,44,100,20,SAFE
36,29,81,32,SAFE
31,34,80,32,SAFE
35,89,94,32,SAFE
54,38,98,10,STOP
36,21,92,16,SAFE
47,78,92,10,REDUCE
28,53,91,32,SAFE
27,68,94,16,SAFE
36,56,82,20,SAFE
28,37,91,20,SAFE
33,52,85,10,SAFE
44,43,88,25,REDUCE
26,14,97,25,SAFE
49,85,90,20,STOP
27,37,84,20,SAFE
54,45,80,16,STOP
48,24,80,20,STOP
43,58,98,20,REDUCE
32,88,97,16,SAFE
44,11,83,25,REDUCE
55,14,96,32,STOP
51,21,82,20,STOP
41,74,86,32,SAFE
44,50,82,25,REDUCE
43,92,91,25,REDUCE
33,92,99,32,SAFE
35,93,94,20,SAFE
39,48,84,20,SAFE
55,98,98,20,STOP
26,54,90,32,SAFE
47,96,99,25,REDUCE
25,85,86,32,SAFE
48,76,89,20,STOP
41,31,89,10,SAFE
48,27,98,32,STOP
51,53,80,20,STOP
38,52,89,16,SAFE
47,53,98,25,REDUCE
51,100,86,20,STOP
26,20,89,25,SAFE
37,92,88,32,SAFE
29,12,87,25,SAFE
32,48,81,16,SAFE
38,39,83,20,SAFE
37,58,99,32,SAFE
40,97,100,16,SAFE
50,43,92,25,STOP
49,35,96,16,STOP
40,83,86,32,SAFE
45,37,87,20,REDUCE
33,92,91,10,SAFE
36,35,94,10,SAFE
50,20,100,10,STOP
55,81,91,32,STOP
53,20,86,32,STOP
29,86,82,16,SAFE
52,14,99,16,STOP
42,63,90,32,REDUCE
54,26,98,32,STOP
38,38,99,10,SAFE
31,33,92,25,SAFE
53,60,94,20,STOP
31,37,95,10,SAFE
35,59,87,16,SAFE
51,31,91,16,STOP
29,94,85,32,SAFE
28,29,84,16,SAFE
32,73,92,25,SAFE
31,67,100,25,SAFE
31,57,87,20,SAFE
34,16,83,16,SAFE
33,83,84,25,SAFE
25,15,84,32,SAFE
55,30,98,25,STOP
25,48,80,32,SAFE
27,48,80,20,SAFE
33,96,86,10,SAFE
37,65,100,25,SAFE
35,30,89,10,SAFE
35,52,92,20,SAFE
47,98,98,20,REDUCE
54,92,89,25,STOP
43,48,89,20,REDUCE
40,13,81,25,SAFE
43,99,93,20,REDUCE
50,30,93,25,STOP
46,78,90,32,REDUCE
48,70,98,25,STOP
30,90,84,20,SAFE
35,94,97,20,SAFE
41,62,88,10,SAFE
47,25,86,20,REDUCE
41,31,91,16,SAFE
33,44,85,25,SAFE
39,74,97,25,SAFE
50,88,97,16,STOP
47,26,83,25,REDUCE
25,62,98,10,SAFE
49,21,87,25,STOP
48,30,96,32,STOP
37,40,88,10,SAFE
37,38,95,10,SAFE
37,90,86,25,SAFE
44,82,92,16,REDUCE
27,51,96,16,SAFE
36,29,82,10,SAFE
35,18,92,16,SAFE
40,87,80,25,SAFE
32,98,93,25,SAFE
28,45,87,16,SAFE
30,54,92,32,SAFE
44,79,100,25,REDUCE
30,17,96,16,SAFE
51,84,87,32,STOP
33,80,85,10,SAFE
32,31,99,16,SAFE
34,24,99,10,SAFE
50,76,99,32,STOP
38,18,87,16,SAFE
41,50,80,20,SAFE
28,100,88,20,SAFE
36,61,88,20,SAFE
36,52,99,10,SAFE
44,38,84,20,REDUCE
53,32,88,32,STOP
41,14,88,25,SAFE
44,34,92,32,REDUCE
32,47,93,16,SAFE
45,51,89,25,REDUCE
53,82,94,10,STOP
47,87,99,20,REDUCE
28,21,81,32,SAFE
47,72,96,10,REDUCE
36,81,89,32,SAFE
27,51,98,25,SAFE
35,95,93,25,SAFE
49,37,82,20,STOP
35,19,86,32,SAFE
52,80,100,16,STOP
34,10,95,20,SAFE
38,83,89,32,SAFE
46,52,93,25,REDUCE
46,35,82,32,REDUCE
43,30,96,16,REDUCE
52,44,86,32,STOP
51,47,90,25,STOP
35,23,100,32,SAFE
30,68,93,25,SAFE
44,93,87,25,REDUCE
36,67,84,20,SAFE
47,96,85,25,REDUCE
49,17,85,10,STOP
42,21,87,32,REDUCE
37,81,83,10,SAFE
26,87,90,25,SAFE
32,80,82,32,SAFE
34,100,85,10,SAFE
54,50,100,10,STOP
36,26,87,25,SAFE
45,45,100,32,REDUCE
32,63,89,32,SAFE
27,36,89,10,SAFE
51,74,86,20,STOP
36,19,89,32,SAFE
35,70,87,25,SAFE
51,19,88,10,STOP
31,18,89,16,SAFE
44,38,86,20,REDUCE
29,72,98,20,SAFE
39,77,100,16,SAFE
46,38,86,20,REDUCE
27,28,96,16,SAFE
43,76,84,25,REDUCE
41,65,96,20,SAFE
43,11,100,32,REDUCE
25,31,92,10,SAFE
29,15,92,10,SAFE
29,22,88,20,SAFE
27,82,97,20,SAFE
34,74,87,25,SAFE
42,100,97,10,REDUCE
50,78,86,32,STOP
55,70,85,10,STOP
33,16,80,20,SAFE
43,96,82,20,REDUCE
42,62,99,32,REDUCE
34,88,81,32,SAFE
38,13,86,20,SAFE
54,83,83,32,STOP
44,36,83,20,REDUCE
39,65,87,25,SAFE
28,69,99,25,SAFE
28,24,84,10,SAFE
26,35,92,20,SAFE
33,68,90,10,SAFE
55,37,83,25,STOP
30,51,81,10,SAFE
27,49,85,25,SAFE
44,61,96,25,REDUCE
40,92,96,10,SAFE
39,68,95,10,SAFE
38,53,89,16,SAFE
39,10,92,16,SAFE
30,49,80,16,SAFE
43,76,83,16,REDUCE
31,94,100,20,SAFE
51,32,94,20,STOP
43,24,88,16,REDUCE
42,86,96,20,REDUCE
30,34,90,25,SAFE
35,10,90,32,SAFE
49,54,85,20,STOP
40,78,81,16,SAFE
42,83,100,32,REDUCE
37,45,98,10,SAFE
31,76,89,10,SAFE
46,68,83,10,REDUCE
47,37,98,16,REDUCE
38,96,80,10,SAFE
27,67,86,20,SAFE
46,82,90,32,REDUCE
27,61,93,25,SAFE
51,31,100,32,STOP
54,74,90,32,STOP
50,78,84,16,STOP
42,41,87,32,REDUCE
33,60,91,25,SAFE
49,39,80,20,STOP
36,52,83,32,SAFE
48,83,93,20,STOP
49,24,93,16,STOP
49,94,89,20,STOP
51,18,89,25,STOP
31,33,91,10,SAFE
51,69,84,32,STOP
53,84,80,32,STOP
30,18,80,16,SAFE
30,37,92,20,SAFE
40,82,85,10,SAFE
55,77,92,10,STOP
39,51,81,20,SAFE
42,92,82,32,REDUCE
40,50,100,20,SAFE
34,65,97,16,SAFE
49,66,83,25,STOP
44,64,91,25,REDUCE
35,82,86,25,SAFE
55,66,85,32,STOP
30,49,96,16,SAFE
40,23,83,25,SAFE
31,100,84,16,SAFE
28,74,82,10,SAFE
40,97,91,16,SAFE
25,29,100,32,SAFE
49,78,83,25,STOP
35,79,99,16,SAFE
33,94,92,32,SAFE
40,55,94,16,SAFE
33,56,96,10,SAFE
55,17,86,20,STOP
37,37,87,20,SAFE
31,33,100,32,SAFE
42,40,81,10,REDUCE
45,34,97,25,REDUCE
46,34,94,20,REDUCE
32,48,86,32,SAFE
34,60,89,16,SAFE
34,60,85,20,SAFE
45,10,98,20,REDUCE
27,91,99,10,SAFE
47,56,88,16,REDUCE
44,16,95,10,REDUCE
38,46,94,25,SAFE
30,64,97,32,SAFE
42,67,91,20,REDUCE
38,70,99,25,SAFE
45,22,97,10,REDUCE
48,55,89,25,STOP
47,64,89,25,REDUCE
39,10,83,10,SAFE
36,32,92,10,SAFE
33,69,100,25,SAFE
52,24,88,10,STOP
26,22,87,32,SAFE
39,42,99,20,SAFE
45,78,91,20,REDUCE
32,60,98,16,SAFE
28,41,88,25,SAFE
47,50,93,25,REDUCE
43,95,96,20,REDUCE
42,65,94,10,REDUCE
46,94,88,25,REDUCE
29,62,80,20,SAFE
25,22,94,16,SAFE
36,11,95,25,SAFE
52,30,91,25,STOP
54,28,84,32,STOP
35,13,80,25,SAFE
37,74,99,32,SAFE
36,63,86,16,SAFE
49,30,80,20,STOP
42,91,83,20,REDUCE
25,88,96,10,SAFE
50,86,97,32,STOP
51,28,88,25,STOP
52,99,84,10,STOP
50,43,94,32,STOP
53,97,90,16,STOP
38,77,94,10,SAFE
36,13,99,25,SAFE
30,83,92,16,SAFE
33,98,95,10,SAFE
39,85,86,25,SAFE
27,44,81,10,SAFE
28,45,89,32,SAFE
42,89,83,20,REDUCE
25,99,98,10,SAFE
36,33,85,32,SAFE
47,100,97,25,REDUCE
35,49,85,10,SAFE
37,71,84,25,SAFE
39,73,90,16,SAFE
46,21,83,25,REDUCE
46,25,98,10,REDUCE
51,47,83,32,STOP
46,63,97,20,REDUCE
48,48,98,10,STOP
36,34,93,10,SAFE
34,40,83,20,SAFE
30,16,87,10,SAFE
25,47,92,20,SAFE
35,86,92,10,SAFE
26,17,100,32,SAFE
47,17,81,20,REDUCE
40,78,97,10,SAFE
26,11,91,25,SAFE
32,23,82,25,SAFE
39,75,95,25,SAFE
33,80,98,25,SAFE
26,28,82,32,SAFE
49,32,93,25,STOP
49,100,90,20,STOP
37,98,100,20,SAFE
32,11,100,32,SAFE
42,80,88,16,REDUCE
31,52,95,16,SAFE
41,19,82,16,SAFE
42,71,81,32,REDUCE
25,44,100,32,SAFE
46,72,99,16,REDUCE
44,90,93,20,REDUCE
54,96,89,10,STOP
38,93,89,32,SAFE
36,40,80,20,SAFE
35,49,96,16,SAFE
28,83,98,20,SAFE
35,29,84,20,SAFE
36,52,87,16,SAFE
52,86,94,25,STOP
31,47,81,32,SAFE
50,94,82,16,STOP
44,49,99,20,REDUCE
45,42,99,20,REDUCE
36,67,80,10,SAFE
26,19,100,16,SAFE
54,35,80,32,STOP
52,38,87,20,STOP
52,81,94,20,STOP
52,69,91,25,STOP
34,79,92,25,SAFE
33,80,95,10,SAFE
47,96,81,25,REDUCE
34,70,92,32,SAFE
29,88,82,10,SAFE
36,15,97,10,SAFE
36,97,83,10,SAFE
39,55,92,10,SAFE
45,83,86,20,REDUCE
36,21,92,32,SAFE
46,60,90,25,REDUCE
36,100,96,32,SAFE
39,23,80,10,SAFE
50,57,94,32,STOP
35,49,84,10,SAFE
54,76,90,32,STOP
49,21,81,32,STOP
43,32,93,25,REDUCE
27,41,87,20,SAFE
50,75,92,20,STOP
25,13,82,20,SAFE
28,45,82,32,SAFE
29,91,91,20,SAFE
29,79,88,10,SAFE
53,92,91,16,STOP
55,33,93,20,STOP
54,37,82,25,STOP
28,35,96,32,SAFE
54,16,97,20,STOP
31,87,90,16,SAFE
35,79,84,32,SAFE
27,62,93,16,SAFE
27,88,89,16,SAFE
37,63,95,16,SAFE
48,58,96,10,STOP
51,16,97,25,STOP
42,93,87,10,REDUCE
36,83,85,10,SAFE
50,68,81,20,STOP
34,11,90,10,SAFE
52,66,88,32,STOP
41,65,91,10,SAFE
25,16,80,10,SAFE
39,38,87,16,SAFE
41,24,86,16,SAFE
42,68,100,16,REDUCE
38,70,93,20,SAFE
39,42,89,32,SAFE
49,79,92,16,STOP
35,27,80,16,SAFE
38,31,82,25,SAFE
53,38,95,32,STOP
49,39,86,32,STOP
29,17,81,16,SAFE
28,28,93,20,SAFE
35,60,82,25,SAFE
53,59,91,10,STOP
41,59,88,10,SAFE
55,21,84,10,STOP
48,87,81,32,STOP
48,60,83,32,STOP
40,53,94,10,SAFE
50,38,92,25,STOP
34,64,84,25,SAFE
34,53,87,16,SAFE
27,71,87,10,SAFE
42,37,99,25,REDUCE
47,67,86,32,REDUCE
34,88,95,10,SAFE
28,29,90,32,SAFE
30,63,89,20,SAFE
48,63,87,10,STOP
48,65,95,20,STOP
37,49,85,16,SAFE
38,54,94,16,SAFE
52,27,88,32,STOP
38,55,82,20,SAFE
25,84,89,25,SAFE
54,13,83,10,STOP
39,27,95,32,SAFE
49,60,81,20,STOP
48,82,81,20,STOP
49,22,82,32,STOP
32,78,83,10,SAFE
37,55,81,20,SAFE
48,69,100,10,STOP
43,48,82,25,REDUCE
36,87,89,16,SAFE
39,98,89,10,SAFE
48,68,80,25,STOP
47,44,93,25,REDUCE
50,94,84,20,STOP
26,47,92,16,SAFE
46,73,91,10,REDUCE
41,22,93,32,SAFE
32,11,99,10,SAFE
55,91,89,25,STOP
55,86,100,20,STOP
32,78,80,20,SAFE
35,50,85,25,SAFE
25,57,86,20,SAFE
50,70,91,20,STOP
45,45,94,32,REDUCE
55,43,84,32,STOP
42,23,91,25,REDUCE
48,48,99,10,STOP
40,15,99,16,SAFE
35,39,90,32,SAFE
50,66,98,16,STOP
39,99,85,10,SAFE
40,29,88,20,SAFE
36,79,100,10,SAFE
40,94,94,25,SAFE
49,10,86,25,STOP
25,47,93,25,SAFE
46,10,87,20,REDUCE
48,66,88,16,STOP
44,41,92,10,REDUCE
41,91,95,20,SAFE
51,60,85,25,STOP
35,73,94,32,SAFE
55,60,81,20,STOP
32,84,86,10,SAFE
36,13,98,20,SAFE
31,50,81,16,SAFE
53,69,87,20,STOP
54,37,98,16,STOP
25,27,83,10,SAFE
51,83,82,25,STOP
34,25,96,32,SAFE
41,56,96,25,SAFE
35,47,97,20,SAFE
49,46,91,25,STOP
50,45,92,32,STOP
31,22,83,10,SAFE
38,61,90,32,SAFE
52,98,99,10,STOP
44,76,96,10,REDUCE
42,63,100,32,REDUCE
43,35,98,20,REDUCE
46,94,87,25,REDUCE
25,65,90,10,SAFE
37,83,91,25,SAFE
55,72,98,20,STOP
32,97,92,10,SAFE
47,41,83,32,REDUCE
46,43,91,20,REDUCE
32,20,85,32,SAFE
29,87,83,32,SAFE
37,94,89,25,SAFE
40,28,82,16,SAFE
51,16,93,25,STOP
38,53,82,20,SAFE
27,79,94,20,SAFE
45,75,98,20,REDUCE
55,57,93,20,STOP
29,58,86,16,SAFE
55,52,82,32,STOP
41,22,89,20,SAFE
44,87,83,16,REDUCE
55,86,82,25,STOP
53,26,85,32,STOP
49,46,84,20,STOP
47,93,83,16,REDUCE
37,92,94,25,SAFE
51,100,95,32,STOP
39,13,92,25,SAFE
35,31,91,16,SAFE
36,72,83,16,SAFE
42,68,88,10,REDUCE
55,10,97,20,STOP
48,30,98,16,STOP
27,27,99,16,SAFE
41,85,94,10,SAFE
31,18,86,16,SAFE
45,98,99,32,REDUCE
50,56,81,25,STOP
46,16,90,20,REDUCE
34,98,82,32,SAFE
32,82,83,20,SAFE
34,21,91,32,SAFE
37,30,90,32,SAFE
25,17,97,10,SAFE
25,64,83,32,SAFE
30,56,81,32,SAFE
33,98,87,20,SAFE
44,99,86,32,REDUCE
42,46,83,16,REDUCE
40,29,86,16,SAFE
48,82,97,10,STOP
28,51,100,20,SAFE
25,24,86,32,SAFE
46,71,83,32,REDUCE
32,90,92,10,SAFE
27,82,90,25,SAFE
52,70,100,25,STOP
40,24,84,20,SAFE
31,16,83,25,SAFE
40,80,98,32,SAFE
54,13,81,20,STOP
35,98,97,32,SAFE
34,65,89,25,SAFE
39,10,96,32,SAFE
30,93,84,25,SAFE
39,43,82,25,SAFE
38,95,90,25,SAFE
46,56,91,10,REDUCE
39,40,86,10,SAFE
35,19,83,32,SAFE
42,83,87,25,REDUCE
46,52,96,25,REDUCE
41,54,100,32,SAFE
27,96,81,32,SAFE
46,15,99,25,REDUCE
48,97,90,32,STOP
55,90,82,25,STOP
36,95,86,16,SAFE
50,40,85,32,STOP
35,91,97,20,SAFE
28,42,87,16,SAFE
35,74,100,20,SAFE
54,71,97,25,STOP
35,72,96,10,SAFE
50,61,85,20,STOP
27,99,97,25,SAFE
45,86,95,16,REDUCE
49,31,87,32,STOP
28,97,82,25,SAFE
25,61,94,20,SAFE
30,42,97,25,SAFE
27,15,82,32,SAFE
37,37,99,10,SAFE
40,48,81,32,SAFE
52,24,100,10,STOP
27,56,85,25,SAFE
25,38,92,20,SAFE
32,10,85,25,SAFE
32,50,95,20,SAFE
33,82,80,25,SAFE
46,10,100,32,REDUCE
41,75,91,10,SAFE
29,89,85,16,SAFE
44,85,82,16,REDUCE
44,46,83,25,REDUCE
46,79,84,16,REDUCE
51,46,100,32,STOP
39,16,88,32,SAFE
38,10,97,32,SAFE
40,53,81,16,SAFE
29,89,81,25,SAFE
38,45,100,10,SAFE
27,95,95,32,SAFE
50,13,85,16,STOP
55,88,84,16,STOP
52,27,80,10,STOP
46,22,98,25,REDUCE
50,41,85,20,STOP
47,44,100,20,REDUCE
50,75,82,25,STOP
38,34,89,20,SAFE
54,85,98,20,STOP
27,15,97,16,SAFE
34,45,90,16,SAFE
34,70,90,16,SAFE
49,60,82,10,STOP
30,84,88,32,SAFE
45,58,81,16,REDUCE
43,24,87,32,REDUCE
51,25,85,10,STOP
31,80,85,16,SAFE
25,24,95,20,SAFE
28,64,94,10,SAFE
32,27,96,16,SAFE
44,51,95,32,REDUCE
35,66,100,16,SAFE
35,68,92,10,SAFE
49,81,99,16,STOP
35,26,99,25,SAFE
52,68,82,20,STOP
29,92,93,20,SAFE
35,12,92,20,SAFE
34,62,94,10,SAFE
51,93,85,16,STOP
33,19,83,25,SAFE
27,30,90,16,SAFE
31,41,94,16,SAFE
54,71,92,32,STOP
44,93,100,10,REDUCE
52,88,80,10,STOP
39,11,93,25,SAFE
25,77,89,25,SAFE
37,19,98,20,SAFE
42,58,93,25,REDUCE
40,33,100,20,SAFE
27,13,82,32,SAFE
35,80,80,10,SAFE
38,43,94,20,SAFE
38,70,97,32,SAFE
30,46,89,16,SAFE
54,87,92,16,STOP
52,97,90,25,STOP
36,100,100,20,SAFE
53,84,85,16,STOP
26,66,100,16,SAFE
49,51,86,25,STOP
36,56,94,25,SAFE
36,25,82,32,SAFE
25,29,97,10,SAFE
33,69,93,32,SAFE
54,40,86,32,STOP
31,38,100,10,SAFE
53,66,96,16,STOP
31,12,98,10,SAFE
36,66,81,32,SAFE
46,72,95,20,REDUCE
52,98,98,10,STOP
42,41,92,32,REDUCE
27,44,85,20,SAFE
34,18,96,16,SAFE
40,78,99,20,SAFE
35,39,84,10,SAFE
27,29,89,32,SAFE
34,24,94,20,SAFE
45,43,80,10,REDUCE
28,49,81,16,SAFE
26,47,89,16,SAFE
29,49,85,10,SAFE
52,45,92,10,STOP
37,23,95,10,SAFE
32,96,92,25,SAFE
53,35,93,32,STOP
45,63,80,25,REDUCE
29,79,84,20,SAFE
42,74,83,10,REDUCE
37,80,100,10,SAFE
52,28,81,25,STOP
46,79,92,32,REDUCE
26,93,80,32,SAFE
48,73,97,32,STOP
29,23,93,32,SAFE
39,14,92,16,SAFE
47,10,80,32,REDUCE
35,64,81,32,SAFE
29,26,93,32,SAFE
46,68,96,16,REDUCE
49,38,99,20,STOP
44,63,80,32,REDUCE
49,34,97,16,STOP
32,69,99,20,SAFE
43,56,99,25,REDUCE
53,91,80,32,STOP
54,47,93,10,STOP
33,50,86,32,SAFE
44,89,94,25,REDUCE
31,20,84,20,SAFE
47,10,88,25,REDUCE
52,33,89,25,STOP
37,16,82,32,SAFE
31,85,91,25,SAFE
26,65,91,16,SAFE
32,68,82,16,SAFE
28,43,91,25,SAFE
35,26,100,16,SAFE
27,98,81,10,SAFE
48,61,81,25,STOP
40,98,82,20,SAFE
41,100,86,20,SAFE
25,25,89,25,SAFE
48,77,100,25,STOP
49,19,88,25,STOP
54,40,93,25,STOP
54,45,98,32,STOP
51,55,97,16,STOP
36,24,81,20,SAFE
53,89,94,10,STOP
30,52,91,32,SAFE
25,78,85,10,SAFE
40,20,85,16,SAFE
54,64,80,25,STOP
30,51,98,25,SAFE
30,33,99,20,SAFE
29,30,98,10,SAFE
53,32,95,16,STOP
38,41,91,20,SAFE
27,13,99,32,SAFE
43,64,80,10,REDUCE
43,96,88,10,REDUCE
55,41,92,32,STOP
27,93,95,32,SAFE
27,53,91,10,SAFE
49,37,81,25,STOP
43,71,85,20,REDUCE
41,41,87,32,SAFE
55,89,81,32,STOP
54,51,85,32,STOP
26,71,91,25,SAFE
34,35,95,16,SAFE
28,43,80,16,SAFE
40,73,98,32,SAFE
46,97,80,10,REDUCE
28,67,82,20,SAFE
36,89,90,25,SAFE
43,45,82,20,REDUCE
47,71,88,32,REDUCE
27,36,80,25,SAFE
30,48,89,20,SAFE
25,42,98,25,SAFE
49,53,81,20,STOP
30,32,88,25,SAFE
46,94,97,32,REDUCE
29,32,91,25,SAFE
25,38,87,16,SAFE
52,87,84,25,STOP
50,46,86,10,STOP
29,90,88,10,SAFE
30,67,90,10,SAFE
38,77,93,20,SAFE
46,69,80,20,REDUCE
30,75,81,32,SAFE
35,43,91,25,SAFE
55,92,80,32,STOP
44,60,84,20,REDUCE
47,40,87,20,REDUCE
37,24,84,32,SAFE
47,21,99,25,REDUCE
53,36,90,10,STOP
55,86,80,32,STOP
54,98,85,32,STOP
45,89,80,10,REDUCE
43,96,86,16,REDUCE
55,31,100,10,STOP
51,78,100,20,STOP
46,76,100,32,REDUCE
49,62,87,10,STOP
30,78,98,25,SAFE
40,74,87,32,SAFE
34,63,80,25,SAFE
46,57,100,10,REDUCE
26,73,93,16,SAFE
38,37,99,16,SAFE
47,82,85,20,REDUCE
38,100,96,10,SAFE
35,18,98,16,SAFE
46,38,84,25,REDUCE
36,10,88,20,SAFE
44,43,99,10,REDUCE
34,43,83,25,SAFE
51,48,91,16,STOP
54,19,85,32,STOP
31,86,91,10,SAFE
40,11,87,16,SAFE
54,66,96,10,STOP
40,63,83,16,SAFE
54,33,89,20,STOP
55,10,100,20,STOP
53,92,88,10,STOP
26,21,92,16,SAFE
37,10,95,10,SAFE
36,25,89,10,SAFE
51,13,93,16,STOP
36,66,84,25,SAFE
48,87,86,16,STOP
26,81,95,20,SAFE
51,22,85,10,STOP
51,61,85,25,STOP
49,92,84,16,STOP
34,28,100,32,SAFE
38,34,82,25,SAFE
30,88,91,10,SAFE
51,51,95,16,STOP
28,23,86,25,SAFE
46,30,86,25,REDUCE
52,98,88,10,STOP
37,99,92,25,SAFE
36,16,81,25,SAFE
35,61,100,25,SAFE
51,84,98,32,STOP
29,40,98,10,SAFE
55,77,88,20,STOP
40,50,97,10,SAFE
27,79,96,20,SAFE
30,61,99,25,SAFE
42,70,87,10,REDUCE
55,63,93,20,STOP
39,77,99,32,SAFE
31,34,80,32,SAFE
48,86,87,25,STOP
45,55,85,25,REDUCE
48,80,82,32,STOP
39,91,91,32,SAFE
42,59,80,25,REDUCE
37,28,89,32,SAFE
38,30,80,20,SAFE
35,70,82,10,SAFE
36,17,93,10,SAFE
48,14,96,20,STOP
47,48,82,16,REDUCE
49,14,96,25,STOP
44,63,86,10,REDUCE
26,79,96,16,SAFE
47,39,95,20,REDUCE
33,98,96,32,SAFE
55,93,89,32,STOP
39,86,90,25,SAFE
55,86,83,25,STOP
35,13,91,20,SAFE
33,16,91,10,SAFE
42,64,94,25,REDUCE
54,95,93,16,STOP
25,31,81,10,SAFE
43,35,80,25,REDUCE
30,50,97,25,SAFE
51,79,89,20,STOP
38,42,97,32,SAFE
33,58,80,10,SAFE
26,57,89,20,SAFE
42,72,92,10,REDUCE
27,83,82,16,SAFE
41,21,91,10,SAFE
38,32,97,20,SAFE
34,56,86,25,SAFE
50,12,85,32,STOP
50,78,94,10,STOP
41,89,94,20,SAFE
46,10,84,32,REDUCE
40,33,82,20,SAFE
35,39,83,20,SAFE
41,15,87,16,SAFE
35,24,80,16,SAFE
31,50,87,25,SAFE
34,32,88,16,SAFE
34,68,100,16,SAFE
52,51,89,10,STOP
50,82,90,32,STOP
47,46,86,25,REDUCE
30,47,99,25,SAFE
33,22,84,32,SAFE
50,19,87,25,STOP
39,35,93,16,SAFE
33,87,84,32,SAFE
38,12,95,10,SAFE
38,52,100,16,SAFE
42,67,96,20,REDUCE
30,78,90,32,SAFE
54,18,90,25,STOP
38,100,94,20,SAFE
37,18,95,25,SAFE
51,65,94,25,STOP
42,75,95,16,REDUCE
38,84,84,32,SAFE
31,41,82,16,SAFE
45,35,100,32,REDUCE
42,52,84,16,REDUCE
34,73,91,20,SAFE
47,96,89,20,REDUCE
29,36,94,25,SAFE
25,61,100,10,SAFE
41,38,85,20,SAFE
41,75,81,20,SAFE
31,93,83,20,SAFE
41,10,81,16,SAFE
43,49,92,16,REDUCE
40,49,100,10,SAFE
34,13,89,20,SAFE
26,62,82,16,SAFE
28,66,88,10,SAFE
34,56,86,10,SAFE
51,58,92,16,STOP
27,50,94,20,SAFE
48,62,85,32,STOP
29,16,97,10,SAFE
32,58,81,16,SAFE
51,65,95,32,STOP
28,28,86,10,SAFE
37,20,82,20,SAFE
35,65,81,20,SAFE
29,42,99,32,SAFE
53,88,88,25,STOP
26,86,100,16,SAFE
37,38,96,10,SAFE
25,78,95,25,SAFE
52,47,83,20,STOP
42,90,96,16,REDUCE
40,84,91,16,SAFE
49,61,84,25,STOP
47,92,81,25,REDUCE
30,69,92,16,SAFE
34,57,93,10,SAFE
45,32,98,32,REDUCE
36,60,93,10,SAFE
46,13,85,32,REDUCE
41,70,86,32,SAFE
55,18,93,16,STOP
40,23,92,25,SAFE
54,52,97,10,STOP
25,36,80,32,SAFE
35,26,99,25,SAFE
35,64,87,25,SAFE
40,45,82,32,SAFE
54,28,83,10,STOP
48,52,96,16,STOP
45,15,81,32,REDUCE
26,54,94,25,SAFE
39,81,86,20,SAFE
35,72,82,16,SAFE
52,53,87,32,STOP
37,65,91,25,SAFE
28,23,93,16,SAFE
28,22,90,32,SAFE
53,44,89,20,STOP
46,54,100,16,REDUCE
48,32,80,16,STOP
32,77,91,25,SAFE
33,92,97,25,SAFE
28,100,90,32,SAFE
27,16,89,10,SAFE
28,54,80,10,SAFE
44,47,94,25,REDUCE
51,63,100,10,STOP
51,88,99,32,STOP
36,11,95,32,SAFE
38,66,91,20,SAFE
32,32,92,16,SAFE
30,97,80,10,SAFE
26,27,91,32,SAFE
47,24,86,16,REDUCE
35,96,91,20,SAFE
29,63,80,32,SAFE
55,98,80,10,STOP
38,63,92,32,SAFE
38,50,99,20,SAFE
53,28,94,16,STOP
39,21,81,25,SAFE
33,87,82,32,SAFE
44,33,90,16,REDUCE
50,37,82,16,STOP
33,98,89,10,SAFE
28,78,80,20,SAFE
54,84,82,32,STOP
33,51,97,32,SAFE
40,43,95,25,SAFE
37,58,89,25,SAFE
34,47,87,32,SAFE
41,18,99,32,SAFE
49,55,82,20,STOP
27,49,100,16,SAFE
30,60,86,20,SAFE
53,42,90,16,STOP
29,56,81,16,SAFE
55,35,94,10,STOP
27,23,87,10,SAFE
54,63,99,16,STOP
50,35,99,20,STOP
37,39,80,16,SAFE
30,100,85,10,SAFE
51,61,96,25,STOP
36,16,98,16,SAFE
41,91,83,16,SAFE
46,60,99,16,REDUCE
52,71,85,16,STOP
27,81,81,32,SAFE
37,61,81,20,SAFE
28,77,86,25,SAFE
47,73,96,16,REDUCE
28,97,80,25,SAFE
37,71,81,25,SAFE
27,51,92,20,SAFE
48,66,82,32,STOP
30,74,99,10,SAFE
34,31,92,25,SAFE
44,87,86,10,REDUCE
41,56,94,20,SAFE
52,90,80,10,STOP
52,13,97,10,STOP
31,13,98,32,SAFE
54,36,97,25,STOP
35,69,87,10,SAFE
26,45,98,10,SAFE
34,90,86,16,SAFE
31,24,83,16,SAFE
50,21,95,20,STOP
40,30,80,10,SAFE
33,88,90,16,SAFE
42,52,89,32,REDUCE
40,53,89,20,SAFE
45,54,95,20,REDUCE
37,60,99,32,SAFE
38,80,84,20,SAFE
48,26,86,25,STOP
25,98,82,20,SAFE
38,33,94,32,SAFE
48,97,87,16,STOP
40,24,97,32,SAFE
44,46,88,32,REDUCE
31,82,82,32,SAFE
47,90,85,16,REDUCE
33,29,100,25,SAFE
55,53,93,20,STOP
53,60,90,25,STOP
47,67,91,10,REDUCE
51,95,83,20,STOP
49,15,88,20,STOP
37,96,97,16,SAFE
35,15,95,25,SAFE
25,52,88,20,SAFE
29,15,90,10,SAFE
38,15,97,32,SAFE
54,53,80,10,STOP
39,34,99,20,SAFE
32,99,98,25,SAFE
48,79,96,32,STOP
51,87,82,10,STOP
50,50,81,16,STOP
38,17,83,32,SAFE
37,41,88,16,SAFE
54,13,98,10,STOP
43,33,96,25,REDUCE
53,51,87,10,STOP
44,61,96,32,REDUCE
34,78,82,32,SAFE
28,97,86,25,SAFE
26,24,99,10,SAFE
44,19,89,16,REDUCE
31,11,84,16,SAFE
28,53,94,16,SAFE
46,100,89,16,REDUCE
42,97,83,16,REDUCE
26,26,96,10,SAFE
55,80,93,20,STOP
45,25,100,32,REDUCE
42,50,97,20,REDUCE
50,30,99,10,STOP
36,12,92,16,SAFE
54,91,95,20,STOP
40,24,97,16,SAFE
30,17,91,16,SAFE
44,79,82,32,REDUCE
51,22,88,10,STOP
43,51,99,25,REDUCE
43,97,99,20,REDUCE
25,86,82,16,SAFE
54,65,82,25,STOP
32,38,90,10,SAFE
31,16,85,16,SAFE
40,91,86,25,SAFE
29,60,91,10,SAFE
42,32,90,10,REDUCE
30,13,89,32,SAFE
28,53,83,10,SAFE
26,27,83,16,SAFE
53,16,96,10,STOP
47,42,88,32,REDUCE
43,28,94,25,REDUCE
53,91,92,25,STOP
30,84,86,20,SAFE
30,69,88,25,SAFE
29,42,98,16,SAFE
43,43,84,10,REDUCE
55,42,97,25,STOP
49,35,81,25,STOP
28,16,86,32,SAFE
52,11,99,16,STOP
36,94,91,20,SAFE
46,65,80,16,REDUCE
37,30,94,25,SAFE
35,22,90,10,SAFE
38,87,97,25,SAFE
31,41,92,16,SAFE
26,93,92,25,SAFE
39,54,93,25,SAFE
37,12,89,10,SAFE
52,60,97,10,STOP
39,65,91,32,SAFE
25,11,89,20,SAFE
53,30,90,20,STOP
47,36,88,32,REDUCE
44,70,89,16,REDUCE
46,66,81,20,REDUCE
47,34,96,10,REDUCE
42,36,93,16,REDUCE
35,25,81,16,SAFE
30,23,87,10,SAFE
37,33,93,20,SAFE
29,50,92,20,SAFE
35,40,80,20,SAFE
54,25,96,32,STOP
45,61,81,25,REDUCE
52,44,92,16,STOP
47,58,87,32,REDUCE
40,83,92,32,SAFE
25,69,84,16,SAFE
36,11,83,20,SAFE
26,80,91,10,SAFE
25,53,84,10,SAFE
52,80,85,25,STOP
27,61,82,32,SAFE
49,100,85,32,STOP
41,98,82,20,SAFE
29,99,82,10,SAFE
40,31,80,10,SAFE
51,52,86,16,STOP
46,53,84,16,REDUCE
26,69,93,25,SAFE
51,74,89,20,STOP
54,30,84,25,STOP
32,55,99,10,SAFE
35,64,82,16,SAFE
33,25,82,25,SAFE
39,10,92,25,SAFE
45,53,87,16,REDUCE
31,100,90,10,SAFE
26,72,85,16,SAFE
40,92,83,20,SAFE
39,32,82,20,SAFE
48,65,95,20,STOP
49,82,86,20,STOP
32,10,85,16,SAFE
27,17,100,20,SAFE
48,55,84,16,STOP
42,46,82,25,REDUCE
48,13,89,20,STOP
52,11,90,20,STOP
39,63,94,10,SAFE
55,74,96,32,STOP
39,29,93,25,SAFE
40,66,96,20,SAFE
