hour,monthly_units,slab,label
12,548,4,CHARGE
4,382,3,CHARGE
19,394,3,WAIT
15,593,4,CHARGE
19,476,4,WAIT
7,590,4,WAIT
6,340,3,CHARGE
3,400,3,CHARGE
7,238,3,CHARGE
3,503,4,WAIT
23,470,4,WAIT
2,296,3,CHARGE
17,590,4,WAIT
22,236,3,CHARGE
4,408,4,WAIT
13,95,1,CHARGE
17,382,3,CHARGE
18,482,4,WAIT
14,561,4,CHARGE
0,586,4,WAIT
8,297,3,CHARGE
3,330,3,CHARGE
16,472,4,CHARGE
23,344,3,CHARGE
2,308,3,CHARGE
15,491,4,CHARGE
5,515,4,WAIT
1,368,3,CHARGE
4,314,3,CHARGE
13,500,4,CHARGE
5,464,4,WAIT
7,337,3,CHARGE
11,116,2,CHARGE
0,521,4,WAIT
8,482,4,WAIT
7,329,3,CHARGE
14,229,3,CHARGE
0,120,2,CHARGE
11,289,3,CHARGE
20,83,1,WAIT
22,391,3,CHARGE
12,596,4,CHARGE
10,455,4,CHARGE
22,339,3,CHARGE
7,211,3,CHARGE
16,365,3,CHARGE
14,190,2,CHARGE
5,549,4,WAIT
10,410,4,CHARGE
14,268,3,CHARGE
23,133,2,CHARGE
18,568,4,WAIT
20,365,3,WAIT
23,95,1,CHARGE
7,261,3,CHARGE
11,127,2,CHARGE
8,56,1,CHARGE
10,539,4,CHARGE
12,303,3,CHARGE
8,119,2,CHARGE
0,340,3,CHARGE
6,499,4,WAIT
22,462,4,WAIT
6,573,4,WAIT
22,545,4,WAIT
22,249,3,CHARGE
1,596,4,WAIT
18,567,4,WAIT
11,130,2,CHARGE
12,382,3,CHARGE
4,331,3,CHARGE
19,117,2,WAIT
10,399,3,CHARGE
21,540,4,WAIT
19,74,1,WAIT
12,345,3,CHARGE
7,251,3,CHARGE
7,494,4,WAIT
3,365,3,CHARGE
9,410,4,WAIT
22,305,3,CHARGE
7,268,3,CHARGE
22,519,4,WAIT
3,559,4,WAIT
18,422,4,WAIT
7,546,4,WAIT
13,407,4,CHARGE
8,267,3,CHARGE
9,346,3,CHARGE
20,236,3,WAIT
7,374,3,CHARGE
20,97,1,WAIT
6,71,1,CHARGE
16,90,1,CHARGE
11,113,2,CHARGE
8,130,2,CHARGE
22,298,3,CHARGE
6,485,4,WAIT
14,486,4,CHARGE
11,447,4,CHARGE
20,454,4,WAIT
4,578,4,WAIT
6,59,1,CHARGE
2,473,4,WAIT
15,309,3,CHARGE
1,302,3,CHARGE
8,360,3,CHARGE
20,470,4,WAIT
3,463,4,WAIT
3,268,3,CHARGE
17,298,3,CHARGE
1,493,4,WAIT
19,493,4,WAIT
12,412,4,CHARGE
12,437,4,CHARGE
18,290,3,WAIT
23,374,3,CHARGE
13,519,4,CHARGE
11,310,3,CHARGE
2,543,4,WAIT
6,354,3,CHARGE
4,543,4,WAIT
6,354,3,CHARGE
0,483,4,WAIT
8,255,3,CHARGE
14,291,3,CHARGE
5,457,4,WAIT
12,121,2,CHARGE
3,342,3,CHARGE
2,517,4,WAIT
23,171,2,CHARGE
18,365,3,WAIT
11,98,1,CHARGE
15,449,4,CHARGE
7,486,4,WAIT
2,247,3,CHARGE
9,224,3,CHARGE
1,239,3,CHARGE
15,484,4,CHARGE
6,595,4,WAIT
18,120,2,WAIT
2,581,4,WAIT
22,274,3,CHARGE
21,179,2,WAIT
0,361,3,CHARGE
18,329,3,WAIT
5,200,2,CHARGE
19,149,2,WAIT
18,261,3,WAIT
5,196,2,CHARGE
7,52,1,CHARGE
8,600,4,WAIT
6,416,4,WAIT
22,458,4,WAIT
8,509,4,WAIT
18,288,3,WAIT
6,420,4,WAIT
19,247,3,WAIT
18,509,4,WAIT
20,551,4,WAIT
9,181,2,CHARGE
18,438,4,WAIT
8,115,2,CHARGE
22,180,2,CHARGE
3,355,3,CHARGE
4,594,4,WAIT
21,528,4,WAIT
6,131,2,CHARGE
21,481,4,WAIT
17,94,1,CHARGE
8,403,4,WAIT
23,378,3,CHARGE
20,376,3,WAIT
19,289,3,WAIT
0,383,3,CHARGE
16,481,4,CHARGE
10,271,3,CHARGE
15,316,3,CHARGE
14,279,3,CHARGE
21,404,4,WAIT
9,114,2,CHARGE
12,459,4,CHARGE
3,177,2,CHARGE
10,585,4,CHARGE
23,466,4,WAIT
11,540,4,CHARGE
11,181,2,CHARGE
8,579,4,WAIT
9,81,1,CHARGE
9,416,4,WAIT
21,103,2,WAIT
23,330,3,CHARGE
16,292,3,CHARGE
15,355,3,CHARGE
17,186,2,CHARGE
1,150,2,CHARGE
16,163,2,CHARGE
19,340,3,WAIT
20,444,4,WAIT
13,65,1,CHARGE
9,484,4,WAIT
6,492,4,WAIT
13,399,3,CHARGE
4,385,3,CHARGE
15,517,4,CHARGE
1,105,2,CHARGE
18,275,3,WAIT
1,582,4,WAIT
7,437,4,WAIT
22,488,4,WAIT
8,318,3,CHARGE
4,66,1,CHARGE
10,145,2,CHARGE
3,589,4,WAIT
0,264,3,CHARGE
3,367,3,CHARGE
3,407,4,WAIT
9,118,2,CHARGE
20,386,3,WAIT
5,569,4,WAIT
17,453,4,WAIT
0,270,3,CHARGE
22,523,4,WAIT
21,150,2,WAIT
23,384,3,CHARGE
7,143,2,CHARGE
1,156,2,CHARGE
7,442,4,WAIT
23,141,2,CHARGE
4,258,3,CHARGE
5,234,3,CHARGE
17,292,3,CHARGE
21,106,2,WAIT
8,345,3,CHARGE
23,572,4,WAIT
2,273,3,CHARGE
8,537,4,WAIT
5,476,4,WAIT
4,415,4,WAIT
6,296,3,CHARGE
7,80,1,CHARGE
3,76,1,CHARGE
16,387,3,CHARGE
16,406,4,CHARGE
22,546,4,WAIT
12,482,4,CHARGE
18,138,2,WAIT
17,197,2,CHARGE
10,314,3,CHARGE
9,378,3,CHARGE
7,245,3,CHARGE
17,295,3,CHARGE
1,592,4,WAIT
16,464,4,CHARGE
0,267,3,CHARGE
3,453,4,WAIT
14,499,4,CHARGE
17,445,4,WAIT
3,217,3,CHARGE
9,295,3,CHARGE
8,116,2,CHARGE
13,107,2,CHARGE
6,462,4,WAIT
1,99,1,CHARGE
2,313,3,CHARGE
13,305,3,CHARGE
5,342,3,CHARGE
18,407,4,WAIT
12,525,4,CHARGE
18,449,4,WAIT
16,195,2,CHARGE
20,584,4,WAIT
9,269,3,CHARGE
14,146,2,CHARGE
5,516,4,WAIT
17,54,1,CHARGE
3,290,3,CHARGE
7,216,3,CHARGE
11,201,3,CHARGE
8,336,3,CHARGE
19,548,4,WAIT
10,583,4,CHARGE
19,176,2,WAIT
5,588,4,WAIT
1,109,2,CHARGE
7,328,3,CHARGE
20,158,2,WAIT
19,91,1,WAIT
2,425,4,WAIT
1,339,3,CHARGE
0,175,2,CHARGE
23,332,3,CHARGE
9,145,2,CHARGE
17,256,3,CHARGE
19,455,4,WAIT
22,397,3,CHARGE
7,137,2,CHARGE
17,321,3,CHARGE
0,232,3,CHARGE
18,186,2,WAIT
14,350,3,CHARGE
0,503,4,WAIT
13,416,4,CHARGE
22,118,2,CHARGE
7,171,2,CHARGE
3,376,3,CHARGE
5,195,2,CHARGE
2,503,4,WAIT
20,192,2,WAIT
2,59,1,CHARGE
8,178,2,CHARGE
10,527,4,CHARGE
6,597,4,WAIT
19,254,3,WAIT
10,155,2,CHARGE
15,360,3,CHARGE
0,211,3,CHARGE
3,558,4,WAIT
12,176,2,CHARGE
12,583,4,CHARGE
13,318,3,CHARGE
4,600,4,WAIT
17,58,1,CHARGE
19,303,3,WAIT
5,561,4,WAIT
9,186,2,CHARGE
13,563,4,CHARGE
17,78,1,CHARGE
2,134,2,CHARGE
18,306,3,WAIT
21,220,3,WAIT
8,181,2,CHARGE
17,141,2,CHARGE
12,345,3,CHARGE
6,325,3,CHARGE
5,435,4,WAIT
23,282,3,CHARGE
18,118,2,WAIT
9,582,4,WAIT
1,399,3,CHARGE
14,523,4,CHARGE
2,329,3,CHARGE
8,173,2,CHARGE
18,532,4,WAIT
19,549,4,WAIT
4,466,4,WAIT
10,117,2,CHARGE
14,219,3,CHARGE
18,474,4,WAIT
12,441,4,CHARGE
15,396,3,CHARGE
23,463,4,WAIT
22,503,4,WAIT
6,72,1,CHARGE
17,583,4,WAIT
22,260,3,CHARGE
15,121,2,CHARGE
17,153,2,CHARGE
18,323,3,WAIT
8,301,3,CHARGE
9,194,2,CHARGE
19,145,2,WAIT
15,365,3,CHARGE
22,391,3,CHARGE
11,289,3,CHARGE
1,499,4,WAIT
9,500,4,WAIT
22,475,4,WAIT
16,449,4,CHARGE
1,94,1,CHARGE
8,580,4,WAIT
21,151,2,WAIT
16,226,3,CHARGE
16,459,4,CHARGE
10,274,3,CHARGE
1,503,4,WAIT
13,540,4,CHARGE
22,255,3,CHARGE
10,504,4,CHARGE
15,583,4,CHARGE
11,119,2,CHARGE
21,283,3,WAIT
17,64,1,CHARGE
4,301,3,CHARGE
10,194,2,CHARGE
0,307,3,CHARGE
11,497,4,CHARGE
12,591,4,CHARGE
6,155,2,CHARGE
5,207,3,CHARGE
0,73,1,CHARGE
23,229,3,CHARGE
2,478,4,WAIT
19,311,3,WAIT
10,162,2,CHARGE
6,217,3,CHARGE
11,565,4,CHARGE
20,138,2,WAIT
6,539,4,WAIT
10,417,4,CHARGE
10,287,3,CHARGE
15,285,3,CHARGE
22,266,3,CHARGE
11,205,3,CHARGE
0,481,4,WAIT
2,510,4,WAIT
18,90,1,WAIT
21,575,4,WAIT
6,285,3,CHARGE
15,357,3,CHARGE
13,295,3,CHARGE
6,368,3,CHARGE
23,144,2,CHARGE
12,354,3,CHARGE
9,241,3,CHARGE
11,479,4,CHARGE
14,347,3,CHARGE
2,364,3,CHARGE
22,324,3,CHARGE
0,536,4,WAIT
12,293,3,CHARGE
10,348,3,CHARGE
19,407,4,WAIT
4,404,4,WAIT
1,211,3,CHARGE
2,503,4,WAIT
8,198,2,CHARGE
23,568,4,WAIT
13,429,4,CHARGE
20,198,2,WAIT
10,153,2,CHARGE
6,453,4,WAIT
4,188,2,CHARGE
11,558,4,CHARGE
15,539,4,CHARGE
22,242,3,CHARGE
23,468,4,WAIT
13,260,3,CHARGE
5,244,3,CHARGE
23,556,4,WAIT
20,440,4,WAIT
20,217,3,WAIT
11,338,3,CHARGE
12,225,3,CHARGE
0,481,4,WAIT
8,185,2,CHARGE
16,123,2,CHARGE
22,483,4,WAIT
16,501,4,CHARGE
6,483,4,WAIT
21,89,1,WAIT
7,287,3,CHARGE
6,510,4,WAIT
4,341,3,CHARGE
17,424,4,WAIT
4,272,3,CHARGE
21,355,3,WAIT
1,571,4,WAIT
10,283,3,CHARGE
17,361,3,CHARGE
0,365,3,CHARGE
19,370,3,WAIT
16,474,4,CHARGE
14,173,2,CHARGE
19,585,4,WAIT
17,381,3,CHARGE
23,201,3,CHARGE
8,456,4,WAIT
1,125,2,CHARGE
10,165,2,CHARGE
16,248,3,CHARGE
15,479,4,CHARGE
12,491,4,CHARGE
14,163,2,CHARGE
9,165,2,CHARGE
20,512,4,WAIT
20,50,1,WAIT
7,361,3,CHARGE
16,444,4,CHARGE
13,594,4,CHARGE
20,195,2,WAIT
4,93,1,CHARGE
14,147,2,CHARGE
4,481,4,WAIT
4,225,3,CHARGE
22,431,4,WAIT
7,456,4,WAIT
1,491,4,WAIT
23,161,2,CHARGE
15,365,3,CHARGE
9,83,1,CHARGE
7,559,4,WAIT
0,546,4,WAIT
18,504,4,WAIT
19,509,4,WAIT
22,376,3,CHARGE
22,483,4,WAIT
14,210,3,CHARGE
15,93,1,CHARGE
14,360,3,CHARGE
21,337,3,WAIT
1,259,3,CHARGE
22,422,4,WAIT
2,58,1,CHARGE
23,592,4,WAIT
0,322,3,CHARGE
16,65,1,CHARGE
4,284,3,CHARGE
6,314,3,CHARGE
15,168,2,CHARGE
16,371,3,CHARGE
12,79,1,CHARGE
16,376,3,CHARGE
18,141,2,WAIT
19,391,3,WAIT
11,572,4,CHARGE
13,311,3,CHARGE
5,403,4,WAIT
8,505,4,WAIT
17,361,3,CHARGE
15,195,2,CHARGE
19,434,4,WAIT
16,254,3,CHARGE
21,50,1,WAIT
21,176,2,WAIT
13,465,4,CHARGE
4,335,3,CHARGE
15,276,3,CHARGE
14,379,3,CHARGE
4,498,4,WAIT
7,94,1,CHARGE
23,165,2,CHARGE
21,242,3,WAIT
19,567,4,WAIT
19,365,3,WAIT
13,114,2,CHARGE
17,390,3,CHARGE
18,501,4,WAIT
0,314,3,CHARGE
9,238,3,CHARGE
9,249,3,CHARGE
21,363,3,WAIT
11,70,1,CHARGE
14,128,2,CHARGE
0,80,1,CHARGE
1,491,4,WAIT
6,459,4,WAIT
1,334,3,CHARGE
3,324,3,CHARGE
0,73,1,CHARGE
20,244,3,WAIT
8,200,2,CHARGE
19,206,3,WAIT
13,159,2,CHARGE
3,70,1,CHARGE
9,109,2,CHARGE
19,529,4,WAIT
6,159,2,CHARGE
5,444,4,WAIT
18,114,2,WAIT
4,354,3,CHARGE
13,371,3,CHARGE
14,277,3,CHARGE
23,594,4,WAIT
4,577,4,WAIT
21,499,4,WAIT
17,284,3,CHARGE
23,544,4,WAIT
4,302,3,CHARGE
2,145,2,CHARGE
19,131,2,WAIT
12,402,4,CHARGE
16,238,3,CHARGE
15,476,4,CHARGE
10,390,3,CHARGE
1,152,2,CHARGE
23,77,1,CHARGE
13,446,4,CHARGE
8,66,1,CHARGE
19,328,3,WAIT
19,554,4,WAIT
16,532,4,CHARGE
1,378,3,CHARGE
0,500,4,WAIT
5,463,4,WAIT
21,480,4,WAIT
0,426,4,WAIT
13,202,3,CHARGE
11,580,4,CHARGE
5,186,2,CHARGE
1,124,2,CHARGE
2,402,4,WAIT
19,502,4,WAIT
9,475,4,WAIT
6,71,1,CHARGE
7,482,4,WAIT
8,136,2,CHARGE
23,297,3,CHARGE
16,234,3,CHARGE
5,101,2,CHARGE
13,224,3,CHARGE
5,166,2,CHARGE
12,396,3,CHARGE
19,60,1,WAIT
13,579,4,CHARGE
13,344,3,CHARGE
1,187,2,CHARGE
4,413,4,WAIT
11,428,4,CHARGE
21,350,3,WAIT
0,62,1,CHARGE
14,278,3,CHARGE
23,84,1,CHARGE
20,66,1,WAIT
11,189,2,CHARGE
8,568,4,WAIT
23,62,1,CHARGE
23,503,4,WAIT
5,133,2,CHARGE
7,201,3,CHARGE
8,173,2,CHARGE
21,537,4,WAIT
11,213,3,CHARGE
13,331,3,CHARGE
16,66,1,CHARGE
18,234,3,WAIT
21,557,4,WAIT
5,561,4,WAIT
18,357,3,WAIT
14,220,3,CHARGE
21,539,4,WAIT
7,287,3,CHARGE
4,297,3,CHARGE
22,550,4,WAIT
23,243,3,CHARGE
17,262,3,CHARGE
3,264,3,CHARGE
14,565,4,CHARGE
2,324,3,CHARGE
6,367,3,CHARGE
4,502,4,WAIT
5,150,2,CHARGE
10,339,3,CHARGE
18,419,4,WAIT
6,422,4,WAIT
2,76,1,CHARGE
21,404,4,WAIT
12,452,4,CHARGE
0,296,3,CHARGE
1,499,4,WAIT
3,218,3,CHARGE
21,360,3,WAIT
12,144,2,CHARGE
8,267,3,CHARGE
4,529,4,WAIT
8,436,4,WAIT
5,268,3,CHARGE
17,382,3,CHARGE
22,348,3,CHARGE
14,282,3,CHARGE
15,538,4,CHARGE
8,482,4,WAIT
15,189,2,CHARGE
22,316,3,CHARGE
20,387,3,WAIT
9,182,2,CHARGE
19,297,3,WAIT
18,515,4,WAIT
10,155,2,CHARGE
0,405,4,WAIT
1,281,3,CHARGE
14,380,3,CHARGE
12,382,3,CHARGE
9,562,4,WAIT
7,156,2,CHARGE
22,186,2,CHARGE
23,137,2,CHARGE
21,328,3,WAIT
12,245,3,CHARGE
14,88,1,CHARGE
14,116,2,CHARGE
13,464,4,CHARGE
9,437,4,WAIT
16,486,4,CHARGE
9,192,2,CHARGE
9,432,4,WAIT
16,374,3,CHARGE
5,57,1,CHARGE
4,576,4,WAIT
3,381,3,CHARGE
0,496,4,WAIT
8,426,4,WAIT
21,181,2,WAIT
1,524,4,WAIT
15,585,4,CHARGE
21,300,3,WAIT
2,214,3,CHARGE
15,352,3,CHARGE
14,127,2,CHARGE
4,435,4,WAIT
10,117,2,CHARGE
12,136,2,CHARGE
23,582,4,WAIT
14,217,3,CHARGE
16,75,1,CHARGE
23,63,1,CHARGE
3,580,4,WAIT
22,395,3,CHARGE
6,525,4,WAIT
12,170,2,CHARGE
5,442,4,WAIT
13,195,2,CHARGE
5,198,2,CHARGE
17,529,4,WAIT
0,380,3,CHARGE
20,476,4,WAIT
17,125,2,CHARGE
11,451,4,CHARGE
20,237,3,WAIT
12,441,4,CHARGE
10,314,3,CHARGE
4,383,3,CHARGE
4,351,3,CHARGE
16,331,3,CHARGE
3,557,4,WAIT
8,600,4,WAIT
5,492,4,WAIT
11,431,4,CHARGE
18,327,3,WAIT
16,446,4,CHARGE
17,546,4,WAIT
17,192,2,CHARGE
13,588,4,CHARGE
18,53,1,WAIT
11,194,2,CHARGE
9,110,2,CHARGE
16,175,2,CHARGE
4,575,4,WAIT
5,311,3,CHARGE
2,54,1,CHARGE
17,336,3,CHARGE
20,114,2,WAIT
19,533,4,WAIT
17,415,4,WAIT
16,383,3,CHARGE
22,594,4,WAIT
18,404,4,WAIT
19,365,3,WAIT
5,261,3,CHARGE
4,207,3,CHARGE
21,404,4,WAIT
13,448,4,CHARGE
20,79,1,WAIT
6,276,3,CHARGE
4,568,4,WAIT
19,475,4,WAIT
23,379,3,CHARGE
1,72,1,CHARGE
19,168,2,WAIT
7,113,2,CHARGE
22,225,3,CHARGE
17,82,1,CHARGE
6,290,3,CHARGE
12,500,4,CHARGE
23,197,2,CHARGE
13,408,4,CHARGE
22,72,1,CHARGE
14,262,3,CHARGE
2,463,4,WAIT
9,96,1,CHARGE
22,155,2,CHARGE
16,371,3,CHARGE
21,165,2,WAIT
4,497,4,WAIT
16,558,4,CHARGE
16,211,3,CHARGE
9,383,3,CHARGE
10,313,3,CHARGE
8,596,4,WAIT
1,259,3,CHARGE
9,426,4,WAIT
7,580,4,WAIT
20,481,4,WAIT
9,266,3,CHARGE
10,502,4,CHARGE
10,408,4,CHARGE
8,428,4,WAIT
8,566,4,WAIT
6,245,3,CHARGE
23,307,3,CHARGE
11,370,3,CHARGE
10,300,3,CHARGE
9,342,3,CHARGE
13,53,1,CHARGE
3,192,2,CHARGE
15,152,2,CHARGE
3,523,4,WAIT
2,179,2,CHARGE
13,512,4,CHARGE
16,237,3,CHARGE
18,536,4,WAIT
3,158,2,CHARGE
2,381,3,CHARGE
16,447,4,CHARGE
16,135,2,CHARGE
11,104,2,CHARGE
8,316,3,CHARGE
5,516,4,WAIT
19,430,4,WAIT
14,229,3,CHARGE
12,157,2,CHARGE
0,597,4,WAIT
15,433,4,CHARGE
9,357,3,CHARGE
21,329,3,WAIT
2,423,4,WAIT
1,362,3,CHARGE
16,209,3,CHARGE
18,366,3,WAIT
4,253,3,CHARGE
21,385,3,WAIT
19,121,2,WAIT
10,82,1,CHARGE
10,459,4,CHARGE
15,93,1,CHARGE
6,103,2,CHARGE
6,370,3,CHARGE
10,134,2,CHARGE
8,234,3,CHARGE
0,221,3,CHARGE
2,222,3,CHARGE
3,564,4,WAIT
0,511,4,WAIT
11,549,4,CHARGE
8,216,3,CHARGE
6,453,4,WAIT
2,588,4,WAIT
12,97,1,CHARGE
10,76,1,CHARGE
13,541,4,CHARGE
0,166,2,CHARGE
3,274,3,CHARGE
12,370,3,CHARGE
19,356,3,WAIT
3,114,2,CHARGE
20,367,3,WAIT
5,341,3,CHARGE
8,340,3,CHARGE
8,224,3,CHARGE
20,195,2,WAIT
23,377,3,CHARGE
5,102,2,CHARGE
20,169,2,WAIT
11,151,2,CHARGE
1,84,1,CHARGE
14,528,4,CHARGE
8,383,3,CHARGE
16,572,4,CHARGE
15,331,3,CHARGE
15,520,4,CHARGE
16,142,2,CHARGE
10,388,3,CHARGE
2,429,4,WAIT
12,104,2,CHARGE
21,374,3,WAIT
10,202,3,CHARGE
1,412,4,WAIT
6,192,2,CHARGE
11,406,4,CHARGE
20,127,2,WAIT
5,231,3,CHARGE
4,471,4,WAIT
21,99,1,WAIT
10,74,1,CHARGE
6,262,3,CHARGE
1,190,2,CHARGE
1,350,3,CHARGE
22,354,3,CHARGE
19,338,3,WAIT
23,73,1,CHARGE
3,582,4,WAIT
5,489,4,WAIT
11,89,1,CHARGE
18,183,2,WAIT
14,325,3,CHARGE
7,389,3,CHARGE
0,508,4,WAIT
7,90,1,CHARGE
10,372,3,CHARGE
9,534,4,WAIT
18,423,4,WAIT
8,586,4,WAIT
8,63,1,CHARGE
19,321,3,WAIT
10,448,4,CHARGE
18,475,4,WAIT
11,94,1,CHARGE
12,131,2,CHARGE
8,367,3,CHARGE
20,535,4,WAIT
16,383,3,CHARGE
13,77,1,CHARGE
13,532,4,CHARGE
3,277,3,CHARGE
16,109,2,CHARGE
6,168,2,CHARGE
13,540,4,CHARGE
7,540,4,WAIT
11,243,3,CHARGE
18,561,4,WAIT
11,91,1,CHARGE
17,350,3,CHARGE
14,453,4,CHARGE
23,111,2,CHARGE
2,122,2,CHARGE
19,500,4,WAIT
20,466,4,WAIT
7,289,3,CHARGE
23,87,1,CHARGE
2,155,2,CHARGE
0,566,4,WAIT
13,208,3,CHARGE
11,68,1,CHARGE
9,286,3,CHARGE
1,289,3,CHARGE
7,394,3,CHARGE
23,362,3,CHARGE
20,505,4,WAIT
1,460,4,WAIT
14,422,4,CHARGE
22,219,3,CHARGE
2,498,4,WAIT
2,349,3,CHARGE
20,444,4,WAIT
12,220,3,CHARGE
5,353,3,CHARGE
5,335,3,CHARGE
7,464,4,WAIT
0,254,3,CHARGE
22,145,2,CHARGE
18,393,3,WAIT
6,185,2,CHARGE
1,236,3,CHARGE
21,247,3,WAIT
17,445,4,WAIT
4,76,1,CHARGE
21,57,1,WAIT
10,446,4,CHARGE
13,482,4,CHARGE
23,264,3,CHARGE
13,388,3,CHARGE
18,529,4,WAIT
2,138,2,CHARGE
3,401,4,WAIT
11,169,2,CHARGE
9,315,3,CHARGE
20,212,3,WAIT
21,388,3,WAIT
8,79,1,CHARGE
5,59,1,CHARGE
16,399,3,CHARGE
2,589,4,WAIT
19,151,2,WAIT
22,462,4,WAIT
6,333,3,CHARGE
8,385,3,CHARGE
1,389,3,CHARGE
9,148,2,CHARGE
3,370,3,CHARGE
9,568,4,WAIT
2,342,3,CHARGE
8,478,4,WAIT
16,286,3,CHARGE
8,505,4,WAIT
7,572,4,WAIT
22,110,2,CHARGE
14,456,4,CHARGE
13,164,2,CHARGE
7,269,3,CHARGE
8,212,3,CHARGE
5,101,2,CHARGE
14,89,1,CHARGE
12,360,3,CHARGE
19,441,4,WAIT
11,360,3,CHARGE
8,250,3,CHARGE
18,124,2,WAIT
7,252,3,CHARGE
23,484,4,WAIT
1,462,4,WAIT
14,316,3,CHARGE
19,191,2,WAIT
3,195,2,CHARGE
17,101,2,CHARGE
3,467,4,WAIT
22,182,2,CHARGE
0,56,1,CHARGE
14,328,3,CHARGE
13,340,3,CHARGE
2,109,2,CHARGE
3,355,3,CHARGE
1,374,3,CHARGE
16,453,4,CHARGE
9,235,3,CHARGE
22,210,3,CHARGE
1,515,4,WAIT
3,543,4,WAIT
8,471,4,WAIT
11,54,1,CHARGE
5,290,3,CHARGE
18,504,4,WAIT
7,116,2,CHARGE
22,333,3,CHARGE
19,310,3,WAIT
3,519,4,WAIT
7,449,4,WAIT
3,214,3,CHARGE
1,574,4,WAIT
11,106,2,CHARGE
10,565,4,CHARGE
2,102,2,CHARGE
1,103,2,CHARGE
6,182,2,CHARGE
4,332,3,CHARGE
3,272,3,CHARGE
4,243,3,CHARGE
10,160,2,CHARGE
2,359,3,CHARGE
12,128,2,CHARGE
13,351,3,CHARGE
10,366,3,CHARGE
17,536,4,WAIT
12,348,3,CHARGE
21,253,3,WAIT
9,366,3,CHARGE
8,332,3,CHARGE
2,589,4,WAIT
15,138,2,CHARGE
5,382,3,CHARGE
6,98,1,CHARGE
7,419,4,WAIT
14,351,3,CHARGE
7,59,1,CHARGE
9,102,2,CHARGE
21,479,4,WAIT
9,375,3,CHARGE
18,356,3,WAIT
20,559,4,WAIT
21,431,4,WAIT
1,369,3,CHARGE
18,400,3,WAIT
6,215,3,CHARGE
1,210,3,CHARGE
19,412,4,WAIT
0,591,4,WAIT
6,192,2,CHARGE
20,583,4,WAIT
2,403,4,WAIT
14,321,3,CHARGE
14,321,3,CHARGE
17,256,3,CHARGE
3,512,4,WAIT
11,351,3,CHARGE
18,292,3,WAIT
21,122,2,WAIT
4,60,1,CHARGE
11,383,3,CHARGE
13,556,4,CHARGE
9,583,4,WAIT
15,477,4,CHARGE
0,209,3,CHARGE
12,56,1,CHARGE
15,321,3,CHARGE
18,260,3,WAIT
23,301,3,CHARGE
19,222,3,WAIT
7,352,3,CHARGE
21,126,2,WAIT
0,284,3,CHARGE
23,477,4,WAIT
1,208,3,CHARGE
17,519,4,WAIT
17,352,3,CHARGE
4,360,3,CHARGE
3,85,1,CHARGE
18,155,2,WAIT
12,201,3,CHARGE
1,512,4,WAIT
6,448,4,WAIT
5,581,4,WAIT
1,513,4,WAIT
21,485,4,WAIT
4,458,4,WAIT
4,516,4,WAIT
22,392,3,CHARGE
22,110,2,CHARGE
21,397,3,WAIT
19,142,2,WAIT
10,209,3,CHARGE
0,179,2,CHARGE
15,129,2,CHARGE
16,570,4,CHARGE
21,213,3,WAIT
1,249,3,CHARGE
9,83,1,CHARGE
5,278,3,CHARGE
21,166,2,WAIT
0,449,4,WAIT
7,253,3,CHARGE
3,309,3,CHARGE
17,463,4,WAIT
7,533,4,WAIT
1,228,3,CHARGE
23,55,1,CHARGE
0,434,4,WAIT
11,485,4,CHARGE
15,592,4,CHARGE
23,64,1,CHARGE
9,514,4,WAIT
21,427,4,WAIT
12,230,3,CHARGE
21,375,3,WAIT
12,451,4,CHARGE
3,585,4,WAIT
8,509,4,WAIT
23,110,2,CHARGE
16,326,3,CHARGE
14,573,4,CHARGE
11,109,2,CHARGE
17,242,3,CHARGE
9,520,4,WAIT
1,274,3,CHARGE
13,114,2,CHARGE
3,211,3,CHARGE
9,142,2,CHARGE
9,57,1,CHARGE
3,476,4,WAIT
17,242,3,CHARGE
9,325,3,CHARGE
4,381,3,CHARGE
8,458,4,WAIT
15,63,1,CHARGE
7,79,1,CHARGE
12,72,1,CHARGE
9,370,3,CHARGE
21,205,3,WAIT
21,220,3,WAIT
1,508,4,WAIT
8,181,2,CHARGE
22,75,1,CHARGE
10,212,3,CHARGE
18,354,3,WAIT
10,312,3,CHARGE
13,224,3,CHARGE
15,239,3,CHARGE
1,539,4,WAIT
6,231,3,CHARGE
19,399,3,WAIT
13,263,3,CHARGE
6,299,3,CHARGE
2,472,4,WAIT
0,464,4,WAIT
20,591,4,WAIT
23,155,2,CHARGE
16,144,2,CHARGE
12,250,3,CHARGE
8,489,4,WAIT
18,259,3,WAIT
16,420,4,CHARGE
6,483,4,WAIT
21,247,3,WAIT
4,327,3,CHARGE
3,494,4,WAIT
8,277,3,CHARGE
12,53,1,CHARGE
3,242,3,CHARGE
2,268,3,CHARGE
8,333,3,CHARGE
2,506,4,WAIT
1,529,4,WAIT
2,345,3,CHARGE
23,162,2,CHARGE
7,566,4,WAIT
20,584,4,WAIT
4,548,4,WAIT
4,588,4,WAIT
15,50,1,CHARGE
3,325,3,CHARGE
16,111,2,CHARGE
2,543,4,WAIT
0,527,4,WAIT
10,243,3,CHARGE
0,521,4,WAIT
10,505,4,CHARGE
4,165,2,CHARGE
0,310,3,CHARGE
8,548,4,WAIT
4,74,1,CHARGE
16,527,4,CHARGE
8,103,2,CHARGE
21,431,4,WAIT
14,585,4,CHARGE
8,474,4,WAIT
14,491,4,CHARGE
14,54,1,CHARGE
12,365,3,CHARGE
14,187,2,CHARGE
12,533,4,CHARGE
11,310,3,CHARGE
23,402,4,WAIT
18,339,3,WAIT
14,348,3,CHARGE
16,357,3,CHARGE
6,78,1,CHARGE
6,300,3,CHARGE
20,74,1,WAIT
4,62,1,CHARGE
6,283,3,CHARGE
16,371,3,CHARGE
3,150,2,CHARGE
20,361,3,WAIT
18,305,3,WAIT
14,275,3,CHARGE
2,478,4,WAIT
16,475,4,CHARGE
10,243,3,CHARGE
9,456,4,WAIT
23,481,4,WAIT
0,591,4,WAIT
12,587,4,CHARGE
11,117,2,CHARGE
4,307,3,CHARGE
19,120,2,WAIT
23,267,3,CHARGE
14,257,3,CHARGE
21,553,4,WAIT
4,545,4,WAIT
20,288,3,WAIT
12,312,3,CHARGE
5,354,3,CHARGE
7,110,2,CHARGE
10,221,3,CHARGE
13,58,1,CHARGE
4,190,2,CHARGE
1,495,4,WAIT
22,100,1,CHARGE
14,334,3,CHARGE
9,584,4,WAIT
20,55,1,WAIT
1,351,3,CHARGE
22,525,4,WAIT
13,490,4,CHARGE
20,258,3,WAIT
20,216,3,WAIT
10,358,3,CHARGE
14,226,3,CHARGE
23,78,1,CHARGE
18,131,2,WAIT
23,572,4,WAIT
14,201,3,CHARGE
5,231,3,CHARGE
23,466,4,WAIT
9,491,4,WAIT
0,236,3,CHARGE
14,126,2,CHARGE
14,236,3,CHARGE
14,301,3,CHARGE
13,69,1,CHARGE
0,387,3,CHARGE
8,412,4,WAIT
12,408,4,CHARGE
7,538,4,WAIT
16,563,4,CHARGE
18,460,4,WAIT
23,373,3,CHARGE
6,53,1,CHARGE
17,494,4,WAIT
16,488,4,CHARGE
15,179,2,CHARGE
1,123,2,CHARGE
0,487,4,WAIT
16,518,4,CHARGE
11,346,3,CHARGE
15,536,4,CHARGE
17,382,3,CHARGE
14,135,2,CHARGE
14,400,3,CHARGE
1,527,4,WAIT
14,223,3,CHARGE
19,463,4,WAIT
13,70,1,CHARGE
7,444,4,WAIT
22,126,2,CHARGE
16,353,3,CHARGE
4,380,3,CHARGE
9,279,3,CHARGE
6,211,3,CHARGE
20,120,2,WAIT
10,419,4,CHARGE
11,433,4,CHARGE
19,545,4,WAIT
9,507,4,WAIT
13,335,3,CHARGE
23,410,4,WAIT
8,552,4,WAIT
1,162,2,CHARGE
18,126,2,WAIT
3,316,3,CHARGE
19,529,4,WAIT
19,421,4,WAIT
20,180,2,WAIT
6,309,3,CHARGE
1,146,2,CHARGE
10,130,2,CHARGE
19,148,2,WAIT
5,302,3,CHARGE
4,142,2,CHARGE
20,416,4,WAIT
17,139,2,CHARGE
19,111,2,WAIT
4,191,2,CHARGE
4,387,3,CHARGE
21,305,3,WAIT
4,465,4,WAIT
4,376,3,CHARGE
14,437,4,CHARGE
3,598,4,WAIT
5,500,4,WAIT
6,81,1,CHARGE
15,148,2,CHARGE
10,166,2,CHARGE
9,101,2,CHARGE
11,308,3,CHARGE
10,274,3,CHARGE
7,408,4,WAIT
3,420,4,WAIT
11,56,1,CHARGE
17,497,4,WAIT
1,556,4,WAIT
14,410,4,CHARGE
1,125,2,CHARGE
1,580,4,WAIT
20,388,3,WAIT
13,132,2,CHARGE
4,442,4,WAIT
17,207,3,CHARGE
11,599,4,CHARGE
12,251,3,CHARGE
14,467,4,CHARGE
23,302,3,CHARGE
7,444,4,WAIT
1,513,4,WAIT
6,494,4,WAIT
22,512,4,WAIT
11,148,2,CHARGE
21,434,4,WAIT
4,403,4,WAIT
9,481,4,WAIT
2,57,1,CHARGE
14,111,2,CHARGE
23,515,4,WAIT
15,112,2,CHARGE
22,499,4,WAIT
6,339,3,CHARGE
1,163,2,CHARGE
21,336,3,WAIT
17,269,3,CHARGE
7,399,3,CHARGE
23,261,3,CHARGE
18,499,4,WAIT
22,433,4,WAIT
3,427,4,WAIT
3,360,3,CHARGE
2,116,2,CHARGE
16,78,1,CHARGE
0,323,3,CHARGE
8,579,4,WAIT
5,357,3,CHARGE
18,329,3,WAIT
6,566,4,WAIT
14,567,4,CHARGE
15,210,3,CHARGE
10,384,3,CHARGE
9,172,2,CHARGE
10,430,4,CHARGE
2,538,4,WAIT
17,51,1,CHARGE
17,506,4,WAIT
23,539,4,WAIT
13,73,1,CHARGE
5,362,3,CHARGE
14,501,4,CHARGE
23,272,3,CHARGE
2,494,4,WAIT
7,73,1,CHARGE
21,211,3,WAIT
14,264,3,CHARGE
8,132,2,CHARGE
5,471,4,WAIT
0,411,4,WAIT
23,323,3,CHARGE
3,502,4,WAIT
13,265,3,CHARGE
21,253,3,WAIT
10,192,2,CHARGE
8,109,2,CHARGE
12,435,4,CHARGE
15,184,2,CHARGE
10,207,3,CHARGE
1,536,4,WAIT
10,192,2,CHARGE
11,333,3,CHARGE
10,420,4,CHARGE
17,228,3,CHARGE
0,307,3,CHARGE
19,171,2,WAIT
13,574,4,CHARGE
14,172,2,CHARGE
20,376,3,WAIT
2,544,4,WAIT
10,179,2,CHARGE
3,303,3,CHARGE
3,236,3,CHARGE
21,415,4,WAIT
9,91,1,CHARGE
7,594,4,WAIT
12,390,3,CHARGE
14,542,4,CHARGE
13,144,2,CHARGE
13,368,3,CHARGE
0,214,3,CHARGE
0,406,4,WAIT
6,586,4,WAIT
8,131,2,CHARGE
11,170,2,CHARGE
15,592,4,CHARGE
14,347,3,CHARGE
3,507,4,WAIT
18,135,2,WAIT
1,493,4,WAIT
7,511,4,WAIT
6,120,2,CHARGE
10,209,3,CHARGE
17,115,2,CHARGE
18,408,4,WAIT
16,135,2,CHARGE
9,363,3,CHARGE
10,474,4,CHARGE
14,402,4,CHARGE
20,508,4,WAIT
0,272,3,CHARGE
22,466,4,WAIT
2,152,2,CHARGE
0,238,3,CHARGE
20,496,4,WAIT
3,206,3,CHARGE
20,581,4,WAIT
7,600,4,WAIT
9,136,2,CHARGE
19,525,4,WAIT
14,366,3,CHARGE
17,147,2,CHARGE
8,299,3,CHARGE
3,525,4,WAIT
23,560,4,WAIT
19,287,3,WAIT
9,526,4,WAIT
11,551,4,CHARGE
17,534,4,WAIT
10,480,4,CHARGE
19,229,3,WAIT
23,594,4,WAIT
11,389,3,CHARGE
12,256,3,CHARGE
19,494,4,WAIT
3,445,4,WAIT
12,152,2,CHARGE
23,355,3,CHARGE
3,279,3,CHARGE
23,62,1,CHARGE
19,413,4,WAIT
19,51,1,WAIT
4,542,4,WAIT
4,343,3,CHARGE
13,367,3,CHARGE
8,180,2,CHARGE
11,148,2,CHARGE
15,291,3,CHARGE
1,129,2,CHARGE
14,250,3,CHARGE
1,403,4,WAIT
18,70,1,WAIT
8,121,2,CHARGE
4,372,3,CHARGE
10,593,4,CHARGE
9,305,3,CHARGE
10,330,3,CHARGE
22,118,2,CHARGE
6,395,3,CHARGE
12,575,4,CHARGE
13,319,3,CHARGE
15,261,3,CHARGE
21,388,3,WAIT
6,357,3,CHARGE
14,152,2,CHARGE
15,253,3,CHARGE
20,375,3,WAIT
14,415,4,CHARGE
0,363,3,CHARGE
4,269,3,CHARGE
8,286,3,CHARGE
19,244,3,WAIT
22,384,3,CHARGE
3,238,3,CHARGE
22,258,3,CHARGE
14,508,4,CHARGE
15,244,3,CHARGE
16,307,3,CHARGE
11,99,1,CHARGE
16,490,4,CHARGE
20,182,2,WAIT
13,382,3,CHARGE
3,146,2,CHARGE
4,276,3,CHARGE
20,438,4,WAIT
19,404,4,WAIT
12,535,4,CHARGE
21,573,4,WAIT
2,391,3,CHARGE
10,181,2,CHARGE
6,474,4,WAIT
5,384,3,CHARGE
9,507,4,WAIT
0,425,4,WAIT
23,450,4,WAIT
10,492,4,CHARGE
23,384,3,CHARGE
21,453,4,WAIT
3,249,3,CHARGE
15,67,1,CHARGE
11,196,2,CHARGE
3,287,3,CHARGE
10,187,2,CHARGE
20,378,3,WAIT
7,86,1,CHARGE
12,280,3,CHARGE
20,105,2,WAIT
7,281,3,CHARGE
16,132,2,CHARGE
5,410,4,WAIT
3,117,2,CHARGE
18,356,3,WAIT
10,539,4,CHARGE
4,455,4,WAIT
13,209,3,CHARGE
21,479,4,WAIT
9,395,3,CHARGE
12,594,4,CHARGE
1,87,1,CHARGE
8,432,4,WAIT
13,444,4,CHARGE
7,205,3,CHARGE
0,268,3,CHARGE
16,546,4,CHARGE
11,65,1,CHARGE
5,541,4,WAIT
12,142,2,CHARGE
17,591,4,WAIT
8,140,2,CHARGE
13,417,4,CHARGE
9,113,2,CHARGE
23,120,2,CHARGE
6,138,2,CHARGE
7,424,4,WAIT
17,159,2,CHARGE
22,547,4,WAIT
15,86,1,CHARGE
18,267,3,WAIT
4,427,4,WAIT
0,345,3,CHARGE
20,356,3,WAIT
21,554,4,WAIT
17,68,1,CHARGE
23,119,2,CHARGE
6,410,4,WAIT
9,168,2,CHARGE
11,542,4,CHARGE
9,312,3,CHARGE
20,595,4,WAIT
23,431,4,WAIT
10,113,2,CHARGE
5,117,2,CHARGE
7,581,4,WAIT
10,221,3,CHARGE
11,420,4,CHARGE
7,291,3,CHARGE
6,453,4,WAIT
13,545,4,CHARGE
1,70,1,CHARGE
15,456,4,CHARGE
3,138,2,CHARGE
16,118,2,CHARGE
16,95,1,CHARGE
17,62,1,CHARGE
12,587,4,CHARGE
17,543,4,WAIT
1,410,4,WAIT
17,584,4,WAIT
22,481,4,WAIT
2,102,2,CHARGE
23,138,2,CHARGE
7,99,1,CHARGE
12,238,3,CHARGE
22,393,3,CHARGE
14,130,2,CHARGE
12,216,3,CHARGE
17,205,3,CHARGE
4,246,3,CHARGE
18,427,4,WAIT
18,416,4,WAIT
7,507,4,WAIT
13,244,3,CHARGE
22,102,2,CHARGE
16,314,3,CHARGE
22,300,3,CHARGE
23,152,2,CHARGE
18,286,3,WAIT
6,76,1,CHARGE
2,328,3,CHARGE
22,597,4,WAIT
17,482,4,WAIT
1,168,2,CHARGE
8,415,4,WAIT
23,234,3,CHARGE
2,522,4,WAIT
16,116,2,CHARGE
22,147,2,CHARGE
18,86,1,WAIT
8,225,3,CHARGE
16,189,2,CHARGE
17,317,3,CHARGE
5,433,4,WAIT
7,475,4,WAIT
0,242,3,CHARGE
4,297,3,CHARGE
23,195,2,CHARGE
17,125,2,CHARGE
10,70,1,CHARGE
9,491,4,WAIT
3,108,2,CHARGE
4,178,2,CHARGE
18,459,4,WAIT
20,319,3,WAIT
6,259,3,CHARGE
17,582,4,WAIT
10,246,3,CHARGE
12,452,4,CHARGE
6,330,3,CHARGE
10,112,2,CHARGE
23,104,2,CHARGE
15,174,2,CHARGE
7,312,3,CHARGE
0,103,2,CHARGE
15,89,1,CHARGE
14,293,3,CHARGE
15,55,1,CHARGE
22,354,3,CHARGE
11,306,3,CHARGE
5,212,3,CHARGE
12,101,2,CHARGE
21,348,3,WAIT
23,277,3,CHARGE
18,330,3,WAIT
13,155,2,CHARGE
19,287,3,WAIT
15,504,4,CHARGE
14,578,4,CHARGE
23,98,1,CHARGE
18,591,4,WAIT
8,363,3,CHARGE
14,201,3,CHARGE
2,539,4,WAIT
3,542,4,WAIT
15,467,4,CHARGE
19,176,2,WAIT
15,300,3,CHARGE
16,463,4,CHARGE
20,267,3,WAIT
19,179,2,WAIT
20,318,3,WAIT
7,165,2,CHARGE
14,499,4,CHARGE
16,68,1,CHARGE
7,427,4,WAIT
7,133,2,CHARGE
1,301,3,CHARGE
3,147,2,CHARGE
20,306,3,WAIT
10,72,1,CHARGE
13,537,4,CHARGE
8,141,2,CHARGE
5,560,4,WAIT
12,265,3,CHARGE
11,443,4,CHARGE
2,74,1,CHARGE
4,83,1,CHARGE
0,184,2,CHARGE
12,345,3,CHARGE
1,418,4,WAIT
7,77,1,CHARGE
15,305,3,CHARGE
2,376,3,CHARGE
22,104,2,CHARGE
14,239,3,CHARGE
12,146,2,CHARGE
13,281,3,CHARGE
17,431,4,WAIT
2,515,4,WAIT
9,468,4,WAIT
3,293,3,CHARGE
17,56,1,CHARGE
1,264,3,CHARGE
11,273,3,CHARGE
14,364,3,CHARGE
13,168,2,CHARGE
4,466,4,WAIT
14,432,4,CHARGE
4,314,3,CHARGE
17,168,2,CHARGE
6,226,3,CHARGE
19,435,4,WAIT
8,198,2,CHARGE
1,229,3,CHARGE
21,445,4,WAIT
3,146,2,CHARGE
21,98,1,WAIT
2,481,4,WAIT
4,143,2,CHARGE
9,588,4,WAIT
7,144,2,CHARGE
10,444,4,CHARGE
15,534,4,CHARGE
7,427,4,WAIT
5,235,3,CHARGE
11,314,3,CHARGE
16,310,3,CHARGE
17,415,4,WAIT
5,326,3,CHARGE
4,573,4,WAIT
0,103,2,CHARGE
3,107,2,CHARGE
20,121,2,WAIT
11,240,3,CHARGE
5,185,2,CHARGE
4,599,4,WAIT
23,63,1,CHARGE
6,380,3,CHARGE
0,178,2,CHARGE
18,349,3,WAIT
1,587,4,WAIT
17,63,1,CHARGE
12,300,3,CHARGE
10,348,3,CHARGE
20,536,4,WAIT
18,418,4,WAIT
12,296,3,CHARGE
17,169,2,CHARGE
1,230,3,CHARGE
13,82,1,CHARGE
20,222,3,WAIT
19,236,3,WAIT
17,523,4,WAIT
15,412,4,CHARGE
7,260,3,CHARGE
21,482,4,WAIT
7,326,3,CHARGE
8,512,4,WAIT
0,172,2,CHARGE
23,157,2,CHARGE
11,550,4,CHARGE
23,593,4,WAIT
3,378,3,CHARGE
14,171,2,CHARGE
16,204,3,CHARGE
7,236,3,CHARGE
4,430,4,WAIT
9,107,2,CHARGE
12,449,4,CHARGE
9,400,3,CHARGE
14,452,4,CHARGE
6,595,4,WAIT
0,496,4,WAIT
0,93,1,CHARGE
20,310,3,WAIT
7,247,3,CHARGE
10,592,4,CHARGE
21,558,4,WAIT
2,187,2,CHARGE
12,587,4,CHARGE
14,468,4,CHARGE
12,55,1,CHARGE
9,522,4,WAIT
7,541,4,WAIT
3,590,4,WAIT
1,339,3,CHARGE
10,299,3,CHARGE
23,100,1,CHARGE
7,498,4,WAIT
5,87,1,CHARGE
21,519,4,WAIT
14,258,3,CHARGE
9,309,3,CHARGE
0,555,4,WAIT
15,310,3,CHARGE
10,228,3,CHARGE
6,162,2,CHARGE
18,480,4,WAIT
19,521,4,WAIT
3,314,3,CHARGE
6,113,2,CHARGE
10,592,4,CHARGE
18,255,3,WAIT
13,165,2,CHARGE
15,245,3,CHARGE
22,120,2,CHARGE
16,311,3,CHARGE
17,204,3,CHARGE
14,206,3,CHARGE
3,191,2,CHARGE
13,548,4,CHARGE
1,205,3,CHARGE
9,389,3,CHARGE
21,534,4,WAIT
4,515,4,WAIT
0,314,3,CHARGE
21,384,3,WAIT
17,241,3,CHARGE
2,489,4,WAIT
18,443,4,WAIT
8,150,2,CHARGE
16,497,4,CHARGE
17,152,2,CHARGE
2,207,3,CHARGE
15,311,3,CHARGE
10,241,3,CHARGE
6,492,4,WAIT
16,149,2,CHARGE
4,349,3,CHARGE
23,414,4,WAIT
4,314,3,CHARGE
18,263,3,WAIT
6,400,3,CHARGE
3,57,1,CHARGE
23,117,2,CHARGE
2,518,4,WAIT
12,257,3,CHARGE
21,297,3,WAIT
0,480,4,WAIT
20,77,1,WAIT
1,109,2,CHARGE
7,469,4,WAIT
6,592,4,WAIT
1,372,3,CHARGE
16,327,3,CHARGE
18,437,4,WAIT
19,71,1,WAIT
8,490,4,WAIT
15,519,4,CHARGE
17,260,3,CHARGE
17,327,3,CHARGE
23,472,4,WAIT
3,225,3,CHARGE
11,313,3,CHARGE
4,60,1,CHARGE
22,239,3,CHARGE
23,527,4,WAIT
23,468,4,WAIT
18,509,4,WAIT
14,173,2,CHARGE
17,140,2,CHARGE
23,75,1,CHARGE
2,159,2,CHARGE
2,477,4,WAIT
21,341,3,WAIT
22,411,4,WAIT
21,130,2,WAIT
2,303,3,CHARGE
13,595,4,CHARGE
9,272,3,CHARGE
3,569,4,WAIT
11,262,3,CHARGE
1,501,4,WAIT
8,447,4,WAIT
10,391,3,CHARGE
1,226,3,CHARGE
8,268,3,CHARGE
20,78,1,WAIT
22,163,2,CHARGE
17,312,3,CHARGE
20,346,3,WAIT
11,271,3,CHARGE
0,166,2,CHARGE
19,576,4,WAIT
17,192,2,CHARGE
19,103,2,WAIT
23,78,1,CHARGE
8,560,4,WAIT
9,446,4,WAIT
19,186,2,WAIT
6,107,2,CHARGE
1,370,3,CHARGE
18,336,3,WAIT
9,53,1,CHARGE
22,531,4,WAIT
16,258,3,CHARGE
5,578,4,WAIT
16,512,4,CHARGE
17,75,1,CHARGE
19,489,4,WAIT
8,511,4,WAIT
14,172,2,CHARGE
20,90,1,WAIT
23,510,4,WAIT
16,267,3,CHARGE
2,574,4,WAIT
8,343,3,CHARGE
1,577,4,WAIT
21,590,4,WAIT
19,249,3,WAIT
21,114,2,WAIT
4,87,1,CHARGE
23,458,4,WAIT
17,166,2,CHARGE
11,396,3,CHARGE
1,291,3,CHARGE
16,98,1,CHARGE
21,131,2,WAIT
10,333,3,CHARGE
1,172,2,CHARGE
3,474,4,WAIT
8,542,4,WAIT
7,446,4,WAIT
19,551,4,WAIT
16,393,3,CHARGE
16,387,3,CHARGE
2,152,2,CHARGE
14,535,4,CHARGE
5,442,4,WAIT
0,151,2,CHARGE
16,246,3,CHARGE
11,504,4,CHARGE
1,521,4,WAIT
23,498,4,WAIT
10,369,3,CHARGE
7,413,4,WAIT
4,443,4,WAIT
7,325,3,CHARGE
23,237,3,CHARGE
2,211,3,CHARGE
11,94,1,CHARGE
3,306,3,CHARGE
19,70,1,WAIT
10,138,2,CHARGE
5,332,3,CHARGE
16,186,2,CHARGE
1,335,3,CHARGE
16,538,4,CHARGE
9,173,2,CHARGE
1,201,3,CHARGE
22,196,2,CHARGE
1,416,4,WAIT
18,376,3,WAIT
13,196,2,CHARGE
15,297,3,CHARGE
12,533,4,CHARGE
18,271,3,WAIT
5,473,4,WAIT
5,161,2,CHARGE
16,286,3,CHARGE
6,61,1,CHARGE
9,243,3,CHARGE
13,232,3,CHARGE
2,529,4,WAIT
23,508,4,WAIT
11,447,4,CHARGE
11,590,4,CHARGE
15,114,2,CHARGE
15,91,1,CHARGE
2,110,2,CHARGE
22,186,2,CHARGE
16,135,2,CHARGE
15,524,4,CHARGE
4,219,3,CHARGE
2,583,4,WAIT
10,201,3,CHARGE
13,270,3,CHARGE
10,263,3,CHARGE
8,481,4,WAIT
14,92,1,CHARGE
13,469,4,CHARGE
14,212,3,CHARGE
11,403,4,CHARGE
10,182,2,CHARGE
19,388,3,WAIT
1,453,4,WAIT
23,360,3,CHARGE
3,239,3,CHARGE
22,404,4,WAIT
22,299,3,CHARGE
10,593,4,CHARGE
6,407,4,WAIT
13,307,3,CHARGE
23,512,4,WAIT
18,537,4,WAIT
13,247,3,CHARGE
22,509,4,WAIT
19,227,3,WAIT
17,186,2,CHARGE
23,518,4,WAIT
2,548,4,WAIT
21,554,4,WAIT
8,506,4,WAIT
3,333,3,CHARGE
17,439,4,WAIT
3,63,1,CHARGE
12,197,2,CHARGE
1,242,3,CHARGE
23,293,3,CHARGE
14,529,4,CHARGE
9,79,1,CHARGE
13,271,3,CHARGE
16,209,3,CHARGE
2,168,2,CHARGE
6,277,3,CHARGE
14,522,4,CHARGE
15,484,4,CHARGE
1,593,4,WAIT
23,511,4,WAIT
5,596,4,WAIT
21,490,4,WAIT
11,105,2,CHARGE
2,455,4,WAIT
13,245,3,CHARGE
6,252,3,CHARGE
17,426,4,WAIT
12,138,2,CHARGE
0,216,3,CHARGE
6,252,3,CHARGE
22,339,3,CHARGE
6,181,2,CHARGE
16,523,4,CHARGE
12,213,3,CHARGE
13,235,3,CHARGE
12,254,3,CHARGE
19,408,4,WAIT
22,575,4,WAIT
3,159,2,CHARGE
11,568,4,CHARGE
17,268,3,CHARGE
5,256,3,CHARGE
23,562,4,WAIT
2,424,4,WAIT
3,333,3,CHARGE
11,566,4,CHARGE
19,586,4,WAIT
6,555,4,WAIT
5,134,2,CHARGE
18,320,3,WAIT
14,474,4,CHARGE
5,498,4,WAIT
9,203,3,CHARGE
21,373,3,WAIT
4,216,3,CHARGE
15,262,3,CHARGE
11,588,4,CHARGE
1,350,3,CHARGE
2,158,2,CHARGE
22,396,3,CHARGE
17,409,4,WAIT
4,383,3,CHARGE
12,413,4,CHARGE
1,508,4,WAIT
12,338,3,CHARGE
11,137,2,CHARGE
23,443,4,WAIT
17,281,3,CHARGE
16,412,4,CHARGE
7,50,1,CHARGE
23,63,1,CHARGE
19,277,3,WAIT
19,321,3,WAIT
10,316,3,CHARGE
16,319,3,CHARGE
14,549,4,CHARGE
0,249,3,CHARGE
9,151,2,CHARGE
4,381,3,CHARGE
14,571,4,CHARGE
18,527,4,WAIT
1,211,3,CHARGE
2,355,3,CHARGE
2,455,4,WAIT
16,216,3,CHARGE
8,439,4,WAIT
7,595,4,WAIT
17,565,4,WAIT
8,441,4,WAIT
22,351,3,CHARGE
15,576,4,CHARGE
9,475,4,WAIT
7,531,4,WAIT
10,56,1,CHARGE
12,309,3,CHARGE
19,475,4,WAIT
8,416,4,WAIT
7,274,3,CHARGE
10,224,3,CHARGE
12,542,4,CHARGE
19,570,4,WAIT
9,71,1,CHARGE
19,128,2,WAIT
15,555,4,CHARGE
17,531,4,WAIT
19,209,3,WAIT
20,571,4,WAIT
8,160,2,CHARGE
5,487,4,WAIT
2,527,4,WAIT
18,211,3,WAIT
21,482,4,WAIT
23,269,3,CHARGE
18,76,1,WAIT
3,239,3,CHARGE
8,594,4,WAIT
10,541,4,CHARGE
0,535,4,WAIT
13,82,1,CHARGE
17,236,3,CHARGE
13,142,2,CHARGE
9,545,4,WAIT
18,215,3,WAIT
20,145,2,WAIT
20,284,3,WAIT
19,138,2,WAIT
10,478,4,CHARGE
20,288,3,WAIT
12,241,3,CHARGE
4,65,1,CHARGE
5,490,4,WAIT
16,247,3,CHARGE
1,229,3,CHARGE
2,444,4,WAIT
12,208,3,CHARGE
10,552,4,CHARGE
2,516,4,WAIT
22,96,1,CHARGE
22,558,4,WAIT
4,306,3,CHARGE
7,153,2,CHARGE
5,69,1,CHARGE
22,175,2,CHARGE
20,127,2,WAIT
7,570,4,WAIT
1,63,1,CHARGE
17,69,1,CHARGE
2,247,3,CHARGE
8,412,4,WAIT
14,393,3,CHARGE
11,468,4,CHARGE
19,530,4,WAIT
17,357,3,CHARGE
23,214,3,CHARGE
17,305,3,CHARGE
3,277,3,CHARGE
8,424,4,WAIT
11,501,4,CHARGE
8,386,3,CHARGE
8,484,4,WAIT
6,495,4,WAIT
18,227,3,WAIT
14,543,4,CHARGE
0,516,4,WAIT
2,363,3,CHARGE
11,73,1,CHARGE
18,213,3,WAIT
20,292,3,WAIT
8,53,1,CHARGE
6,279,3,CHARGE
5,121,2,CHARGE
21,182,2,WAIT
3,423,4,WAIT
4,471,4,WAIT
12,236,3,CHARGE
23,113,2,CHARGE
12,90,1,CHARGE
20,135,2,WAIT
16,531,4,CHARGE
14,201,3,CHARGE
15,247,3,CHARGE
17,483,4,WAIT
15,291,3,CHARGE
22,231,3,CHARGE
4,487,4,WAIT
8,455,4,WAIT
20,284,3,WAIT
7,255,3,CHARGE
10,92,1,CHARGE
15,545,4,CHARGE
22,384,3,CHARGE
9,339,3,CHARGE
14,376,3,CHARGE
9,281,3,CHARGE
17,215,3,CHARGE
9,454,4,WAIT
21,200,2,WAIT
6,312,3,CHARGE
14,463,4,CHARGE
10,315,3,CHARGE
6,56,1,CHARGE
7,205,3,CHARGE
22,204,3,CHARGE
21,198,2,WAIT
12,577,4,CHARGE
10,89,1,CHARGE
19,387,3,WAIT
19,554,4,WAIT
5,246,3,CHARGE
2,208,3,CHARGE
3,138,2,CHARGE
5,206,3,CHARGE
4,315,3,CHARGE
21,463,4,WAIT
12,394,3,CHARGE
16,209,3,CHARGE
12,422,4,CHARGE
18,525,4,WAIT
12,78,1,CHARGE
3,475,4,WAIT
5,445,4,WAIT
6,590,4,WAIT
8,83,1,CHARGE
5,132,2,CHARGE
2,61,1,CHARGE
0,338,3,CHARGE
14,306,3,CHARGE
1,565,4,WAIT
3,149,2,CHARGE
9,61,1,CHARGE
15,311,3,CHARGE
2,275,3,CHARGE
16,438,4,CHARGE
16,221,3,CHARGE
10,210,3,CHARGE
15,349,3,CHARGE
13,354,3,CHARGE
18,230,3,WAIT
3,329,3,CHARGE
3,63,1,CHARGE
8,418,4,WAIT
20,63,1,WAIT
17,419,4,WAIT
0,244,3,CHARGE
12,57,1,CHARGE
8,166,2,CHARGE
17,164,2,CHARGE
10,203,3,CHARGE
10,434,4,CHARGE
14,564,4,CHARGE
9,362,3,CHARGE
11,206,3,CHARGE
1,496,4,WAIT
16,111,2,CHARGE
1,476,4,WAIT
5,214,3,CHARGE
2,141,2,CHARGE
21,205,3,WAIT
23,315,3,CHARGE
21,542,4,WAIT
12,590,4,CHARGE
14,502,4,CHARGE
5,465,4,WAIT
16,82,1,CHARGE
8,364,3,CHARGE
15,454,4,CHARGE
1,430,4,WAIT
9,595,4,WAIT
17,548,4,WAIT
1,128,2,CHARGE
6,183,2,CHARGE
12,517,4,CHARGE
12,318,3,CHARGE
23,439,4,WAIT
7,513,4,WAIT
14,334,3,CHARGE
0,80,1,CHARGE
19,267,3,WAIT
15,458,4,CHARGE
20,291,3,WAIT
1,594,4,WAIT
9,61,1,CHARGE
13,391,3,CHARGE
5,231,3,CHARGE
18,500,4,WAIT
6,417,4,WAIT
13,181,2,CHARGE
10,482,4,CHARGE
13,404,4,CHARGE
13,158,2,CHARGE
6,348,3,CHARGE
3,107,2,CHARGE
11,255,3,CHARGE
4,211,3,CHARGE
5,218,3,CHARGE
5,582,4,WAIT
2,387,3,CHARGE
11,503,4,CHARGE
17,470,4,WAIT
15,386,3,CHARGE
10,306,3,CHARGE
21,352,3,WAIT
14,335,3,CHARGE
1,512,4,WAIT
14,101,2,CHARGE
18,111,2,WAIT
23,539,4,WAIT
4,194,2,CHARGE
4,289,3,CHARGE
15,121,2,CHARGE
11,437,4,CHARGE
21,387,3,WAIT
16,61,1,CHARGE
10,576,4,CHARGE
3,180,2,CHARGE
1,278,3,CHARGE
17,91,1,CHARGE
3,77,1,CHARGE
21,382,3,WAIT
13,97,1,CHARGE
1,247,3,CHARGE
8,320,3,CHARGE
1,505,4,WAIT
10,282,3,CHARGE
19,314,3,WAIT
0,567,4,WAIT
23,577,4,WAIT
22,102,2,CHARGE
7,399,3,CHARGE
0,410,4,WAIT
15,460,4,CHARGE
1,585,4,WAIT
12,563,4,CHARGE
13,210,3,CHARGE
16,399,3,CHARGE
3,271,3,CHARGE
13,250,3,CHARGE
2,411,4,WAIT
8,317,3,CHARGE
8,442,4,WAIT
5,206,3,CHARGE
18,248,3,WAIT
8,241,3,CHARGE
7,577,4,WAIT
9,422,4,WAIT
0,181,2,CHARGE
12,74,1,CHARGE
5,241,3,CHARGE
2,375,3,CHARGE
17,140,2,CHARGE
15,176,2,CHARGE
18,560,4,WAIT
16,148,2,CHARGE
7,309,3,CHARGE
10,149,2,CHARGE
1,460,4,WAIT
17,199,2,CHARGE
1,74,1,CHARGE
10,185,2,CHARGE
9,137,2,CHARGE
9,277,3,CHARGE
19,107,2,WAIT
7,330,3,CHARGE
15,99,1,CHARGE
16,63,1,CHARGE
23,505,4,WAIT
5,257,3,CHARGE
3,542,4,WAIT
14,56,1,CHARGE
12,175,2,CHARGE
11,83,1,CHARGE
19,472,4,WAIT
3,67,1,CHARGE
22,417,4,WAIT
21,120,2,WAIT
9,399,3,CHARGE
12,332,3,CHARGE
9,139,2,CHARGE
11,569,4,CHARGE
9,240,3,CHARGE
2,249,3,CHARGE
13,92,1,CHARGE
11,590,4,CHARGE
21,489,4,WAIT
21,415,4,WAIT
7,95,1,CHARGE
7,501,4,WAIT
16,441,4,CHARGE
4,108,2,CHARGE
1,172,2,CHARGE
3,270,3,CHARGE
20,508,4,WAIT
18,277,3,WAIT
10,242,3,CHARGE
11,62,1,CHARGE
11,130,2,CHARGE
4,490,4,WAIT
12,401,4,CHARGE
11,159,2,CHARGE
13,210,3,CHARGE
0,257,3,CHARGE
3,337,3,CHARGE
4,280,3,CHARGE
16,196,2,CHARGE
9,492,4,WAIT
4,449,4,WAIT
13,324,3,CHARGE
8,167,2,CHARGE
1,419,4,WAIT
15,240,3,CHARGE
5,63,1,CHARGE
2,133,2,CHARGE
3,468,4,WAIT
17,492,4,WAIT
16,365,3,CHARGE
17,75,1,CHARGE
4,260,3,CHARGE
13,504,4,CHARGE
3,247,3,CHARGE
11,440,4,CHARGE
4,532,4,WAIT
7,115,2,CHARGE
20,341,3,WAIT
6,544,4,WAIT
9,90,1,CHARGE
2,326,3,CHARGE
22,101,2,CHARGE
20,149,2,WAIT
11,593,4,CHARGE
5,210,3,CHARGE
14,596,4,CHARGE
4,228,3,CHARGE
0,485,4,WAIT
0,318,3,CHARGE
20,187,2,WAIT
6,145,2,CHARGE
8,194,2,CHARGE
14,590,4,CHARGE
9,304,3,CHARGE
17,198,2,CHARGE
4,466,4,WAIT
0,77,1,CHARGE
14,338,3,CHARGE
7,237,3,CHARGE
13,132,2,CHARGE
6,135,2,CHARGE
2,155,2,CHARGE
17,159,2,CHARGE
0,441,4,WAIT
5,162,2,CHARGE
13,370,3,CHARGE
9,590,4,WAIT
20,470,4,WAIT
0,66,1,CHARGE
23,199,2,CHARGE
5,316,3,CHARGE
6,443,4,WAIT
9,598,4,WAIT
10,558,4,CHARGE
23,280,3,CHARGE
16,542,4,CHARGE
23,81,1,CHARGE
1,588,4,WAIT
15,317,3,CHARGE
19,289,3,WAIT
21,432,4,WAIT
15,543,4,CHARGE
13,274,3,CHARGE
12,343,3,CHARGE
11,244,3,CHARGE
17,497,4,WAIT
1,171,2,CHARGE
6,106,2,CHARGE
10,85,1,CHARGE
5,166,2,CHARGE
14,337,3,CHARGE
7,471,4,WAIT
6,203,3,CHARGE
5,487,4,WAIT
8,230,3,CHARGE
1,419,4,WAIT
6,164,2,CHARGE
19,424,4,WAIT
15,174,2,CHARGE
8,103,2,CHARGE
22,116,2,CHARGE
16,168,2,CHARGE
12,135,2,CHARGE
22,330,3,CHARGE
21,583,4,WAIT
10,482,4,CHARGE
16,409,4,CHARGE
14,497,4,CHARGE
14,329,3,CHARGE
21,565,4,WAIT
14,500,4,CHARGE
21,223,3,WAIT
4,568,4,WAIT
2,92,1,CHARGE
11,112,2,CHARGE
17,345,3,CHARGE
1,375,3,CHARGE
10,279,3,CHARGE
20,591,4,WAIT
14,548,4,CHARGE
14,142,2,CHARGE
16,232,3,CHARGE
1,227,3,CHARGE
9,396,3,CHARGE
9,324,3,CHARGE
19,542,4,WAIT
7,381,3,CHARGE
18,71,1,WAIT
14,530,4,CHARGE
20,361,3,WAIT
15,201,3,CHARGE
9,342,3,CHARGE
9,551,4,WAIT
19,132,2,WAIT
5,305,3,CHARGE
7,200,2,CHARGE
16,267,3,CHARGE
10,86,1,CHARGE
5,540,4,WAIT
2,389,3,CHARGE
21,494,4,WAIT
19,252,3,WAIT
5,178,2,CHARGE
23,187,2,CHARGE
5,155,2,CHARGE
12,467,4,CHARGE
12,250,3,CHARGE
22,161,2,CHARGE
0,174,2,CHARGE
11,309,3,CHARGE
21,214,3,WAIT
20,238,3,WAIT
13,77,1,CHARGE
0,299,3,CHARGE
23,194,2,CHARGE
16,414,4,CHARGE
14,129,2,CHARGE
0,498,4,WAIT
0,115,2,CHARGE
1,414,4,WAIT
6,599,4,WAIT
11,167,2,CHARGE
14,172,2,CHARGE
9,71,1,CHARGE
22,383,3,CHARGE
9,313,3,CHARGE
9,62,1,CHARGE
6,132,2,CHARGE
2,182,2,CHARGE
12,508,4,CHARGE
16,347,3,CHARGE
2,272,3,CHARGE
17,218,3,CHARGE
0,593,4,WAIT
4,73,1,CHARGE
16,323,3,CHARGE
3,385,3,CHARGE
23,314,3,CHARGE
23,289,3,CHARGE
20,74,1,WAIT
5,200,2,CHARGE
7,536,4,WAIT
5,402,4,WAIT
10,300,3,CHARGE
9,104,2,CHARGE
10,82,1,CHARGE
1,400,3,CHARGE
0,462,4,WAIT
2,90,1,CHARGE
3,177,2,CHARGE
16,135,2,CHARGE
22,186,2,CHARGE
18,519,4,WAIT
15,501,4,CHARGE
20,551,4,WAIT
19,415,4,WAIT
1,404,4,WAIT
5,418,4,WAIT
8,595,4,WAIT
10,81,1,CHARGE
21,208,3,WAIT
2,489,4,WAIT
9,506,4,WAIT
5,535,4,WAIT
20,327,3,WAIT
22,239,3,CHARGE
8,478,4,WAIT
1,539,4,WAIT
3,133,2,CHARGE
21,319,3,WAIT
5,340,3,CHARGE
14,90,1,CHARGE
5,123,2,CHARGE
12,600,4,CHARGE
19,270,3,WAIT
23,143,2,CHARGE
20,495,4,WAIT
8,465,4,WAIT
0,413,4,WAIT
12,123,2,CHARGE
3,420,4,WAIT
5,296,3,CHARGE
17,103,2,CHARGE
5,131,2,CHARGE
12,591,4,CHARGE
4,71,1,CHARGE
15,382,3,CHARGE
5,565,4,WAIT
9,333,3,CHARGE
11,278,3,CHARGE
5,525,4,WAIT
12,312,3,CHARGE
14,57,1,CHARGE
10,61,1,CHARGE
11,418,4,CHARGE
5,217,3,CHARGE
6,221,3,CHARGE
18,77,1,WAIT
3,458,4,WAIT
1,59,1,CHARGE
8,407,4,WAIT
6,278,3,CHARGE
3,576,4,WAIT
1,332,3,CHARGE
0,84,1,CHARGE
16,575,4,CHARGE
7,140,2,CHARGE
9,565,4,WAIT
7,320,3,CHARGE
5,411,4,WAIT
0,103,2,CHARGE
23,188,2,CHARGE
6,381,3,CHARGE
17,264,3,CHARGE
14,88,1,CHARGE
13,57,1,CHARGE
8,152,2,CHARGE
17,436,4,WAIT
11,331,3,CHARGE
16,191,2,CHARGE
14,462,4,CHARGE
15,284,3,CHARGE
14,103,2,CHARGE
16,586,4,CHARGE
22,558,4,WAIT
7,451,4,WAIT
8,555,4,WAIT
12,96,1,CHARGE
2,315,3,CHARGE
12,499,4,CHARGE
8,130,2,CHARGE
7,579,4,WAIT
16,585,4,CHARGE
22,350,3,CHARGE
9,536,4,WAIT
10,87,1,CHARGE
15,459,4,CHARGE
21,423,4,WAIT
21,479,4,WAIT
17,477,4,WAIT
10,312,3,CHARGE
0,359,3,CHARGE
21,115,2,WAIT
18,232,3,WAIT
3,111,2,CHARGE
6,71,1,CHARGE
2,194,2,CHARGE
1,74,1,CHARGE
16,54,1,CHARGE
20,425,4,WAIT
19,113,2,WAIT
3,82,1,CHARGE
4,469,4,WAIT
8,117,2,CHARGE
20,562,4,WAIT
7,84,1,CHARGE
19,232,3,WAIT
16,208,3,CHARGE
18,85,1,WAIT
9,176,2,CHARGE
23,110,2,CHARGE
19,578,4,WAIT
3,588,4,WAIT
19,75,1,WAIT
21,154,2,WAIT
8,101,2,CHARGE
23,82,1,CHARGE
9,431,4,WAIT
15,453,4,CHARGE
2,104,2,CHARGE
19,436,4,WAIT
2,232,3,CHARGE
11,356,3,CHARGE
23,354,3,CHARGE
4,591,4,WAIT
0,341,3,CHARGE
14,440,4,CHARGE
1,409,4,WAIT
0,518,4,WAIT
18,268,3,WAIT
21,149,2,WAIT
12,270,3,CHARGE
14,497,4,CHARGE
9,214,3,CHARGE
22,334,3,CHARGE
13,263,3,CHARGE
21,282,3,WAIT
19,587,4,WAIT
10,421,4,CHARGE
7,163,2,CHARGE
10,382,3,CHARGE
7,158,2,CHARGE
0,529,4,WAIT
7,570,4,WAIT
2,74,1,CHARGE
6,148,2,CHARGE
0,256,3,CHARGE
13,341,3,CHARGE
15,262,3,CHARGE
9,107,2,CHARGE
17,136,2,CHARGE
4,245,3,CHARGE
20,129,2,WAIT
0,130,2,CHARGE
0,308,3,CHARGE
13,157,2,CHARGE
18,401,4,WAIT
14,416,4,CHARGE
7,566,4,WAIT
8,121,2,CHARGE
12,522,4,CHARGE
17,193,2,CHARGE
0,495,4,WAIT
4,175,2,CHARGE
1,533,4,WAIT
1,590,4,WAIT
8,567,4,WAIT
2,552,4,WAIT
23,435,4,WAIT
14,360,3,CHARGE
10,328,3,CHARGE
16,261,3,CHARGE
4,74,1,CHARGE
9,298,3,CHARGE
18,257,3,WAIT
14,458,4,CHARGE
9,297,3,CHARGE
8,258,3,CHARGE
8,407,4,WAIT
12,501,4,CHARGE
16,352,3,CHARGE
0,59,1,CHARGE
6,518,4,WAIT
17,253,3,CHARGE
0,167,2,CHARGE
23,464,4,WAIT
18,497,4,WAIT
5,584,4,WAIT
1,522,4,WAIT
10,386,3,CHARGE
13,402,4,CHARGE
3,390,3,CHARGE
8,283,3,CHARGE
10,339,3,CHARGE
6,164,2,CHARGE
0,133,2,CHARGE
1,237,3,CHARGE
13,402,4,CHARGE
3,277,3,CHARGE
13,327,3,CHARGE
4,367,3,CHARGE
11,335,3,CHARGE
13,575,4,CHARGE
20,298,3,WAIT
4,353,3,CHARGE
17,69,1,CHARGE
16,349,3,CHARGE
17,186,2,CHARGE
16,83,1,CHARGE
18,130,2,WAIT
16,344,3,CHARGE
23,454,4,WAIT
20,312,3,WAIT
19,163,2,WAIT
4,82,1,CHARGE
1,169,2,CHARGE
12,414,4,CHARGE
2,567,4,WAIT
20,231,3,WAIT
17,543,4,WAIT
23,194,2,CHARGE
11,471,4,CHARGE
12,197,2,CHARGE
6,166,2,CHARGE
15,182,2,CHARGE
2,395,3,CHARGE
8,343,3,CHARGE
18,380,3,WAIT
17,498,4,WAIT
15,327,3,CHARGE
19,465,4,WAIT
2,195,2,CHARGE
8,459,4,WAIT
5,145,2,CHARGE
5,215,3,CHARGE
23,406,4,WAIT
22,88,1,CHARGE
2,207,3,CHARGE
21,348,3,WAIT
19,81,1,WAIT
2,143,2,CHARGE
0,436,4,WAIT
18,327,3,WAIT
10,515,4,CHARGE
14,579,4,CHARGE
11,234,3,CHARGE
8,300,3,CHARGE
9,301,3,CHARGE
9,53,1,CHARGE
3,246,3,CHARGE
2,442,4,WAIT
14,260,3,CHARGE
2,119,2,CHARGE
19,194,2,WAIT
6,65,1,CHARGE
14,480,4,CHARGE
18,153,2,WAIT
15,382,3,CHARGE
1,294,3,CHARGE
0,474,4,WAIT
18,512,4,WAIT
10,113,2,CHARGE
22,533,4,WAIT
2,424,4,WAIT
1,152,2,CHARGE
17,76,1,CHARGE
6,76,1,CHARGE
20,172,2,WAIT
19,525,4,WAIT
17,373,3,CHARGE
2,586,4,WAIT
12,242,3,CHARGE
2,95,1,CHARGE
17,488,4,WAIT
23,282,3,CHARGE
7,332,3,CHARGE
8,284,3,CHARGE
18,249,3,WAIT
16,477,4,CHARGE
2,599,4,WAIT
6,493,4,WAIT
4,361,3,CHARGE
0,158,2,CHARGE
8,467,4,WAIT
18,133,2,WAIT
18,272,3,WAIT
12,162,2,CHARGE
22,448,4,WAIT
20,190,2,WAIT
4,275,3,CHARGE
12,147,2,CHARGE
16,132,2,CHARGE
9,101,2,CHARGE
20,164,2,WAIT
8,415,4,WAIT
9,352,3,CHARGE
19,387,3,WAIT
3,389,3,CHARGE
19,72,1,WAIT
10,580,4,CHARGE
10,294,3,CHARGE
4,313,3,CHARGE
5,514,4,WAIT
18,199,2,WAIT
18,81,1,WAIT
3,214,3,CHARGE
21,547,4,WAIT
18,111,2,WAIT
8,480,4,WAIT
8,299,3,CHARGE
2,267,3,CHARGE
13,506,4,CHARGE
2,575,4,WAIT
14,76,1,CHARGE
10,105,2,CHARGE
14,490,4,CHARGE
9,85,1,CHARGE
2,117,2,CHARGE
10,407,4,CHARGE
5,388,3,CHARGE
7,171,2,CHARGE
12,512,4,CHARGE
13,186,2,CHARGE
1,569,4,WAIT
4,115,2,CHARGE
20,427,4,WAIT
8,564,4,WAIT
21,233,3,WAIT
4,224,3,CHARGE
20,329,3,WAIT
19,83,1,WAIT
22,303,3,CHARGE
6,209,3,CHARGE
2,239,3,CHARGE
5,464,4,WAIT
11,481,4,CHARGE
11,366,3,CHARGE
17,305,3,CHARGE
23,454,4,WAIT
3,426,4,WAIT
9,67,1,CHARGE
22,505,4,WAIT
20,506,4,WAIT
12,554,4,CHARGE
7,308,3,CHARGE
6,552,4,WAIT
21,116,2,WAIT
13,63,1,CHARGE
16,294,3,CHARGE
16,157,2,CHARGE
19,435,4,WAIT
18,555,4,WAIT
6,266,3,CHARGE
15,116,2,CHARGE
10,515,4,CHARGE
0,222,3,CHARGE
13,115,2,CHARGE
14,309,3,CHARGE
18,275,3,WAIT
13,422,4,CHARGE
10,251,3,CHARGE
15,191,2,CHARGE
20,434,4,WAIT
6,336,3,CHARGE
10,247,3,CHARGE
23,57,1,CHARGE
20,454,4,WAIT
14,387,3,CHARGE
16,67,1,CHARGE
7,252,3,CHARGE
5,205,3,CHARGE
19,548,4,WAIT
13,438,4,CHARGE
4,590,4,WAIT
7,184,2,CHARGE
2,433,4,WAIT
10,200,2,CHARGE
5,146,2,CHARGE
23,520,4,WAIT
9,106,2,CHARGE
5,174,2,CHARGE
6,492,4,WAIT
10,543,4,CHARGE
23,189,2,CHARGE
12,447,4,CHARGE
4,448,4,WAIT
2,301,3,CHARGE
20,359,3,WAIT
13,515,4,CHARGE
11,373,3,CHARGE
7,61,1,CHARGE
4,108,2,CHARGE
13,529,4,CHARGE
1,80,1,CHARGE
2,335,3,CHARGE
10,410,4,CHARGE
7,548,4,WAIT
22,57,1,CHARGE
11,540,4,CHARGE
14,66,1,CHARGE
20,192,2,WAIT
19,585,4,WAIT
5,515,4,WAIT
13,261,3,CHARGE
7,557,4,WAIT
20,293,3,WAIT
2,511,4,WAIT
17,119,2,CHARGE
16,595,4,CHARGE
16,252,3,CHARGE
2,285,3,CHARGE
2,580,4,WAIT
15,283,3,CHARGE
8,335,3,CHARGE
5,160,2,CHARGE
16,401,4,CHARGE
10,211,3,CHARGE
3,548,4,WAIT
10,454,4,CHARGE
21,341,3,WAIT
16,438,4,CHARGE
19,162,2,WAIT
0,588,4,WAIT
6,433,4,WAIT
21,329,3,WAIT
12,250,3,CHARGE
6,238,3,CHARGE
1,67,1,CHARGE
23,176,2,CHARGE
23,111,2,CHARGE
19,195,2,WAIT
21,443,4,WAIT
0,260,3,CHARGE
3,358,3,CHARGE
22,297,3,CHARGE
11,463,4,CHARGE
3,438,4,WAIT
19,318,3,WAIT
22,153,2,CHARGE
5,53,1,CHARGE
0,564,4,WAIT
10,442,4,CHARGE
6,170,2,CHARGE
13,426,4,CHARGE
22,587,4,WAIT
2,324,3,CHARGE
1,61,1,CHARGE
23,424,4,WAIT
4,248,3,CHARGE
0,577,4,WAIT
18,94,1,WAIT
15,459,4,CHARGE
17,198,2,CHARGE
13,411,4,CHARGE
8,172,2,CHARGE
15,124,2,CHARGE
9,431,4,WAIT
12,163,2,CHARGE
13,469,4,CHARGE
8,526,4,WAIT
1,414,4,WAIT
14,428,4,CHARGE
20,389,3,WAIT
21,262,3,WAIT
2,216,3,CHARGE
9,426,4,WAIT
18,103,2,WAIT
17,220,3,CHARGE
8,228,3,CHARGE
18,165,2,WAIT
7,447,4,WAIT
7,161,2,CHARGE
10,558,4,CHARGE
18,441,4,WAIT
0,519,4,WAIT
1,96,1,CHARGE
15,67,1,CHARGE
10,529,4,CHARGE
20,148,2,WAIT
4,551,4,WAIT
17,52,1,CHARGE
6,335,3,CHARGE
23,316,3,CHARGE
1,546,4,WAIT
7,400,3,CHARGE
12,302,3,CHARGE
9,590,4,WAIT
16,588,4,CHARGE
7,363,3,CHARGE
11,547,4,CHARGE
7,281,3,CHARGE
9,380,3,CHARGE
19,221,3,WAIT
13,143,2,CHARGE
9,103,2,CHARGE
16,109,2,CHARGE
0,280,3,CHARGE
11,83,1,CHARGE
1,58,1,CHARGE
16,178,2,CHARGE
5,331,3,CHARGE
4,407,4,WAIT
20,290,3,WAIT
22,530,4,WAIT
6,210,3,CHARGE
0,361,3,CHARGE
6,175,2,CHARGE
16,515,4,CHARGE
5,134,2,CHARGE
14,485,4,CHARGE
22,79,1,CHARGE
13,317,3,CHARGE
11,285,3,CHARGE
19,283,3,WAIT
21,583,4,WAIT
15,387,3,CHARGE
2,380,3,CHARGE
11,98,1,CHARGE
2,399,3,CHARGE
1,359,3,CHARGE
4,139,2,CHARGE
14,296,3,CHARGE
12,250,3,CHARGE
7,122,2,CHARGE
18,221,3,WAIT
12,417,4,CHARGE
2,115,2,CHARGE
15,55,1,CHARGE
10,565,4,CHARGE
9,589,4,WAIT
20,222,3,WAIT
2,87,1,CHARGE
14,306,3,CHARGE
23,393,3,CHARGE
1,550,4,WAIT
3,290,3,CHARGE
21,523,4,WAIT
22,232,3,CHARGE
7,423,4,WAIT
9,245,3,CHARGE
22,187,2,CHARGE
1,473,4,WAIT
22,583,4,WAIT
2,254,3,CHARGE
9,366,3,CHARGE
19,218,3,WAIT
21,360,3,WAIT
0,588,4,WAIT
15,262,3,CHARGE
12,377,3,CHARGE
0,52,1,CHARGE
17,518,4,WAIT
8,110,2,CHARGE
10,462,4,CHARGE
5,513,4,WAIT
12,564,4,CHARGE
11,317,3,CHARGE
18,302,3,WAIT
0,260,3,CHARGE
3,351,3,CHARGE
22,133,2,CHARGE
21,339,3,WAIT
18,480,4,WAIT
22,589,4,WAIT
7,279,3,CHARGE
23,410,4,WAIT
2,94,1,CHARGE
15,432,4,CHARGE
3,566,4,WAIT
1,302,3,CHARGE
22,461,4,WAIT
10,127,2,CHARGE
9,157,2,CHARGE
17,186,2,CHARGE
20,142,2,WAIT
5,168,2,CHARGE
6,374,3,CHARGE
4,410,4,WAIT
4,484,4,WAIT
0,281,3,CHARGE
5,463,4,WAIT
9,305,3,CHARGE
13,412,4,CHARGE
20,133,2,WAIT
14,116,2,CHARGE
2,501,4,WAIT
14,579,4,CHARGE
15,358,3,CHARGE
18,468,4,WAIT
8,402,4,WAIT
18,191,2,WAIT
1,324,3,CHARGE
1,366,3,CHARGE
11,183,2,CHARGE
8,400,3,CHARGE
14,466,4,CHARGE
4,222,3,CHARGE
5,179,2,CHARGE
13,214,3,CHARGE
22,240,3,CHARGE
12,295,3,CHARGE
12,554,4,CHARGE
16,491,4,CHARGE
17,291,3,CHARGE
10,430,4,CHARGE
16,414,4,CHARGE
12,389,3,CHARGE
17,105,2,CHARGE
6,423,4,WAIT
17,508,4,WAIT
6,392,3,CHARGE
15,96,1,CHARGE
13,268,3,CHARGE
7,298,3,CHARGE
5,90,1,CHARGE
8,510,4,WAIT
9,81,1,CHARGE
12,78,1,CHARGE
15,563,4,CHARGE
4,307,3,CHARGE
17,440,4,WAIT
7,171,2,CHARGE
17,468,4,WAIT
5,158,2,CHARGE
9,178,2,CHARGE
23,312,3,CHARGE
4,390,3,CHARGE
3,249,3,CHARGE
22,196,2,CHARGE
1,209,3,CHARGE
2,167,2,CHARGE
23,211,3,CHARGE
22,253,3,CHARGE
1,416,4,WAIT
9,135,2,CHARGE
16,236,3,CHARGE
18,87,1,WAIT
8,352,3,CHARGE
1,503,4,WAIT
17,297,3,CHARGE
13,442,4,CHARGE
21,141,2,WAIT
4,227,3,CHARGE
19,592,4,WAIT
8,350,3,CHARGE
14,560,4,CHARGE
22,540,4,WAIT
5,262,3,CHARGE
13,60,1,CHARGE
5,92,1,CHARGE
18,440,4,WAIT
19,488,4,WAIT
4,494,4,WAIT
14,471,4,CHARGE
10,226,3,CHARGE
8,377,3,CHARGE
2,490,4,WAIT
10,309,3,CHARGE
5,120,2,CHARGE
7,215,3,CHARGE
14,341,3,CHARGE
16,465,4,CHARGE
7,187,2,CHARGE
19,85,1,WAIT
18,210,3,WAIT
17,461,4,WAIT
21,163,2,WAIT
10,405,4,CHARGE
11,414,4,CHARGE
18,253,3,WAIT
3,281,3,CHARGE
8,537,4,WAIT
11,246,3,CHARGE
17,498,4,WAIT
21,191,2,WAIT
19,347,3,WAIT
16,585,4,CHARGE
3,530,4,WAIT
12,295,3,CHARGE
20,129,2,WAIT
4,488,4,WAIT
23,393,3,CHARGE
21,539,4,WAIT
13,398,3,CHARGE
15,551,4,CHARGE
12,588,4,CHARGE
11,457,4,CHARGE
17,365,3,CHARGE
5,410,4,WAIT
17,539,4,WAIT
5,281,3,CHARGE
2,566,4,WAIT
4,294,3,CHARGE
19,198,2,WAIT
4,328,3,CHARGE
19,123,2,WAIT
11,535,4,CHARGE
2,589,4,WAIT
7,521,4,WAIT
13,578,4,CHARGE
18,87,1,WAIT
0,116,2,CHARGE
12,479,4,CHARGE
14,387,3,CHARGE
13,329,3,CHARGE
5,311,3,CHARGE
19,62,1,WAIT
10,539,4,CHARGE
3,421,4,WAIT
10,335,3,CHARGE
11,578,4,CHARGE
20,135,2,WAIT
20,135,2,WAIT
9,307,3,CHARGE
13,324,3,CHARGE
19,539,4,WAIT
3,227,3,CHARGE
5,63,1,CHARGE
12,431,4,CHARGE
10,319,3,CHARGE
5,114,2,CHARGE
8,340,3,CHARGE
17,493,4,WAIT
1,499,4,WAIT
15,223,3,CHARGE
6,239,3,CHARGE
5,284,3,CHARGE
5,450,4,WAIT
13,366,3,CHARGE
13,80,1,CHARGE
22,521,4,WAIT
11,405,4,CHARGE
18,101,2,WAIT
9,480,4,WAIT
21,303,3,WAIT
0,184,2,CHARGE
15,117,2,CHARGE
13,434,4,CHARGE
9,144,2,CHARGE
13,261,3,CHARGE
14,396,3,CHARGE
21,505,4,WAIT
3,435,4,WAIT
5,209,3,CHARGE
17,174,2,CHARGE
5,87,1,CHARGE
18,263,3,WAIT
1,205,3,CHARGE
23,590,4,WAIT
21,65,1,WAIT
14,193,2,CHARGE
15,186,2,CHARGE
0,259,3,CHARGE
12,83,1,CHARGE
7,415,4,WAIT
20,236,3,WAIT
7,206,3,CHARGE
6,333,3,CHARGE
19,54,1,WAIT
8,554,4,WAIT
1,428,4,WAIT
8,465,4,WAIT
8,210,3,CHARGE
21,397,3,WAIT
7,425,4,WAIT
20,176,2,WAIT
23,327,3,CHARGE
10,409,4,CHARGE
11,411,4,CHARGE
9,155,2,CHARGE
12,211,3,CHARGE
3,428,4,WAIT
12,366,3,CHARGE
5,98,1,CHARGE
21,157,2,WAIT
18,52,1,WAIT
16,425,4,CHARGE
13,446,4,CHARGE
6,319,3,CHARGE
6,279,3,CHARGE
10,545,4,CHARGE
21,588,4,WAIT
15,454,4,CHARGE
23,573,4,WAIT
13,362,3,CHARGE
2,184,2,CHARGE
10,113,2,CHARGE
7,218,3,CHARGE
2,404,4,WAIT
7,293,3,CHARGE
1,199,2,CHARGE
5,219,3,CHARGE
20,252,3,WAIT
14,240,3,CHARGE
7,291,3,CHARGE
21,372,3,WAIT
13,342,3,CHARGE
2,485,4,WAIT
8,562,4,WAIT
8,55,1,CHARGE
10,70,1,CHARGE
22,202,3,CHARGE
14,262,3,CHARGE
14,154,2,CHARGE
9,512,4,WAIT
12,214,3,CHARGE
2,220,3,CHARGE
21,266,3,WAIT
0,494,4,WAIT
19,319,3,WAIT
19,440,4,WAIT
9,481,4,WAIT
0,423,4,WAIT
21,348,3,WAIT
11,299,3,CHARGE
15,363,3,CHARGE
4,61,1,CHARGE
15,127,2,CHARGE
14,519,4,CHARGE
3,246,3,CHARGE
15,533,4,CHARGE
8,328,3,CHARGE
13,112,2,CHARGE
11,69,1,CHARGE
9,177,2,CHARGE
4,343,3,CHARGE
7,219,3,CHARGE
16,282,3,CHARGE
22,208,3,CHARGE
16,121,2,CHARGE
10,216,3,CHARGE
12,423,4,CHARGE
12,164,2,CHARGE
4,327,3,CHARGE
17,81,1,CHARGE
14,67,1,CHARGE
13,305,3,CHARGE
6,574,4,WAIT
10,248,3,CHARGE
8,316,3,CHARGE
16,330,3,CHARGE
14,397,3,CHARGE
0,466,4,WAIT
21,369,3,WAIT
8,226,3,CHARGE
17,386,3,CHARGE
5,342,3,CHARGE
15,449,4,CHARGE
19,336,3,WAIT
4,194,2,CHARGE
18,592,4,WAIT
1,503,4,WAIT
6,565,4,WAIT
14,246,3,CHARGE
11,263,3,CHARGE
20,556,4,WAIT
20,137,2,WAIT
22,410,4,WAIT
6,536,4,WAIT
4,361,3,CHARGE
8,462,4,WAIT
17,121,2,CHARGE
19,303,3,WAIT
3,583,4,WAIT
7,586,4,WAIT
0,576,4,WAIT
3,127,2,CHARGE
10,92,1,CHARGE
4,111,2,CHARGE
13,450,4,CHARGE
11,307,3,CHARGE
21,240,3,WAIT
11,486,4,CHARGE
15,82,1,CHARGE
7,244,3,CHARGE
18,167,2,WAIT
3,313,3,CHARGE
22,298,3,CHARGE
13,483,4,CHARGE
8,229,3,CHARGE
8,439,4,WAIT
7,62,1,CHARGE
23,584,4,WAIT
1,191,2,CHARGE
12,197,2,CHARGE
22,530,4,WAIT
5,375,3,CHARGE
7,276,3,CHARGE
5,200,2,CHARGE
19,53,1,WAIT
6,118,2,CHARGE
7,53,1,CHARGE
0,109,2,CHARGE
1,151,2,CHARGE
0,262,3,CHARGE
15,436,4,CHARGE
5,429,4,WAIT
14,510,4,CHARGE
12,525,4,CHARGE
0,433,4,WAIT
13,55,1,CHARGE
4,129,2,CHARGE
21,376,3,WAIT
11,472,4,CHARGE
8,342,3,CHARGE
18,393,3,WAIT
14,69,1,CHARGE
11,103,2,CHARGE
12,298,3,CHARGE
19,284,3,WAIT
21,278,3,WAIT
16,81,1,CHARGE
10,360,3,CHARGE
21,396,3,WAIT
1,307,3,CHARGE
14,162,2,CHARGE
10,490,4,CHARGE
23,216,3,CHARGE
2,57,1,CHARGE
23,585,4,WAIT
9,238,3,CHARGE
5,177,2,CHARGE
3,333,3,CHARGE
0,114,2,CHARGE
18,253,3,WAIT
21,505,4,WAIT
20,452,4,WAIT
1,54,1,CHARGE
11,202,3,CHARGE
13,375,3,CHARGE
2,313,3,CHARGE
23,346,3,CHARGE
15,163,2,CHARGE
0,152,2,CHARGE
4,115,2,CHARGE
3,323,3,CHARGE
3,313,3,CHARGE
3,107,2,CHARGE
7,367,3,CHARGE
12,387,3,CHARGE
20,563,4,WAIT
10,498,4,CHARGE
17,278,3,CHARGE
21,72,1,WAIT
19,182,2,WAIT
3,447,4,WAIT
14,389,3,CHARGE
19,342,3,WAIT
20,344,3,WAIT
12,589,4,CHARGE
6,189,2,CHARGE
9,61,1,CHARGE
12,290,3,CHARGE
6,169,2,CHARGE
3,380,3,CHARGE
5,263,3,CHARGE
5,321,3,CHARGE
22,120,2,CHARGE
11,592,4,CHARGE
15,569,4,CHARGE
10,66,1,CHARGE
5,114,2,CHARGE
17,424,4,WAIT
8,572,4,WAIT
11,58,1,CHARGE
22,289,3,CHARGE
10,446,4,CHARGE
17,259,3,CHARGE
3,383,3,CHARGE
11,351,3,CHARGE
10,545,4,CHARGE
17,225,3,CHARGE
9,499,4,WAIT
2,107,2,CHARGE
0,323,3,CHARGE
0,487,4,WAIT
9,62,1,CHARGE
18,467,4,WAIT
22,286,3,CHARGE
8,542,4,WAIT
6,586,4,WAIT
15,499,4,CHARGE
18,491,4,WAIT
5,342,3,CHARGE
23,484,4,WAIT
0,365,3,CHARGE
4,570,4,WAIT
6,360,3,CHARGE
8,271,3,CHARGE
18,181,2,WAIT
16,144,2,CHARGE
23,381,3,CHARGE
8,371,3,CHARGE
18,458,4,WAIT
4,478,4,WAIT
15,486,4,CHARGE
22,555,4,WAIT
18,254,3,WAIT
7,63,1,CHARGE
4,281,3,CHARGE
1,489,4,WAIT
11,70,1,CHARGE
16,426,4,CHARGE
21,555,4,WAIT
13,353,3,CHARGE
14,426,4,CHARGE
22,215,3,CHARGE
14,199,2,CHARGE
2,248,3,CHARGE
6,406,4,WAIT
8,363,3,CHARGE
6,237,3,CHARGE
19,406,4,WAIT
9,441,4,WAIT
8,345,3,CHARGE
18,285,3,WAIT
7,424,4,WAIT
4,179,2,CHARGE
23,201,3,CHARGE
12,221,3,CHARGE
21,359,3,WAIT
23,325,3,CHARGE
21,315,3,WAIT
5,546,4,WAIT
6,395,3,CHARGE
14,122,2,CHARGE
1,51,1,CHARGE
1,519,4,WAIT
16,159,2,CHARGE
13,72,1,CHARGE
7,316,3,CHARGE
21,141,2,WAIT
2,469,4,WAIT
14,590,4,CHARGE
10,597,4,CHARGE
0,365,3,CHARGE
15,597,4,CHARGE
7,293,3,CHARGE
22,127,2,CHARGE
6,488,4,WAIT
16,528,4,CHARGE
19,506,4,WAIT
2,413,4,WAIT
6,458,4,WAIT
5,50,1,CHARGE
18,158,2,WAIT
9,298,3,CHARGE
19,488,4,WAIT
13,231,3,CHARGE
12,217,3,CHARGE
6,577,4,WAIT
5,63,1,CHARGE
18,131,2,WAIT
1,251,3,CHARGE
17,295,3,CHARGE
22,454,4,WAIT
18,399,3,WAIT
7,89,1,CHARGE
13,232,3,CHARGE
9,304,3,CHARGE
4,218,3,CHARGE
19,447,4,WAIT
23,117,2,CHARGE
21,228,3,WAIT
19,253,3,WAIT
6,362,3,CHARGE
5,543,4,WAIT
6,363,3,CHARGE
22,550,4,WAIT
2,71,1,CHARGE
20,218,3,WAIT
7,65,1,CHARGE
7,442,4,WAIT
22,570,4,WAIT
5,259,3,CHARGE
8,325,3,CHARGE
12,396,3,CHARGE
19,165,2,WAIT
19,85,1,WAIT
17,577,4,WAIT
20,65,1,WAIT
21,421,4,WAIT
6,97,1,CHARGE
7,493,4,WAIT
6,53,1,CHARGE
14,585,4,CHARGE
14,425,4,CHARGE
14,232,3,CHARGE
2,73,1,CHARGE
22,534,4,WAIT
22,90,1,CHARGE
17,589,4,WAIT
1,159,2,CHARGE
1,534,4,WAIT
22,584,4,WAIT
6,284,3,CHARGE
19,81,1,WAIT
0,343,3,CHARGE
18,164,2,WAIT
16,343,3,CHARGE
18,68,1,WAIT
2,93,1,CHARGE
10,311,3,CHARGE
15,533,4,CHARGE
21,533,4,WAIT
1,600,4,WAIT
12,241,3,CHARGE
7,127,2,CHARGE
10,150,2,CHARGE
4,547,4,WAIT
22,266,3,CHARGE
15,233,3,CHARGE
19,222,3,WAIT
22,153,2,CHARGE
6,240,3,CHARGE
18,520,4,WAIT
1,53,1,CHARGE
23,207,3,CHARGE
17,286,3,CHARGE
11,411,4,CHARGE
3,360,3,CHARGE
5,441,4,WAIT
0,413,4,WAIT
23,430,4,WAIT
19,73,1,WAIT
10,478,4,CHARGE
5,286,3,CHARGE
14,512,4,CHARGE
9,576,4,WAIT
16,453,4,CHARGE
14,336,3,CHARGE
22,434,4,WAIT
12,255,3,CHARGE
22,312,3,CHARGE
12,114,2,CHARGE
2,140,2,CHARGE
13,409,4,CHARGE
15,162,2,CHARGE
19,512,4,WAIT
9,324,3,CHARGE
4,99,1,CHARGE
23,149,2,CHARGE
4,525,4,WAIT
6,586,4,WAIT
4,371,3,CHARGE
17,572,4,WAIT
17,74,1,CHARGE
13,186,2,CHARGE
23,450,4,WAIT
21,287,3,WAIT
6,144,2,CHARGE
10,538,4,CHARGE
13,453,4,CHARGE
8,426,4,WAIT
19,63,1,WAIT
9,225,3,CHARGE
0,122,2,CHARGE
11,113,2,CHARGE
1,463,4,WAIT
5,128,2,CHARGE
6,299,3,CHARGE
13,237,3,CHARGE
14,208,3,CHARGE
18,313,3,WAIT
15,57,1,CHARGE
11,354,3,CHARGE
20,95,1,WAIT
19,68,1,WAIT
16,459,4,CHARGE
12,310,3,CHARGE
22,127,2,CHARGE
0,408,4,WAIT
5,586,4,WAIT
16,139,2,CHARGE
3,243,3,CHARGE
21,302,3,WAIT
16,471,4,CHARGE
11,310,3,CHARGE
12,383,3,CHARGE
21,304,3,WAIT
10,167,2,CHARGE
3,314,3,CHARGE
21,515,4,WAIT
19,63,1,WAIT
10,556,4,CHARGE
9,409,4,WAIT
5,94,1,CHARGE
7,69,1,CHARGE
19,293,3,WAIT
2,443,4,WAIT
8,460,4,WAIT
2,51,1,CHARGE
7,514,4,WAIT
20,240,3,WAIT
0,215,3,CHARGE
18,486,4,WAIT
1,431,4,WAIT
22,225,3,CHARGE
21,450,4,WAIT
5,580,4,WAIT
20,123,2,WAIT
3,107,2,CHARGE
1,160,2,CHARGE
5,260,3,CHARGE
6,546,4,WAIT
19,501,4,WAIT
8,304,3,CHARGE
10,161,2,CHARGE
6,95,1,CHARGE
14,495,4,CHARGE
22,576,4,WAIT
21,467,4,WAIT
15,197,2,CHARGE
14,264,3,CHARGE
18,185,2,WAIT
7,592,4,WAIT
5,100,1,CHARGE
5,266,3,CHARGE
20,200,2,WAIT
7,528,4,WAIT
4,253,3,CHARGE
13,173,2,CHARGE
18,494,4,WAIT
0,199,2,CHARGE
1,177,2,CHARGE
20,413,4,WAIT
2,75,1,CHARGE
20,340,3,WAIT
5,191,2,CHARGE
9,558,4,WAIT
19,53,1,WAIT
15,166,2,CHARGE
0,336,3,CHARGE
10,515,4,CHARGE
7,514,4,WAIT
15,80,1,CHARGE
7,113,2,CHARGE
8,384,3,CHARGE
18,66,1,WAIT
18,340,3,WAIT
5,468,4,WAIT
3,482,4,WAIT
3,199,2,CHARGE
12,72,1,CHARGE
9,50,1,CHARGE
1,512,4,WAIT
14,136,2,CHARGE
15,182,2,CHARGE
12,518,4,CHARGE
9,347,3,CHARGE
17,320,3,CHARGE
9,187,2,CHARGE
17,557,4,WAIT
16,213,3,CHARGE
1,316,3,CHARGE
10,104,2,CHARGE
11,269,3,CHARGE
18,70,1,WAIT
4,308,3,CHARGE
10,456,4,CHARGE
23,497,4,WAIT
9,194,2,CHARGE
6,126,2,CHARGE
21,322,3,WAIT
18,248,3,WAIT
18,301,3,WAIT
18,401,4,WAIT
14,75,1,CHARGE
10,81,1,CHARGE
6,101,2,CHARGE
6,307,3,CHARGE
8,386,3,CHARGE
1,498,4,WAIT
5,377,3,CHARGE
4,73,1,CHARGE
10,309,3,CHARGE
16,351,3,CHARGE
15,128,2,CHARGE
7,566,4,WAIT
23,507,4,WAIT
5,323,3,CHARGE
18,314,3,WAIT
0,580,4,WAIT
0,211,3,CHARGE
7,262,3,CHARGE
0,464,4,WAIT
10,598,4,CHARGE
1,503,4,WAIT
14,509,4,CHARGE
10,251,3,CHARGE
21,402,4,WAIT
0,420,4,WAIT
14,369,3,CHARGE
7,499,4,WAIT
6,387,3,CHARGE
1,347,3,CHARGE
7,352,3,CHARGE
21,148,2,WAIT
17,147,2,CHARGE
12,286,3,CHARGE
14,326,3,CHARGE
8,298,3,CHARGE
1,71,1,CHARGE
9,155,2,CHARGE
13,97,1,CHARGE
7,316,3,CHARGE
7,61,1,CHARGE
12,227,3,CHARGE
22,457,4,WAIT
8,353,3,CHARGE
0,82,1,CHARGE
9,93,1,CHARGE
20,593,4,WAIT
16,93,1,CHARGE
3,152,2,CHARGE
20,122,2,WAIT
13,229,3,CHARGE
23,581,4,WAIT
14,261,3,CHARGE
19,506,4,WAIT
11,322,3,CHARGE
20,397,3,WAIT
16,297,3,CHARGE
11,557,4,CHARGE
16,563,4,CHARGE
14,460,4,CHARGE
7,199,2,CHARGE
17,85,1,CHARGE
16,91,1,CHARGE
22,556,4,WAIT
12,447,4,CHARGE
14,453,4,CHARGE
12,508,4,CHARGE
4,318,3,CHARGE
17,315,3,CHARGE
13,429,4,CHARGE
5,339,3,CHARGE
7,72,1,CHARGE
6,119,2,CHARGE
6,330,3,CHARGE
7,348,3,CHARGE
21,442,4,WAIT
7,545,4,WAIT
6,102,2,CHARGE
23,448,4,WAIT
20,300,3,WAIT
0,152,2,CHARGE
3,148,2,CHARGE
6,347,3,CHARGE
21,589,4,WAIT
11,162,2,CHARGE
10,278,3,CHARGE
21,294,3,WAIT
1,426,4,WAIT
12,588,4,CHARGE
21,285,3,WAIT
7,355,3,CHARGE
14,466,4,CHARGE
10,273,3,CHARGE
1,76,1,CHARGE
12,461,4,CHARGE
17,370,3,CHARGE
0,66,1,CHARGE
17,202,3,CHARGE
22,531,4,WAIT
3,583,4,WAIT
6,106,2,CHARGE
1,91,1,CHARGE
1,174,2,CHARGE
9,107,2,CHARGE
0,539,4,WAIT
18,70,1,WAIT
11,543,4,CHARGE
13,475,4,CHARGE
8,124,2,CHARGE
14,217,3,CHARGE
12,452,4,CHARGE
8,595,4,WAIT
12,567,4,CHARGE
15,375,3,CHARGE
23,323,3,CHARGE
2,307,3,CHARGE
5,496,4,WAIT
2,58,1,CHARGE
1,264,3,CHARGE
17,262,3,CHARGE
14,303,3,CHARGE
0,493,4,WAIT
10,468,4,CHARGE
2,469,4,WAIT
12,338,3,CHARGE
23,170,2,CHARGE
14,73,1,CHARGE
5,306,3,CHARGE
10,503,4,CHARGE
19,200,2,WAIT
4,117,2,CHARGE
17,445,4,WAIT
9,411,4,WAIT
15,444,4,CHARGE
3,315,3,CHARGE
21,223,3,WAIT
5,230,3,CHARGE
6,283,3,CHARGE
10,185,2,CHARGE
15,515,4,CHARGE
12,576,4,CHARGE
21,185,2,WAIT
7,133,2,CHARGE
23,596,4,WAIT
18,200,2,WAIT
8,550,4,WAIT
9,359,3,CHARGE
18,76,1,WAIT
20,537,4,WAIT
7,422,4,WAIT
15,258,3,CHARGE
21,227,3,WAIT
8,388,3,CHARGE
10,370,3,CHARGE
12,143,2,CHARGE
13,497,4,CHARGE
9,415,4,WAIT
6,200,2,CHARGE
12,291,3,CHARGE
21,304,3,WAIT
3,365,3,CHARGE
4,505,4,WAIT
19,377,3,WAIT
21,488,4,WAIT
6,539,4,WAIT
18,560,4,WAIT
13,124,2,CHARGE
14,120,2,CHARGE
17,442,4,WAIT
22,290,3,CHARGE
23,356,3,CHARGE
3,189,2,CHARGE
18,52,1,WAIT
9,181,2,CHARGE
18,459,4,WAIT
13,54,1,CHARGE
16,58,1,CHARGE
20,386,3,WAIT
18,309,3,WAIT
18,370,3,WAIT
23,452,4,WAIT
13,464,4,CHARGE
10,260,3,CHARGE
11,193,2,CHARGE
22,153,2,CHARGE
8,156,2,CHARGE
21,469,4,WAIT
8,59,1,CHARGE
8,91,1,CHARGE
14,172,2,CHARGE
18,369,3,WAIT
20,498,4,WAIT
22,311,3,CHARGE
7,463,4,WAIT
23,82,1,CHARGE
0,102,2,CHARGE
20,241,3,WAIT
22,154,2,CHARGE
2,162,2,CHARGE
8,76,1,CHARGE
19,567,4,WAIT
9,598,4,WAIT
2,202,3,CHARGE
3,95,1,CHARGE
15,565,4,CHARGE
10,460,4,CHARGE
17,553,4,WAIT
3,338,3,CHARGE
5,268,3,CHARGE
6,203,3,CHARGE
14,322,3,CHARGE
17,158,2,CHARGE
14,242,3,CHARGE
8,155,2,CHARGE
7,225,3,CHARGE
22,478,4,WAIT
2,323,3,CHARGE
1,233,3,CHARGE
16,149,2,CHARGE
4,502,4,WAIT
3,219,3,CHARGE
6,574,4,WAIT
11,334,3,CHARGE
6,357,3,CHARGE
9,362,3,CHARGE
9,406,4,WAIT
13,345,3,CHARGE
11,564,4,CHARGE
0,567,4,WAIT
10,415,4,CHARGE
20,506,4,WAIT
8,203,3,CHARGE
19,447,4,WAIT
17,409,4,WAIT
15,505,4,CHARGE
9,86,1,CHARGE
9,115,2,CHARGE
2,170,2,CHARGE
19,214,3,WAIT
18,243,3,WAIT
16,475,4,CHARGE
16,580,4,CHARGE
16,399,3,CHARGE
23,478,4,WAIT
18,489,4,WAIT
8,419,4,WAIT
4,93,1,CHARGE
18,202,3,WAIT
3,193,2,CHARGE
9,201,3,CHARGE
4,183,2,CHARGE
16,545,4,CHARGE
22,549,4,WAIT
23,425,4,WAIT
11,105,2,CHARGE
17,251,3,CHARGE
7,50,1,CHARGE
12,241,3,CHARGE
2,226,3,CHARGE
19,135,2,WAIT
12,476,4,CHARGE
12,218,3,CHARGE
4,580,4,WAIT
19,476,4,WAIT
3,310,3,CHARGE
11,499,4,CHARGE
6,563,4,WAIT
7,185,2,CHARGE
7,321,3,CHARGE
6,306,3,CHARGE
9,561,4,WAIT
2,198,2,CHARGE
23,208,3,CHARGE
14,284,3,CHARGE
5,115,2,CHARGE
13,173,2,CHARGE
18,306,3,WAIT
3,108,2,CHARGE
14,531,4,CHARGE
1,203,3,CHARGE
6,397,3,CHARGE
14,470,4,CHARGE
9,56,1,CHARGE
13,129,2,CHARGE
8,271,3,CHARGE
10,574,4,CHARGE
6,392,3,CHARGE
18,217,3,WAIT
1,498,4,WAIT
11,428,4,CHARGE
0,61,1,CHARGE
2,469,4,WAIT
15,140,2,CHARGE
2,413,4,WAIT
8,374,3,CHARGE
17,574,4,WAIT
21,57,1,WAIT
15,169,2,CHARGE
0,557,4,WAIT
4,59,1,CHARGE
13,563,4,CHARGE
0,514,4,WAIT
20,161,2,WAIT
3,294,3,CHARGE
17,418,4,WAIT
15,370,3,CHARGE
11,503,4,CHARGE
2,410,4,WAIT
5,81,1,CHARGE
4,215,3,CHARGE
2,463,4,WAIT
3,552,4,WAIT
6,518,4,WAIT
10,440,4,CHARGE
17,186,2,CHARGE
6,220,3,CHARGE
19,277,3,WAIT
5,202,3,CHARGE
11,273,3,CHARGE
18,172,2,WAIT
19,288,3,WAIT
23,516,4,WAIT
5,337,3,CHARGE
6,116,2,CHARGE
20,579,4,WAIT
1,356,3,CHARGE
18,145,2,WAIT
14,360,3,CHARGE
5,262,3,CHARGE
22,590,4,WAIT
7,347,3,CHARGE
15,335,3,CHARGE
4,341,3,CHARGE
17,122,2,CHARGE
13,366,3,CHARGE
3,93,1,CHARGE
13,462,4,CHARGE
2,505,4,WAIT
17,417,4,WAIT
4,489,4,WAIT
16,95,1,CHARGE
4,334,3,CHARGE
17,304,3,CHARGE
21,96,1,WAIT
17,400,3,CHARGE
4,561,4,WAIT
20,516,4,WAIT
12,310,3,CHARGE
12,190,2,CHARGE
5,585,4,WAIT
12,133,2,CHARGE
7,90,1,CHARGE
20,117,2,WAIT
23,169,2,CHARGE
23,560,4,WAIT
0,461,4,WAIT
17,499,4,WAIT
7,73,1,CHARGE
11,491,4,CHARGE
22,558,4,WAIT
22,210,3,CHARGE
10,223,3,CHARGE
0,290,3,CHARGE
10,79,1,CHARGE
21,297,3,WAIT
14,476,4,CHARGE
8,475,4,WAIT
19,370,3,WAIT
17,427,4,WAIT
17,244,3,CHARGE
2,479,4,WAIT
8,471,4,WAIT
14,279,3,CHARGE
14,312,3,CHARGE
7,407,4,WAIT
23,284,3,CHARGE
20,125,2,WAIT
4,180,2,CHARGE
9,329,3,CHARGE
23,78,1,CHARGE
16,125,2,CHARGE
12,195,2,CHARGE
1,226,3,CHARGE
14,306,3,CHARGE
0,581,4,WAIT
4,222,3,CHARGE
15,83,1,CHARGE
3,262,3,CHARGE
1,123,2,CHARGE
17,322,3,CHARGE
20,485,4,WAIT
22,200,2,CHARGE
13,420,4,CHARGE
21,335,3,WAIT
4,583,4,WAIT
17,234,3,CHARGE
19,213,3,WAIT
5,212,3,CHARGE
13,312,3,CHARGE
8,518,4,WAIT
17,508,4,WAIT
8,60,1,CHARGE
20,531,4,WAIT
4,405,4,WAIT
0,198,2,CHARGE
23,572,4,WAIT
17,346,3,CHARGE
12,469,4,CHARGE
23,372,3,CHARGE
23,519,4,WAIT
9,106,2,CHARGE
6,275,3,CHARGE
12,531,4,CHARGE
7,186,2,CHARGE
7,310,3,CHARGE
9,302,3,CHARGE
0,139,2,CHARGE
7,301,3,CHARGE
9,399,3,CHARGE
6,587,4,WAIT
13,405,4,CHARGE
13,167,2,CHARGE
0,577,4,WAIT
1,157,2,CHARGE
5,322,3,CHARGE
10,360,3,CHARGE
21,362,3,WAIT
20,314,3,WAIT
9,224,3,CHARGE
7,473,4,WAIT
1,525,4,WAIT
6,105,2,CHARGE
1,297,3,CHARGE
4,244,3,CHARGE
20,203,3,WAIT
16,206,3,CHARGE
2,255,3,CHARGE
5,250,3,CHARGE
13,406,4,CHARGE
8,394,3,CHARGE
16,349,3,CHARGE
15,102,2,CHARGE
8,194,2,CHARGE
20,465,4,WAIT
11,194,2,CHARGE
21,236,3,WAIT
3,54,1,CHARGE
12,442,4,CHARGE
16,104,2,CHARGE
17,452,4,WAIT
5,136,2,CHARGE
6,357,3,CHARGE
9,254,3,CHARGE
5,424,4,WAIT
4,186,2,CHARGE
16,461,4,CHARGE
20,443,4,WAIT
21,94,1,WAIT
6,143,2,CHARGE
20,227,3,WAIT
13,588,4,CHARGE
8,364,3,CHARGE
9,530,4,WAIT
16,449,4,CHARGE
7,118,2,CHARGE
17,221,3,CHARGE
1,119,2,CHARGE
5,145,2,CHARGE
0,420,4,WAIT
11,466,4,CHARGE
23,596,4,WAIT
19,370,3,WAIT
21,299,3,WAIT
8,115,2,CHARGE
18,343,3,WAIT
6,432,4,WAIT
11,575,4,CHARGE
17,66,1,CHARGE
20,55,1,WAIT
4,289,3,CHARGE
23,114,2,CHARGE
4,540,4,WAIT
21,296,3,WAIT
14,529,4,CHARGE
20,128,2,WAIT
12,490,4,CHARGE
4,575,4,WAIT
21,414,4,WAIT
14,450,4,CHARGE
3,498,4,WAIT
2,175,2,CHARGE
20,467,4,WAIT
8,61,1,CHARGE
21,74,1,WAIT
9,194,2,CHARGE
1,492,4,WAIT
1,311,3,CHARGE
7,586,4,WAIT
14,539,4,CHARGE
9,593,4,WAIT
12,445,4,CHARGE
18,597,4,WAIT
2,372,3,CHARGE
0,474,4,WAIT
4,382,3,CHARGE
3,436,4,WAIT
16,249,3,CHARGE
3,552,4,WAIT
4,269,3,CHARGE
12,575,4,CHARGE
9,594,4,WAIT
16,316,3,CHARGE
7,343,3,CHARGE
17,579,4,WAIT
2,154,2,CHARGE
8,218,3,CHARGE
17,366,3,CHARGE
11,252,3,CHARGE
5,339,3,CHARGE
11,74,1,CHARGE
0,221,3,CHARGE
0,223,3,CHARGE
15,559,4,CHARGE
9,340,3,CHARGE
5,416,4,WAIT
20,370,3,WAIT
14,582,4,CHARGE
0,121,2,CHARGE
13,427,4,CHARGE
20,381,3,WAIT
11,158,2,CHARGE
14,418,4,CHARGE
0,591,4,WAIT
9,475,4,WAIT
20,213,3,WAIT
13,258,3,CHARGE
11,422,4,CHARGE
23,176,2,CHARGE
12,361,3,CHARGE
16,242,3,CHARGE
16,123,2,CHARGE
21,558,4,WAIT
3,394,3,CHARGE
4,166,2,CHARGE
23,238,3,CHARGE
19,514,4,WAIT
15,277,3,CHARGE
3,148,2,CHARGE
15,129,2,CHARGE
17,241,3,CHARGE
5,61,1,CHARGE
17,286,3,CHARGE
8,249,3,CHARGE
16,232,3,CHARGE
8,89,1,CHARGE
10,384,3,CHARGE
19,513,4,WAIT
18,173,2,WAIT
5,331,3,CHARGE
23,363,3,CHARGE
3,449,4,WAIT
22,498,4,WAIT
16,190,2,CHARGE
0,503,4,WAIT
19,221,3,WAIT
14,146,2,CHARGE
22,373,3,CHARGE
9,330,3,CHARGE
9,106,2,CHARGE
22,497,4,WAIT
23,512,4,WAIT
15,544,4,CHARGE
2,200,2,CHARGE
9,370,3,CHARGE
10,535,4,CHARGE
9,363,3,CHARGE
16,318,3,CHARGE
16,395,3,CHARGE
10,176,2,CHARGE
16,483,4,CHARGE
9,183,2,CHARGE
20,520,4,WAIT
12,206,3,CHARGE
8,296,3,CHARGE
14,463,4,CHARGE
17,255,3,CHARGE
2,113,2,CHARGE
5,335,3,CHARGE
19,323,3,WAIT
12,299,3,CHARGE
12,141,2,CHARGE
2,486,4,WAIT
2,175,2,CHARGE
18,317,3,WAIT
18,335,3,WAIT
15,589,4,CHARGE
19,391,3,WAIT
20,89,1,WAIT
10,410,4,CHARGE
17,408,4,WAIT
9,203,3,CHARGE
18,578,4,WAIT
16,243,3,CHARGE
10,192,2,CHARGE
0,161,2,CHARGE
7,405,4,WAIT
17,539,4,WAIT
11,574,4,CHARGE
15,174,2,CHARGE
10,586,4,CHARGE
14,214,3,CHARGE
4,371,3,CHARGE
12,228,3,CHARGE
19,213,3,WAIT
21,471,4,WAIT
11,215,3,CHARGE
20,140,2,WAIT
1,600,4,WAIT
0,73,1,CHARGE
2,233,3,CHARGE
23,580,4,WAIT
2,275,3,CHARGE
4,498,4,WAIT
22,88,1,CHARGE
1,534,4,WAIT
17,82,1,CHARGE
5,261,3,CHARGE
19,176,2,WAIT
21,466,4,WAIT
13,375,3,CHARGE
15,423,4,CHARGE
8,167,2,CHARGE
17,475,4,WAIT
21,475,4,WAIT
18,189,2,WAIT
17,293,3,CHARGE
11,123,2,CHARGE
11,503,4,CHARGE
21,292,3,WAIT
9,367,3,CHARGE
12,254,3,CHARGE
6,325,3,CHARGE
4,196,2,CHARGE
10,344,3,CHARGE
3,134,2,CHARGE
15,291,3,CHARGE
5,400,3,CHARGE
11,362,3,CHARGE
23,85,1,CHARGE
15,110,2,CHARGE
10,194,2,CHARGE
4,305,3,CHARGE
18,542,4,WAIT
16,523,4,CHARGE
16,154,2,CHARGE
6,307,3,CHARGE
20,347,3,WAIT
13,145,2,CHARGE
22,132,2,CHARGE
6,518,4,WAIT
6,205,3,CHARGE
6,282,3,CHARGE
22,460,4,WAIT
8,573,4,WAIT
12,404,4,CHARGE
2,456,4,WAIT
1,444,4,WAIT
23,513,4,WAIT
10,368,3,CHARGE
14,87,1,CHARGE
13,390,3,CHARGE
23,146,2,CHARGE
22,346,3,CHARGE
18,140,2,WAIT
5,404,4,WAIT
20,461,4,WAIT
20,371,3,WAIT
3,155,2,CHARGE
16,541,4,CHARGE
12,305,3,CHARGE
18,390,3,WAIT
2,477,4,WAIT
17,261,3,CHARGE
12,84,1,CHARGE
12,437,4,CHARGE
19,598,4,WAIT
4,323,3,CHARGE
6,124,2,CHARGE
22,351,3,CHARGE
17,397,3,CHARGE
22,67,1,CHARGE
15,533,4,CHARGE
3,430,4,WAIT
6,84,1,CHARGE
17,461,4,WAIT
8,393,3,CHARGE
15,240,3,CHARGE
11,179,2,CHARGE
16,342,3,CHARGE
10,391,3,CHARGE
16,133,2,CHARGE
19,145,2,WAIT
11,517,4,CHARGE
20,441,4,WAIT
5,302,3,CHARGE
1,552,4,WAIT
4,356,3,CHARGE
0,243,3,CHARGE
2,291,3,CHARGE
7,547,4,WAIT
3,192,2,CHARGE
6,167,2,CHARGE
4,127,2,CHARGE
8,467,4,WAIT
1,302,3,CHARGE
15,225,3,CHARGE
10,95,1,CHARGE
20,526,4,WAIT
13,492,4,CHARGE
11,198,2,CHARGE
10,83,1,CHARGE
12,382,3,CHARGE
6,549,4,WAIT
20,385,3,WAIT
10,178,2,CHARGE
12,248,3,CHARGE
8,223,3,CHARGE
4,85,1,CHARGE
2,398,3,CHARGE
3,294,3,CHARGE
11,329,3,CHARGE
17,373,3,CHARGE
13,336,3,CHARGE
21,72,1,WAIT
3,590,4,WAIT
7,411,4,WAIT
12,493,4,CHARGE
23,81,1,CHARGE
3,408,4,WAIT
11,209,3,CHARGE
23,120,2,CHARGE
10,405,4,CHARGE
15,490,4,CHARGE
18,396,3,WAIT
20,403,4,WAIT
4,447,4,WAIT
20,301,3,WAIT
9,422,4,WAIT
22,592,4,WAIT
0,335,3,CHARGE
21,502,4,WAIT
13,103,2,CHARGE
15,63,1,CHARGE
11,536,4,CHARGE
13,572,4,CHARGE
10,508,4,CHARGE
0,205,3,CHARGE
11,233,3,CHARGE
6,116,2,CHARGE
22,557,4,WAIT
5,493,4,WAIT
1,497,4,WAIT
17,377,3,CHARGE
20,55,1,WAIT
21,501,4,WAIT
2,238,3,CHARGE
11,363,3,CHARGE
17,479,4,WAIT
23,306,3,CHARGE
12,334,3,CHARGE
7,523,4,WAIT
7,335,3,CHARGE
14,294,3,CHARGE
13,311,3,CHARGE
3,483,4,WAIT
13,180,2,CHARGE
4,492,4,WAIT
5,587,4,WAIT
3,469,4,WAIT
2,131,2,CHARGE
17,268,3,CHARGE
7,106,2,CHARGE
17,183,2,CHARGE
14,249,3,CHARGE
19,244,3,WAIT
16,142,2,CHARGE
4,383,3,CHARGE
4,309,3,CHARGE
16,543,4,CHARGE
18,281,3,WAIT
3,221,3,CHARGE
14,113,2,CHARGE
22,182,2,CHARGE
15,221,3,CHARGE
18,429,4,WAIT
19,291,3,WAIT
9,505,4,WAIT
22,592,4,WAIT
22,556,4,WAIT
22,244,3,CHARGE
17,489,4,WAIT
13,469,4,CHARGE
14,160,2,CHARGE
9,100,1,CHARGE
21,275,3,WAIT
5,320,3,CHARGE
8,584,4,WAIT
5,170,2,CHARGE
2,160,2,CHARGE
1,363,3,CHARGE
15,591,4,CHARGE
18,436,4,WAIT
12,97,1,CHARGE
4,296,3,CHARGE
4,397,3,CHARGE
3,91,1,CHARGE
6,63,1,CHARGE
7,274,3,CHARGE
17,201,3,CHARGE
6,127,2,CHARGE
5,149,2,CHARGE
6,180,2,CHARGE
3,183,2,CHARGE
9,98,1,CHARGE
12,119,2,CHARGE
7,347,3,CHARGE
0,538,4,WAIT
6,508,4,WAIT
8,290,3,CHARGE
2,299,3,CHARGE
20,350,3,WAIT
6,492,4,WAIT
19,431,4,WAIT
6,457,4,WAIT
14,260,3,CHARGE
23,231,3,CHARGE
21,132,2,WAIT
6,187,2,CHARGE
10,281,3,CHARGE
0,298,3,CHARGE
8,373,3,CHARGE
18,508,4,WAIT
13,317,3,CHARGE
14,220,3,CHARGE
22,310,3,CHARGE
5,70,1,CHARGE
2,100,1,CHARGE
13,495,4,CHARGE
5,154,2,CHARGE
17,380,3,CHARGE
7,153,2,CHARGE
4,431,4,WAIT
10,524,4,CHARGE
15,587,4,CHARGE
14,456,4,CHARGE
1,77,1,CHARGE
9,285,3,CHARGE
15,282,3,CHARGE
13,385,3,CHARGE
16,479,4,CHARGE
1,246,3,CHARGE
8,166,2,CHARGE
21,511,4,WAIT
10,206,3,CHARGE
5,582,4,WAIT
2,444,4,WAIT
21,550,4,WAIT
9,269,3,CHARGE
5,76,1,CHARGE
4,97,1,CHARGE
6,205,3,CHARGE
22,555,4,WAIT
10,384,3,CHARGE
16,170,2,CHARGE
21,502,4,WAIT
12,286,3,CHARGE
8,172,2,CHARGE
5,379,3,CHARGE
6,198,2,CHARGE
12,510,4,CHARGE
1,116,2,CHARGE
7,191,2,CHARGE
16,524,4,CHARGE
2,313,3,CHARGE
15,569,4,CHARGE
10,59,1,CHARGE
1,279,3,CHARGE
20,558,4,WAIT
22,578,4,WAIT
10,66,1,CHARGE
9,356,3,CHARGE
6,476,4,WAIT
22,191,2,CHARGE
9,116,2,CHARGE
4,526,4,WAIT
13,271,3,CHARGE
4,363,3,CHARGE
17,403,4,WAIT
14,561,4,CHARGE
13,276,3,CHARGE
12,435,4,CHARGE
23,400,3,CHARGE
14,570,4,CHARGE
20,337,3,WAIT
1,253,3,CHARGE
8,554,4,WAIT
8,482,4,WAIT
21,261,3,WAIT
17,369,3,CHARGE
6,93,1,CHARGE
6,405,4,WAIT
2,409,4,WAIT
12,554,4,CHARGE
1,132,2,CHARGE
23,517,4,WAIT
9,524,4,WAIT
1,516,4,WAIT
5,581,4,WAIT
6,301,3,CHARGE
11,594,4,CHARGE
7,345,3,CHARGE
17,445,4,WAIT
10,200,2,CHARGE
4,193,2,CHARGE
22,138,2,CHARGE
16,344,3,CHARGE
18,459,4,WAIT
12,311,3,CHARGE
21,424,4,WAIT
17,452,4,WAIT
21,353,3,WAIT
6,479,4,WAIT
15,243,3,CHARGE
12,466,4,CHARGE
13,163,2,CHARGE
15,381,3,CHARGE
10,106,2,CHARGE
15,586,4,CHARGE
15,75,1,CHARGE
10,294,3,CHARGE
3,395,3,CHARGE
21,442,4,WAIT
13,129,2,CHARGE
3,273,3,CHARGE
2,450,4,WAIT
5,595,4,WAIT
2,209,3,CHARGE
10,455,4,CHARGE
0,271,3,CHARGE
10,552,4,CHARGE
18,463,4,WAIT
16,566,4,CHARGE
4,382,3,CHARGE
16,69,1,CHARGE
9,371,3,CHARGE
2,559,4,WAIT
18,463,4,WAIT
2,533,4,WAIT
6,336,3,CHARGE
1,363,3,CHARGE
19,538,4,WAIT
9,278,3,CHARGE
17,64,1,CHARGE
21,232,3,WAIT
5,362,3,CHARGE
11,485,4,CHARGE
12,369,3,CHARGE
15,228,3,CHARGE
15,59,1,CHARGE
10,232,3,CHARGE
4,281,3,CHARGE
9,539,4,WAIT
5,184,2,CHARGE
1,318,3,CHARGE
12,175,2,CHARGE
19,86,1,WAIT
10,148,2,CHARGE
20,255,3,WAIT
4,61,1,CHARGE
6,397,3,CHARGE
19,74,1,WAIT
4,104,2,CHARGE
13,531,4,CHARGE
1,182,2,CHARGE
17,585,4,WAIT
8,161,2,CHARGE
21,318,3,WAIT
13,461,4,CHARGE
11,178,2,CHARGE
2,306,3,CHARGE
13,497,4,CHARGE
2,265,3,CHARGE
19,509,4,WAIT
9,184,2,CHARGE
17,331,3,CHARGE
2,340,3,CHARGE
5,594,4,WAIT
2,101,2,CHARGE
21,540,4,WAIT
19,354,3,WAIT
0,590,4,WAIT
12,73,1,CHARGE
14,123,2,CHARGE
5,142,2,CHARGE
3,412,4,WAIT
3,409,4,WAIT
21,192,2,WAIT
3,228,3,CHARGE
1,214,3,CHARGE
14,72,1,CHARGE
8,140,2,CHARGE
10,445,4,CHARGE
15,557,4,CHARGE
7,567,4,WAIT
4,525,4,WAIT
2,380,3,CHARGE
12,57,1,CHARGE
17,420,4,WAIT
10,241,3,CHARGE
7,239,3,CHARGE
5,217,3,CHARGE
20,517,4,WAIT
13,348,3,CHARGE
8,272,3,CHARGE
16,329,3,CHARGE
21,107,2,WAIT
8,443,4,WAIT
3,214,3,CHARGE
10,85,1,CHARGE
17,565,4,WAIT
15,475,4,CHARGE
0,98,1,CHARGE
10,309,3,CHARGE
10,179,2,CHARGE
19,548,4,WAIT
21,401,4,WAIT
15,346,3,CHARGE
19,586,4,WAIT
7,233,3,CHARGE
13,278,3,CHARGE
2,154,2,CHARGE
19,367,3,WAIT
1,181,2,CHARGE
18,468,4,WAIT
10,484,4,CHARGE
1,438,4,WAIT
9,542,4,WAIT
23,497,4,WAIT
20,527,4,WAIT
23,592,4,WAIT
9,186,2,CHARGE
2,326,3,CHARGE
12,271,3,CHARGE
5,360,3,CHARGE
14,462,4,CHARGE
5,472,4,WAIT
10,363,3,CHARGE
18,457,4,WAIT
13,204,3,CHARGE
23,433,4,WAIT
13,203,3,CHARGE
21,265,3,WAIT
19,483,4,WAIT
20,366,3,WAIT
17,591,4,WAIT
11,233,3,CHARGE
21,501,4,WAIT
5,277,3,CHARGE
2,429,4,WAIT
21,481,4,WAIT
5,543,4,WAIT
6,225,3,CHARGE
4,513,4,WAIT
6,304,3,CHARGE
8,542,4,WAIT
8,444,4,WAIT
17,98,1,CHARGE
13,173,2,CHARGE
2,455,4,WAIT
10,288,3,CHARGE
7,551,4,WAIT
6,176,2,CHARGE
8,358,3,CHARGE
5,586,4,WAIT
0,215,3,CHARGE
18,312,3,WAIT
0,361,3,CHARGE
13,402,4,CHARGE
15,307,3,CHARGE
1,527,4,WAIT
20,482,4,WAIT
10,338,3,CHARGE
23,279,3,CHARGE
16,359,3,CHARGE
5,272,3,CHARGE
15,107,2,CHARGE
6,330,3,CHARGE
12,339,3,CHARGE
14,150,2,CHARGE
17,360,3,CHARGE
19,246,3,WAIT
3,294,3,CHARGE
22,221,3,CHARGE
17,187,2,CHARGE
16,114,2,CHARGE
5,277,3,CHARGE
22,103,2,CHARGE
19,600,4,WAIT
12,323,3,CHARGE
15,127,2,CHARGE
0,470,4,WAIT
23,245,3,CHARGE
15,339,3,CHARGE
12,73,1,CHARGE
17,140,2,CHARGE
6,544,4,WAIT
23,526,4,WAIT
0,331,3,CHARGE
15,236,3,CHARGE
8,460,4,WAIT
8,370,3,CHARGE
9,369,3,CHARGE
14,455,4,CHARGE
21,260,3,WAIT
15,410,4,CHARGE
13,356,3,CHARGE
5,201,3,CHARGE
21,356,3,WAIT
6,314,3,CHARGE
5,71,1,CHARGE
15,286,3,CHARGE
8,373,3,CHARGE
8,525,4,WAIT
6,219,3,CHARGE
12,299,3,CHARGE
6,412,4,WAIT
11,442,4,CHARGE
1,484,4,WAIT
11,526,4,CHARGE
2,410,4,WAIT
3,548,4,WAIT
